Ngày,MG97,MG95,MG92,NAPHTHA,KERO ,DO 0.001%,DO 0.05%,FO 180,BRT DTD,BRT KH,WTI,USD_Index,GPR
2008-05-01,117.71,115.1,114.37,102.97,137.52,85.29,141.14,559.09,107.345,109.13,112.53,87.1347,90.46369934082031
2008-05-02,117.71,115.1,114.37,102.97,137.52,85.29,141.14,559.09,111.895,113.73,116.33,87.2311,57.530879974365234
2008-05-05,122.72,120.11,119.39,106.65,140.58,85.29,144.12,576.81,116.5,117.59,119.98,87.0636,42.07649612426758
2008-05-06,126.25,123.69,123.02,109.3,143.43,85.29,147.23,589.13,119.625,120.46,121.855,86.847,76.23063659667969
2008-05-07,128.54,126.02,125.4,109.3,144.51,85.29,148.0,593.83,119.525,120.58,123.545,87.3421,89.17181396484375
2008-05-08,129.44,126.92,126.3,109.39,148.79,85.29,151.19,595.44,119.62,121.28,123.71,87.4575,55.67340850830078
2008-05-09,131.71,129.04,128.26,109.6,154.68,85.29,155.91,601.26,123.0,124.91,125.98,87.2528,87.25484466552734
2008-05-12,134.1,131.43,130.65,108.94,159.34,85.29,160.4,605.03,122.42,124.45,124.23,87.0403,113.97291564941406
2008-05-13,132.0,129.33,128.55,108.37,158.04,85.29,159.65,593.5,122.51,124.54,125.805,87.1332,90.20137023925781
2008-05-14,133.33,130.67,129.9,111.21,163.41,85.29,164.78,596.76,121.14,122.91,124.225,87.3659,85.50605010986328
2008-05-15,133.3,130.25,129.11,110.45,162.04,85.29,162.79,608.66,122.85,124.85,124.12,87.1823,60.124393463134766
2008-05-16,133.82,130.59,129.24,112.15,161.74,85.29,162.49,610.49,123.155,124.97,126.31,86.7855,77.32418060302734
2008-05-19,134.615,131.39499999999998,130.05,112.865,162.805,85.29,163.24,613.79,122.01,124.45,127.07,86.8225,47.77742004394531
2008-05-20,135.41,132.2,130.86,113.58,163.87,85.29,163.99,617.09,123.88,126.9,129.09,86.5627,38.369510650634766
2008-05-21,138.76,135.55,134.21,116.27,166.69,85.29,167.95,638.82,127.605,130.5,132.555,86.1595,78.64595794677734
2008-05-22,143.76,140.55,139.21,122.64,172.81,85.29,175.41,664.02,129.14,131.45,130.245,86.3223,82.95722198486328
2008-05-23,140.66,137.45,136.11,121.39,173.04,85.29,174.32,653.49,129.88,131.33,131.54,86.1922,88.37577056884766
2008-05-26,141.31,138.39,137.35,122.55,173.39,85.29,174.03,653.05,129.4275,130.59,130.195,86.19,122.68769073486328
2008-05-27,141.87,138.95,137.91,123.91,173.79,85.29,174.51,652.19,128.975,129.85,128.85,86.4459,83.47822570800781
2008-05-28,136.92,133.95,132.86,118.6,165.59,85.29,166.1,617.37,128.94,129.1,131.03,86.4951,68.60346984863281
2008-05-29,140.49,137.2,135.64,119.49,168.46,85.29,169.32,625.89,129.515,129.65,126.62,86.5616,74.76280975341797
2008-05-30,139.16,135.27,132.8,117.12,159.88,85.29,161.08,613.67,127.7,127.63,127.37,86.5504,79.82090759277344
2008-06-02,140.08,136.64,134.84,119.52,160.06,85.29,161.05,609.56,128.425,128.58,127.76,86.6321,73.61261749267578
2008-06-03,141.75,138.28,136.45,121.19,162.03,85.29,163.91,605.15,125.885,126.72,124.33,86.8359,110.96286010742188
2008-06-04,139.71,136.46,134.41,119.75,158.05,85.29,161.23,591.15,122.035,123.27,122.3,87.0999,76.46739959716797
2008-06-05,137.41,133.37,132.12,116.63,156.55,85.29,159.98,596.38,122.555,123.56,127.81,87.0968,69.19986724853516
2008-06-06,141.68,137.31,135.73,119.05,162.23,85.29,165.37,616.57,133.23,133.98,138.54,86.8028,114.22647094726562
2008-06-09,151.36,146.14,143.71,124.83,172.32,85.29,175.62,647.04,135.38,135.77,134.35,86.9096,69.98382568359375
2008-06-10,144.42,140.28,138.93,121.93,166.43,85.29,170.74,631.09,135.21,136.11,131.33,87.4705,77.03646087646484
2008-06-11,143.57,139.43,138.08,123.27,164.78,85.29,169.77,641.54,134.345,135.66,136.4,87.2059,111.2052230834961
2008-06-12,145.86,141.72,140.37,125.49,168.85,85.29,173.28,654.14,131.955,133.4,136.76,87.6187,69.70636749267578
2008-06-13,147.9,143.29,141.63,126.04,168.17,85.29,172.59,659.74,133.6,135.35,134.86,87.7622,74.93083953857422
2008-06-16,145.15,139.85,138.5,124.71,164.7,85.29,168.77,648.19,134.355,136.9,134.63,87.3911,96.8804931640625
2008-06-17,147.3,140.11,138.51,125.66,164.76,85.29,169.18,648.83,131.335,134.26,134.01,87.2103,92.84474182128906
2008-06-18,146.32,139.3,137.65,125.4,164.48,85.29,169.32,649.73,129.85,132.53,136.68,87.1872,82.58478546142578
2008-06-19,148.91,141.97,140.42,127.98,167.42,85.29,172.12,662.4,131.5,133.48,131.95,87.0815,114.12556457519531
2008-06-20,145.35,137.81,135.91,125.63,161.94,85.29,167.29,655.92,134.255,135.43,134.62,86.9036,130.369384765625
2008-06-23,148.59,141.11,139.27,128.82,164.75,85.29,171.35,663.68,135.055,136.4,136.02,87.2163,72.18670654296875
2008-06-24,148.6,141.31,139.66,129.97,165.44,85.29,172.84,666.78,135.66,136.7,136.38,86.9666,164.25955200195312
2008-06-25,148.13,141.34,140.44,130.08,165.06,85.29,172.41,670.29,131.775,132.83,133.965,87.0535,133.413818359375
2008-06-26,144.98,138.24,137.39,127.75,162.58,85.29,168.59,666.24,136.79,137.86,139.66,86.6793,114.33021545410156
2008-06-27,153.2,145.94,144.75,133.44,170.88,85.29,175.55,696.48,139.095,140.49,140.22,86.643,87.83323669433594
2008-06-30,153.11,146.39,145.56,133.11,171.08,85.29,175.64,701.02,138.86,140.36,140.02,86.7621,73.01483917236328
2008-07-01,151.12,145.32,144.72,131.8,171.28,85.29,174.14,707.26,141.225,143.49,140.99,86.8447,123.60326385498047
2008-07-02,150.01,144.49,143.89,132.54,172.74,85.29,174.65,719.49,142.045,143.85,143.59,86.4782,107.08731079101562
2008-07-03,151.96,147.51,146.96,135.85,181.6,85.29,182.35,742.37,144.22,145.66,145.31,86.8843,83.71109771728516
2008-07-04,151.96,147.79,147.24,135.87,181.0,85.29,182.6,760.37,143.145,145.35,143.34,86.8781,66.84553527832031
2008-07-07,149.56,145.39,144.84,133.5,175.92,85.29,178.58,747.93,139.935,142.64,141.37,86.9617,94.30797576904297
2008-07-08,147.76,143.55,142.95,130.84,173.38,85.29,176.82,743.84,134.34,136.7,136.04,86.9778,102.07713317871094
2008-07-09,144.4,140.14,139.49,128.51,170.48,85.29,173.67,742.05,134.16,137.01,135.65,86.5335,116.9141616821289
2008-07-10,143.07,138.76,138.06,127.29,169.54,85.29,172.03,746.05,135.945,138.78,141.3,86.5122,136.98587036132812
2008-07-11,149.44,145.31,144.79,131.96,175.57,85.29,178.46,769.62,143.505,146.6,144.53,86.221,99.7955322265625
2008-07-14,148.31,144.08,143.46,131.59,174.53,85.29,176.68,773.33,142.24,144.6,145.2,86.1079,137.71348571777344
2008-07-15,148.35,144.12,143.5,132.26,175.34,85.29,176.53,785.7,136.495,138.47,138.59,85.8731,119.99421691894531
2008-07-16,142.01,137.72,137.06,128.15,170.37,85.29,170.98,772.03,133.025,135.1,134.5,85.9285,120.8447494506836
2008-07-17,137.96,133.67,133.01,124.27,167.07,85.29,166.95,756.57,134.265,136.11,129.31,85.9387,87.33132934570312
2008-07-18,134.26,130.04,129.41,122.45,167.33,85.29,166.56,734.5,130.105,131.44,128.9,86.0735,89.79852294921875
2008-07-21,133.83,129.62,128.98,122.06,164.69,85.29,163.96,729.11,129.375,130.41,131.06,86.0151,123.1437759399414
2008-07-22,134.45,130.67,130.21,122.32,165.4,85.29,164.14,733.47,127.145,127.73,127.5,86.1909,84.66626739501953
2008-07-23,128.65,124.87,124.41,116.91,158.13,85.29,157.43,697.36,127.04,127.4,123.675,86.2664,103.83174896240234
2008-07-24,125.85,122.01,121.51,114.71,154.96,85.29,154.0,678.86,125.265,125.47,124.74,86.4017,70.75387573242188
2008-07-25,127.61,123.77,123.27,116.57,156.87,85.29,156.2,690.4,124.565,124.87,122.435,86.3916,68.13312530517578
2008-07-28,126.32,122.43,121.88,115.5,156.43,85.29,155.69,706.43,125.935,126.2,124.73,86.4666,101.40513610839844
2008-07-29,128.29,124.45,123.95,117.63,157.02,85.29,156.08,718.73,122.575,122.85,122.2,86.8175,102.33332824707031
2008-07-30,125.12,121.25,120.71,115.22,153.05,85.29,152.19,707.73,122.5,122.65,126.78,86.8167,87.75013732910156
2008-07-31,128.19,124.32,123.78,117.75,154.76,85.29,153.51,719.07,124.13,124.48,124.09,86.8567,80.9522933959961
2008-08-01,126.17,121.38,120.18,114.08,149.08,85.29,147.61,715.72,124.19,126.34,125.1,86.8257,94.64479064941406
2008-08-04,128.03,123.29,122.14,115.65,149.85,85.29,148.16,726.32,121.205,124.05,121.41,87.0611,75.92133331298828
2008-08-05,123.27,118.02,116.53,109.34,143.74,85.29,141.79,701.73,115.695,119.02,118.82,87.3281,86.97380828857422
2008-08-06,122.75,117.49,116.0,109.41,142.12,85.29,140.07,692.5,113.97,116.82,118.43,87.6004,41.06488800048828
2008-08-07,121.95,116.74,115.3,110.02,140.58,85.29,138.76,685.33,116.535,119.01,119.77,87.8732,49.09932327270508
2008-08-08,121.58,116.43,115.04,108.91,138.24,85.29,136.37,666.52,112.26,115.05,115.0,88.8939,68.13312530517578
2008-08-11,120.14,114.99,113.6,107.6,138.39,85.29,135.98,650.88,110.745,113.58,114.47,89.035,144.520751953125
2008-08-12,117.04,111.9,110.51,104.72,135.0,85.29,132.53,626.2,108.97,111.95,113.03,89.1916,149.08372497558594
2008-08-13,117.83,112.68,111.28,104.4,135.48,85.29,132.14,641.5,110.68,113.11,116.02,89.3211,122.18487548828125
2008-08-14,122.38,116.87,115.12,110.01,137.57,85.29,134.09,676.23,110.74,113.52,115.01,89.3675,95.00672149658203
2008-08-15,117.84,112.33,110.58,106.42,133.29,85.29,129.71,643.77,107.325,110.47,113.62,89.7244,86.3313980102539
2008-08-18,118.17,112.71,111.01,107.02,133.54,85.29,130.53,649.01,108.215,111.19,112.89,89.5966,131.31661987304688
2008-08-19,115.81,110.36,108.65,104.79,132.0,85.29,128.35,643.24,109.145,111.77,114.38,89.6465,86.18671417236328
2008-08-20,118.06,112.57,110.87,106.74,134.11,85.29,129.69,658.7,108.71,111.57,114.98,89.6977,153.7478790283203
2008-08-21,119.49,114.07,112.43,107.1,134.42,85.29,131.18,667.74,117.43,120.0,121.05,88.9128,91.22930908203125
2008-08-22,123.29,117.96,116.46,110.88,138.27,85.29,136.61,685.96,114.385,116.45,114.26,89.2381,107.0601806640625
2008-08-25,118.36,113.03,111.53,106.68,132.5,85.29,131.68,671.25,110.99,113.18,114.695,89.3094,61.95575714111328
2008-08-26,117.97,112.59,111.04,106.52,133.49,85.29,132.46,672.51,112.44,114.7,116.02,89.7007,88.92799377441406
2008-08-27,120.08,114.75,113.25,108.13,135.35,85.29,133.87,684.59,113.035,115.35,118.17,89.6419,106.74594116210938
2008-08-28,123.44,118.11,116.6,109.57,138.29,85.29,135.91,700.9,113.405,115.35,115.61,89.8225,110.72650146484375
2008-08-29,122.54,117.11,115.45,107.88,135.34,85.29,132.93,693.93,113.555,115.79,115.48,90.0567,97.42845916748047
2008-09-01,124.11,118.65,116.96,107.82,135.23,85.29,133.25,693.7,107.78,111.8,112.605,90.08,113.3246841430664
2008-09-02,112.52,107.06,105.37,98.06,123.36,85.29,122.35,644.66,105.355,109.19,109.73,90.8438,81.57286834716797
2008-09-03,113.78,108.57,107.12,98.88,126.41,85.29,125.28,652.3,104.94,108.47,109.37,90.8286,88.8821029663086
2008-09-04,115.81,110.59,109.15,100.77,128.68,85.29,128.03,646.71,103.405,106.88,107.91,91.1621,154.28396606445312
2008-09-05,112.36,107.27,105.95,97.2,123.7,85.29,123.19,626.28,102.025,105.56,106.25,91.341,88.75779724121094
2008-09-08,114.51,109.42,108.1,97.94,124.6,85.29,123.88,616.66,101.635,105.33,106.24,91.663,85.22265625
2008-09-09,113.92,108.21,106.27,96.0,122.33,85.29,121.49,603.07,99.325,102.84,102.46,91.5779,96.64433288574219
2008-09-10,113.76,107.42,105.06,95.0,120.85,85.29,119.58,595.33,96.25,99.5,102.6,92.1283,63.036495208740234
2008-09-11,113.04,106.6,104.19,93.98,120.15,85.29,117.87,582.8,96.28,99.36,100.62,92.4901,105.97794342041016
2008-09-12,116.01,109.57,107.16,96.71,121.17,85.29,119.23,580.71,96.65,99.72,100.83,91.4706,105.55510711669922
2008-09-15,112.49,105.4,102.83,93.12,118.97,85.29,117.03,565.52,90.835,94.13,95.26,91.757,72.88377380371094
2008-09-16,107.05,99.76,97.05,85.94,114.9,85.29,113.77,514.94,86.685,89.48,91.17,92.0594,125.6611557006836
2008-09-17,106.9,99.71,97.11,85.08,115.78,85.29,115.32,509.57,86.945,89.7,97.16,92.0982,127.52607727050781
2008-09-18,106.83,99.64,97.04,83.83,115.6,85.29,116.41,523.73,90.935,93.56,97.88,91.7111,87.09380340576172
2008-09-19,109.89,102.75,100.2,86.31,115.9,85.29,116.94,549.12,93.775,96.47,104.55,91.0014,74.37543487548828
2008-09-22,115.23,108.09,105.54,90.33,120.49,85.29,122.32,587.54,100.67,103.12,114.37,90.1119,61.07770919799805
2008-09-23,118.89,111.56,108.89,91.05,124.1,85.29,125.15,597.83,102.04,103.58,107.93,90.1221,107.91188049316406
2008-09-24,119.39,111.72,108.82,89.44,124.85,85.29,125.08,594.37,102.145,103.86,106.98,90.4602,92.87572479248047
2008-09-25,116.31,108.75,106.01,86.66,123.8,85.29,123.82,586.9,100.435,102.0,110.57,90.4651,104.04499053955078
2008-09-26,116.41,108.85,106.11,86.33,122.3,85.29,122.72,587.67,101.105,102.61,106.91,90.6872,72.13780212402344
2008-09-29,114.39,106.83,104.09,84.89,118.6,85.29,118.74,580.0,95.93,97.52,96.37,91.3961,101.5202407836914
2008-09-30,107.27,99.76,97.07,78.05,111.19,85.29,111.45,552.45,93.705,95.52,100.66,92.3773,82.56649017333984
2008-10-01,107.99,100.54,97.93,78.145,112.035,85.29,111.8,553.0450000000001,92.38,95.63,98.55,92.511,60.11345291137695
2008-10-02,108.71,101.32,98.79,78.24,112.88,85.29,112.15,553.64,90.08,92.74,93.97,93.3792,57.60987091064453
2008-10-03,105.33,97.93,95.4,76.45,108.6,85.29,107.26,531.36,89.46,91.96,93.88,93.5414,86.23381042480469
2008-10-06,100.87,93.53,91.05,74.27,101.56,85.29,100.02,500.1,84.53,87.12,87.83,95.1629,99.93221282958984
2008-10-07,100.06,92.71,90.23,71.04,99.88,85.29,98.11,493.37,82.905,85.0,90.08,95.4889,55.5015754699707
2008-10-08,96.43,89.18,86.7,65.99,95.57,85.29,93.58,463.51,80.415,82.46,88.97,96.9684,70.1956787109375
2008-10-09,98.38,91.18,88.76,65.87,97.76,85.29,95.9,471.47,81.665,83.65,86.59,96.5143,52.33610534667969
2008-10-10,95.85,88.65,86.22,59.93,91.86,85.29,89.52,443.23,74.505,76.72,77.72,97.999,95.0976333618164
2008-10-13,93.74,86.55,84.12,57.71,92.37,85.29,88.91,432.41,74.22,77.03,81.21,97.9686,108.86372375488281
2008-10-14,95.83,88.63,86.2,58.15,96.87,85.29,91.5,444.32,74.9,77.61,78.65,96.2544,69.6649398803711
2008-10-15,91.38,84.24,81.86,49.18,92.13,85.29,88.13,413.83,68.97,71.77,74.56,97.2045,54.94014358520508
2008-10-16,85.7,77.4,73.3,43.79,84.95,85.29,82.18,370.53,64.38,67.06,69.87,98.368,44.44411087036133
2008-10-17,80.92,74.92,71.02,43.89,84.46,85.29,83.46,354.83,66.145,68.09,71.87,97.7255,61.4576530456543
2008-10-20,80.88,75.88,72.33,45.3,84.52,85.29,83.82,362.65,67.525,69.8,74.27,98.1605,78.12659454345703
2008-10-21,77.29,74.29,71.32,45.03,87.64,85.29,85.94,374.4,66.32,68.37,71.23,99.4242,34.327125549316406
2008-10-22,72.72,69.72,66.97,39.55,83.7,85.29,82.87,354.27,63.935,65.55,65.75,101.2131,34.15018081665039
2008-10-23,69.49,66.97,64.69,37.72,83.27,85.29,82.96,341.16,65.71,67.07,66.76,101.1071,54.15641784667969
2008-10-24,68.68,64.17,62.44,36.89,79.93,85.29,80.54,321.74,60.86,62.54,63.17,101.8442,68.1088638305664
2008-10-27,67.495,63.245000000000005,61.905,34.81,78.74000000000001,85.29,79.405,310.75,59.32,61.19,63.22,102.3415,56.336185455322266
2008-10-28,66.31,62.32,61.37,32.73,77.55,85.29,78.27,299.76,58.94,60.75,62.75,102.4236,95.3510971069336
2008-10-29,66.96,63.02,62.12,30.04,77.12,85.29,78.73,299.99,64.27,65.53,67.52,100.0967,104.74522399902344
2008-10-30,71.77,67.46,66.32,33.88,81.64,85.29,83.29,318.28,60.96,61.96,65.96,99.4568,93.39398193359375
2008-10-31,63.68,59.47,58.43,27.94,77.62,85.29,78.73,275.34,60.56,61.79,67.81,99.7662,45.9228401184082
2008-11-03,65.35,62.02,61.35,27.75,83.0,85.29,83.54,278.95,60.505,63.69,63.91,99.4345,68.71046447753906
2008-11-04,59.25,55.92,55.25,23.1,81.97,82.55,80.8,248.83,63.77,67.04,70.53,97.9957,60.16415786743164
2008-11-05,63.25,59.92,59.25,33.64,86.85,86.64,84.84,270.2,61.46,64.6,65.32,98.0953,88.9943618774414
2008-11-06,58.85,56.04,55.6,30.38,81.6,81.22,79.22,255.79,56.01,59.2,60.77,99.5364,96.6165542602539
2008-11-07,57.44,53.75,52.71,27.49,78.83,78.13,76.13,260.73,56.305,59.21,61.04,99.3944,99.34598541259766
2008-11-10,59.19,55.5,54.46,31.6,81.59,81.14,78.94,274.97,56.59,59.54,62.43,99.5897,73.4408187866211
2008-11-11,56.33,52.63,51.6,31.94,79.4,78.33,76.28,263.17,53.845,57.01,59.33,99.6041,63.191551208496094
2008-11-12,54.48,50.78,49.75,31.53,77.41,76.56,74.51,250.34,51.685,54.79,56.16,101.1947,68.15982818603516
2008-11-13,50.91,47.79,46.91,31.97,72.63,72.8,70.75,225.28,50.835,53.84,58.26,101.774,104.76958465576172
2008-11-14,52.71,49.09,48.07,29.62,74.87,76.44,74.99,241.01,51.025,53.67,57.06,100.9705,85.0934829711914
2008-11-17,50.71,46.22,44.95,25.45,74.16,75.62,74.17,231.38,51.45,53.79,54.97,101.1029,69.57552337646484
2008-11-18,49.06,44.52,43.25,23.88,72.78,73.28,71.78,237.71,49.175,51.79,54.39,101.3965,80.87652587890625
2008-11-19,46.66,42.12,40.85,24.97,71.51,71.81,70.21,236.01,48.875,51.32,53.64,101.8804,46.844390869140625
2008-11-20,45.53,41.04,39.84,27.5,70.55,70.85,69.25,226.69,46.5,48.84,48.715,103.2737,58.93144607543945
2008-11-21,43.76,39.36,38.36,25.45,68.93,68.75,67.1,216.25,45.31,47.96,49.1,103.6289,93.92914581298828
2008-11-24,43.51,39.31,38.31,25.53,67.45,67.33,65.63,214.58,49.965,52.52,53.51,101.502,77.12614440917969
2008-11-25,47.35,43.25,42.3,30.81,70.97,70.85,69.15,228.31,48.0,50.52,49.835,100.7997,62.253990173339844
2008-11-26,44.45,40.5,39.65,30.36,69.1,69.73,68.08,224.36,49.875,52.3,54.44,101.2566,73.24270629882812
2008-11-27,47.4,43.5,42.7,35.03,69.9,71.76,70.16,241.52,50.41,52.79,52.72,101.2564,158.61961364746094
2008-11-28,49.94,44.98,43.78,33.78,68.0,71.5,69.85,245.32,48.56,50.64,51.0,101.6468,171.03880310058594
2008-12-01,50.16,45.2,43.99,33.93,65.68,70.09,68.44,237.19,46.455,50.52,49.28,102.1744,205.49427795410156
2008-12-02,44.44,40.03,39.06,29.83,61.21,66.0,64.35,224.6,44.035,48.17,46.98,101.9891,166.49554443359375
2008-12-03,43.62,39.07,37.88,29.24,60.29,65.31,63.66,222.86,43.1,47.39,46.79,102.4251,97.52737426757812
2008-12-04,41.0,36.3,34.77,27.62,59.35,64.92,63.27,219.68,42.25,46.6,43.67,102.0715,97.15193939208984
2008-12-05,39.24,34.6,33.13,26.31,58.23,64.12,62.57,217.83,37.185,41.66,40.83,103.4902,65.75039672851562
2008-12-08,40.275000000000006,35.64,34.17,28.205,58.61,64.09,62.54,221.175,39.965,44.27,43.73,101.7227,89.3094253540039
2008-12-09,41.31,36.68,35.21,30.1,58.99,64.06,62.51,224.52,39.9,44.13,42.07,101.7346,138.02365112304688
2008-12-10,42.46,37.45,35.11,29.32,58.61,63.7,62.15,225.3,39.25,43.46,43.54,101.2913,87.17283630371094
2008-12-11,45.38,39.13,36.26,28.71,57.13,61.58,60.08,229.01,43.78,47.85,47.98,99.5101,69.14277648925781
2008-12-12,47.7,42.85,40.3,33.0,60.01,63.88,62.38,245.08,43.045,46.87,46.3,100.319,119.6205062866211
2008-12-15,49.72,44.87,42.25,33.78,61.27,65.37,63.97,251.36,45.875,49.46,44.51,99.1001,93.431396484375
2008-12-16,48.95,44.34,41.96,31.22,60.37,65.11,63.81,248.44,42.61,46.22,43.62,98.4771,51.49068832397461
2008-12-17,50.83,46.17,43.74,32.02,62.22,66.78,65.58,250.62,42.385,45.96,40.08,96.8227,82.5450210571289
2008-12-18,51.27,46.61,44.18,32.41,61.2,66.06,65.21,245.63,40.5,43.94,36.24,96.8447,70.48016357421875
2008-12-19,51.22,45.71,42.71,32.66,59.88,64.5,62.55,234.01,39.965,43.29,34.18,98.1278,56.807159423828125
2008-12-22,50.99,45.52,42.57,32.62,59.29,63.74,61.44,236.37,38.47,41.7,31.27,98.1643,62.41069412231445
2008-12-23,44.37,40.15,38.03,30.65,56.82,60.59,58.29,220.67,35.505,39.0,33.89,98.2698,66.25135040283203
2008-12-24,43.97,38.96,36.32,30.84,55.8,59.65,57.4,213.35,33.655,37.09,31.86,98.2249,88.45307922363281
2008-12-29,43.59,38.87,36.41,31.73,55.02,58.74,56.49,209.79,36.125,37.75,40.03,97.9359,156.5390167236328
2008-12-30,44.08,39.36,36.9,32.73,54.56,58.25,56.0,207.88,36.7,38.84,39.04,98.3833,179.31277465820312
2008-12-31,43.8,39.19,36.85,31.3,54.38,58.42,56.17,205.85,36.545,38.61,44.61,98.6518,128.32041931152344
2009-01-02,50.47,44.91,41.94,35.5,57.86,62.66,60.41,229.8,40.04,44.66,46.35,98.6008,77.9427719116211
2009-01-05,52.97,47.42,44.44,38.39,60.71,64.63,62.43,237.95,45.95,50.29,48.81,98.9195,112.97979736328125
2009-01-06,55.94,50.33,47.31,41.39,65.62,68.36,66.21,254.0,48.635,52.65,48.6,98.7871,114.09954833984375
2009-01-07,56.44,50.83,47.81,40.5,69.44,72.0,69.85,278.59,46.01,50.25,42.65,98.089,136.8234405517578
2009-01-08,51.68,46.1,43.1,37.0,64.82,67.4,65.15,254.33,42.745,46.9,41.72,98.3223,135.20684814453125
2009-01-09,53.18,47.6,44.6,39.58,63.6,64.7,62.75,256.8,42.42,46.18,40.85,98.8752,105.79058837890625
2009-01-12,52.68,47.15,44.2,41.71,61.13,62.04,60.14,250.26,40.74,44.67,37.61,99.6022,138.92813110351562
2009-01-13,53.04,47.58,44.69,43.88,59.01,61.54,59.54,237.68,43.415,46.86,37.79,100.3597,105.160888671875
2009-01-14,56.52,51.19,48.44,42.65,61.81,64.41,62.66,258.57,42.805,46.06,37.3,100.7546,131.80897521972656
2009-01-15,58.67,53.34,50.59,42.46,59.83,61.89,60.14,255.46,43.27,46.21,35.4,101.4653,93.75191497802734
2009-01-16,61.89,55.66,52.31,44.57,61.91,62.67,60.92,262.39,45.56,48.05,36.51,100.711,137.04872131347656
2009-01-19,60.77,54.59,51.29,43.19,59.52,60.85,59.15,262.47,42.125,43.93,37.585,100.711,96.91022491455078
2009-01-20,59.82,53.69,50.44,42.08,55.84,57.28,55.58,246.07,43.65,45.23,38.66,100.711,54.24510192871094
2009-01-21,61.13,55.05,51.85,44.24,55.53,56.95,55.25,250.45,42.865,44.24,42.52,102.1007,51.27813720703125
2009-01-22,65.35,58.84,55.35,47.79,56.53,58.04,55.94,260.27,42.7,43.8,42.22,101.8432,61.70469665527344
2009-01-23,66.7,57.14,52.7,44.46,55.51,56.87,54.57,264.02,43.14,43.93,45.415,102.1096,65.75039672851562
2009-01-26,66.22,56.74333333333333,52.43333333333334,44.7,55.91,57.08,54.74666666666667,266.12,47.1,48.66,45.74,100.9764,81.19038391113281
2009-01-27,65.74000000000001,56.34666666666667,52.16666666666666,44.94,56.31,57.29,54.92333333333333,268.22,42.08,44.03,41.6,101.1702,74.96112060546875
2009-01-28,65.26,55.95,51.9,45.18,56.71,57.5,55.1,270.32,42.315,44.02,42.16,100.5461,55.55669021606445
2009-01-29,65.29,56.36,52.55,45.85,58.28,59.15,56.45,269.6,43.4,44.92,41.46,101.3398,59.47159194946289
2009-01-30,67.3,58.59,55.0,48.51,59.21,60.18,57.48,273.81,44.44,45.89,41.7,102.1169,78.49686431884766
2009-02-02,67.69,59.59,56.41,50.08,59.03,58.82,56.07,266.83,43.785,46.38,40.1,102.5067,56.763702392578125
2009-02-03,64.73,57.52,54.73,47.7,55.66,56.51,53.21,251.98,43.54,45.77,40.8,101.8506,69.49442291259766
2009-02-04,64.85,57.64,54.85,45.92,54.71,56.51,52.91,253.21,43.745,46.24,40.34,101.9056,71.2745132446289
2009-02-05,65.5,58.34,55.6,48.26,55.34,57.43,53.53,267.49,43.555,45.96,41.17,101.9517,70.80767059326172
2009-02-06,66.5,59.39,56.7,50.24,56.06,58.67,54.77,274.87,44.335,46.52,40.17,101.7455,75.73464965820312
2009-02-09,65.85,58.75,56.05,48.01,54.77,58.12,54.27,267.32,46.835,48.79,39.58,100.9637,76.93705749511719
2009-02-10,66.73,59.62,56.93,45.96,55.53,59.46,55.61,273.07,45.77,47.52,37.57,101.7094,81.24469757080078
2009-02-11,67.75,60.69,58.05,47.95,53.59,58.11,54.21,269.63,44.455,46.16,35.96,102.24,40.68660354614258
2009-02-12,69.42,62.36,59.72,50.04,53.79,57.59,53.64,269.08,43.465,45.29,33.98,102.598,82.81419372558594
2009-02-13,73.75,65.34,62.36,49.04,54.04,57.63,53.78,267.84,43.93,45.19,37.53,102.2958,57.33290481567383
2009-02-16,68.8,63.93,60.08,48.83,53.08,57.09,53.34,260.86,43.145,44.02,36.24,102.2958,80.2188720703125
2009-02-17,65.76,61.15,57.94,48.41,52.64,57.05,53.3,254.61,40.605,41.38,34.95,103.7625,106.03141784667969
2009-02-18,59.19,55.02,52.84,46.61,49.58,54.3,50.3,246.12,39.665,40.01,34.62,104.0385,82.27760314941406
2009-02-19,57.59,54.46,52.34,44.05,48.62,52.37,48.87,249.57,40.455,41.03,39.48,103.7656,68.81632995605469
2009-02-20,57.68,54.68,52.88,43.21,50.28,52.5,49.0,255.34,39.91,40.76,39.33,104.0244,70.98359680175781
2009-02-23,58.23,55.07,53.23,43.02,49.5,52.69,49.24,251.83,41.24,42.07,37.515,103.7416,93.48350524902344
2009-02-24,56.21,53.01,51.16,41.57,48.57,51.48,48.18,239.11,40.33,41.17,39.15,103.9829,88.19403076171875
2009-02-25,55.95,52.78,51.05,43.07,49.69,53.21,49.96,237.17,42.585,43.21,41.82,104.3086,69.70333099365234
2009-02-26,59.15,54.43,52.05,46.85,51.06,54.76,51.46,245.87,45.41,45.96,45.22,104.1813,83.5881576538086
2009-02-27,60.8,55.55,53.44,47.93,51.41,55.7,52.35,249.95,44.64,45.1,44.76,104.9284,52.77755355834961
2009-03-02,58.05,52.94,52.15,46.11,50.2,54.27,50.92,244.5,43.42,44.17,40.17,105.9617,118.02497863769531
2009-03-03,52.26,48.66,47.95,42.58,46.86,50.68,47.44,229.83,43.205,43.93,41.65,106.0249,117.7633056640625
2009-03-04,54.9,51.5,50.2,43.12,47.88,51.76,48.72,231.0,46.9,47.74,45.38,105.4558,113.76494598388672
2009-03-05,55.77,52.87,51.52,44.81,49.38,53.71,50.67,233.19,44.42,45.74,43.62,105.8064,61.2244987487793
2009-03-06,56.3,50.49,49.9,43.29,47.72,52.49,49.45,231.45,43.14,44.66,45.52,105.3937,68.73905181884766
2009-03-09,57.4,51.59,51.0,43.39,49.4,54.07,51.03,241.38,44.26,46.01,47.07,106.0182,104.96094512939453
2009-03-10,55.11,49.69,49.15,43.53,48.29,53.21,50.12,241.84,44.44,46.23,45.71,105.1153,76.61225128173828
2009-03-11,50.95,46.99,46.55,43.38,48.88,53.56,50.47,235.05,42.97,44.68,42.34,104.8499,108.67021179199219
2009-03-12,50.01,47.0,45.44,42.51,47.32,50.89,48.4,229.11,42.61,44.14,47.03,104.89,49.349239349365234
2009-03-13,55.5,52.21,50.01,44.87,50.15,53.43,51.04,239.85,45.19,46.65,46.25,104.1106,56.5398063659668
2009-03-16,53.82,50.65,49.3,43.93,47.63,51.42,49.08,228.7,43.91,45.61,47.35,103.2005,57.32502746582031
2009-03-17,56.37,53.3,52.05,46.44,49.56,53.63,51.39,236.49,45.37,47.1,49.16,103.2305,38.84674072265625
2009-03-18,60.37,56.62,54.92,46.85,52.98,56.36,54.27,247.6,45.41,47.07,48.15,103.0005,52.469390869140625
2009-03-19,60.46,57.36,56.21,47.46,54.17,57.21,55.17,250.45,48.035,49.74,51.61,100.3951,62.501277923583984
2009-03-20,60.01,57.86,57.11,48.14,57.66,60.11,58.27,252.4,49.86,50.97,51.23,101.0581,38.81915283203125
2009-03-23,60.46,58.21,57.46,49.01,59.18,61.54,59.84,255.77,51.875,53.22,53.185,101.103,87.83323669433594
2009-03-24,61.73,59.18,58.23,50.3,61.63,63.96,62.31,257.13,51.32,52.6,53.505,101.0319,92.0157699584961
2009-03-25,62.15,59.6,58.65,51.72,62.34,65.12,63.57,261.28,51.07,52.31,52.21,100.9674,101.25752258300781
2009-03-26,63.66,61.11,60.16,51.06,62.82,65.24,63.64,274.21,51.28,52.42,54.33,101.097,85.75199127197266
2009-03-27,63.0,60.4,59.45,52.32,62.63,65.05,63.45,272.01,50.305,51.51,52.37,101.8388,88.03083801269531
2009-03-30,60.8,57.75,56.51,49.45,59.23,62.4,60.65,260.97,48.46,49.84,48.42,102.749,79.8715591430664
2009-03-31,59.39,56.34,55.1,49.37,57.47,60.69,58.94,260.14,46.52,47.68,49.65,102.3761,83.33502960205078
2009-04-01,60.24,57.19,55.95,49.05,56.85,59.89,58.14,257.53,46.445,48.27,48.38,102.1252,84.93763732910156
2009-04-02,60.5,57.45,56.21,49.13,58.3,61.11,59.61,270.36,50.835,52.95,52.63,100.8733,105.36994171142578
2009-04-03,64.4,60.04,57.93,51.21,60.36,63.08,61.88,284.49,50.695,52.59,52.5,100.6429,86.38591766357422
2009-04-06,67.24,63.14,61.14,52.54,62.13,64.24,63.18,298.3,50.84,52.78,51.04,100.9428,141.4915771484375
2009-04-07,65.78,61.73,59.77,51.9,60.61,63.03,61.97,295.01,50.975,52.61,49.14,100.9808,95.07943725585938
2009-04-08,64.35,60.4,58.5,50.07,58.62,61.21,60.15,281.77,52.035,53.48,49.39,100.8948,81.4262466430664
2009-04-09,67.22,63.07,60.72,50.65,61.54,64.08,63.02,294.64,52.48,53.79,52.23,100.7988,128.880126953125
2009-04-13,68.22,63.9,61.37,51.62,61.0,63.47,62.41,296.66,52.0875,53.47,50.06,100.1369,113.91222381591797
2009-04-14,67.36,63.04,60.51,50.52,59.74,62.64,61.44,294.28,51.695,53.15,49.41,99.9097,175.2455291748047
2009-04-15,68.73,64.3,61.53,50.77,61.33,63.68,62.48,305.15,51.3,52.54,49.26,100.1497,91.17159271240234
2009-04-16,68.3,63.92,61.15,51.12,62.25,64.36,62.96,305.67,51.915,52.99,49.97,100.0517,106.17205047607422
2009-04-17,67.31,63.56,61.2,49.41,61.12,63.8,62.3,300.4,52.32,53.19,50.32,100.5719,75.28562927246094
2009-04-20,67.86,64.11,61.81,49.43,59.62,62.57,61.12,301.42,49.025,50.09,45.87,101.448,84.28925323486328
2009-04-21,65.15,61.4,59.1,48.39,57.03,59.51,58.36,287.65,48.805,49.96,46.785,101.1794,66.3250503540039
2009-04-22,64.65,60.9,58.6,48.66,57.42,59.38,58.13,286.87,48.525,49.64,47.49,101.1142,66.88500213623047
2009-04-23,62.8,59.05,56.75,47.94,57.55,58.85,57.6,287.1,48.765,49.82,48.885,101.0065,64.32170104980469
2009-04-24,61.98,58.13,55.73,47.94,57.17,58.87,57.62,292.52,50.765,51.71,50.81,100.0244,44.0417366027832
2009-04-27,60.01,56.31,54.26,47.44,56.65,58.66,57.36,287.3,49.385,49.91,50.13,100.7258,107.41140747070312
2009-04-28,58.69,54.79,52.54,46.16,56.27,58.22,56.92,281.72,48.98,49.43,49.91,101.3145,88.92799377441406
2009-04-29,59.87,55.97,53.72,45.99,57.43,59.73,58.48,291.6,50.54,50.92,50.98,100.0009,71.70059967041016
2009-04-30,61.24,57.34,55.09,46.43,58.03,60.16,58.96,295.55,50.405,50.81,51.11,100.1042,79.09664916992188
2009-05-01,62.92,58.885000000000005,56.545,48.125,58.88,61.38,60.18,304.48,51.97,53.54,53.19,100.0057,54.94014358520508
2009-05-04,64.6,60.43,58.0,49.82,59.73,62.6,61.4,313.41,52.4275,54.155,54.46,99.134,91.25531005859375
2009-05-05,67.53,63.33,60.9,51.04,60.41,63.48,62.28,318.76,52.885,54.77,53.83,98.8529,119.15711212158203
2009-05-06,67.99,63.79,61.36,50.62,61.17,64.34,63.14,326.0,54.49,56.28,56.33,98.9044,111.65958404541016
2009-05-07,70.05,65.8,63.37,52.87,64.09,67.24,66.04,348.63,55.98,57.91,56.7,98.552,73.39986419677734
2009-05-08,71.24,66.89,64.41,51.48,64.08,67.39,66.24,343.93,56.225,58.02,58.62,98.1269,76.57191467285156
2009-05-11,72.07,66.37,63.72,50.79,63.49,66.67,65.57,339.1,55.82,57.52,58.49,97.747,117.22061920166016
2009-05-12,72.65,66.51,63.68,51.35,64.08,67.24,66.14,342.21,56.72,58.26,58.85,97.8269,92.84101867675781
2009-05-13,72.47,66.34,63.5,52.41,64.26,67.45,66.35,351.07,57.485,58.74,58.03,98.0276,61.81520080566406
2009-05-14,72.62,66.49,63.65,51.34,62.58,65.38,64.18,341.54,56.08,57.3,58.61,98.1271,81.1108627319336
2009-05-15,76.54,70.01,66.94,53.38,64.05,66.69,65.49,345.58,56.475,57.42,56.35,98.1063,49.38865661621094
2009-05-18,75.95,68.43,64.7,51.13,61.62,64.21,63.01,338.73,56.3,57.33,59.04,97.9412,148.12294006347656
2009-05-19,78.5,70.98,67.25,54.08,64.32,66.69,65.49,355.33,57.05,58.12,59.53,97.2827,136.3998565673828
2009-05-20,79.47,71.95,68.22,55.14,64.48,66.64,65.64,355.85,58.96,60.14,61.47,96.5707,88.76119232177734
2009-05-21,78.37,70.9,67.22,54.55,65.49,67.16,66.36,356.72,57.985,59.1,60.48,96.6039,106.15203094482422
2009-05-22,77.8,70.44,66.9,55.25,65.6,67.25,66.45,354.6,58.52,59.85,61.06,95.8788,78.14262390136719
2009-05-25,77.19,69.87,66.39,55.54,64.84,66.31,65.46,351.99,58.9025,60.17,61.755,95.8788,127.21825408935547
2009-05-26,76.95,69.68,66.25,56.26,64.02,66.03,65.18,349.3,59.285,60.49,62.45,95.988,157.94459533691406
2009-05-27,79.73,72.64,69.49,59.46,66.75,68.55,67.7,361.76,61.44,62.05,63.45,95.9622,149.6988983154297
2009-05-28,80.33,73.29,70.19,59.65,66.91,68.88,67.88,363.81,63.545,64.19,65.08,96.1313,125.793701171875
2009-05-29,82.35,75.81,73.45,64.1,69.52,72.32,71.27,381.19,64.915,65.68,66.32,95.268,109.24425506591797
2009-06-01,82.59,76.37,74.15,65.83,72.05,75.49,74.44,395.91,66.79,68.04,68.35,94.8107,85.28290557861328
2009-06-02,81.35,75.4,73.38,64.58,73.37,76.83,75.98,398.05,67.76,69.01,68.75,94.6556,109.89561462402344
2009-06-03,81.24,75.59,73.94,64.28,75.37,78.77,77.72,399.45,66.0,67.28,66.05,95.0751,82.01190185546875
2009-06-04,82.08,76.33,74.48,63.43,73.44,76.07,75.27,394.48,67.755,69.14,68.77,95.2922,75.9921646118164
2009-06-05,85.11,79.14,76.77,63.62,73.91,77.01,76.01,400.77,67.72,68.98,68.52,96.0412,108.33967590332031
2009-06-08,83.18,77.21,74.84,61.1,72.68,74.96,73.76,392.91,67.515,68.77,68.42,96.6548,93.431396484375
2009-06-09,82.99,77.02,74.65,61.87,75.26,78.01,76.31,399.0,68.875,69.79,70.02,95.9537,74.0456314086914
2009-06-10,82.25,76.97,74.9,64.86,78.64,80.29,78.74,407.42,70.415,71.14,71.24,96.1277,58.66005325317383
2009-06-11,83.2,77.92,75.85,65.8,78.8,80.96,79.41,405.67,71.46,72.63,72.7,95.4993,104.0597152709961
2009-06-12,85.21,79.93,77.86,67.86,78.24,80.79,79.24,399.53,69.925,71.41,72.23,95.836,82.27760314941406
2009-06-15,83.85,78.57,76.5,66.97,77.91,79.52,78.07,395.57,68.03,69.25,70.5,96.7519,113.17577362060547
2009-06-16,83.81,78.53,76.46,68.11,77.78,79.27,78.02,394.39,70.335,71.55,70.79,96.2616,117.29483032226562
2009-06-17,82.6,77.98,76.2,67.24,78.09,79.17,77.92,399.17,69.06,70.09,71.04,96.64,67.82196807861328
2009-06-18,82.4,77.99,76.3,67.86,80.21,80.95,79.7,407.79,70.245,71.01,71.42,96.1482,125.39688873291016
2009-06-19,84.75,79.44,77.35,68.77,79.59,80.51,79.26,415.84,70.75,71.44,69.65,96.0325,87.33700561523438
2009-06-22,81.36,76.05,73.96,65.97,77.23,78.14,76.89,401.78,66.225,67.08,66.87,96.8818,72.85077667236328
2009-06-23,78.44,73.13,71.04,63.47,74.49,75.43,74.13,388.6,66.58,67.38,68.78,96.5196,68.85244750976562
2009-06-24,80.53,74.94,72.43,66.55,76.53,77.45,76.2,402.21,68.11,69.05,68.15,96.2369,64.43209075927734
2009-06-25,81.19,75.6,73.09,66.4,76.51,77.27,76.07,402.88,68.34,69.21,69.81,96.7072,75.05303192138672
2009-06-26,83.45,77.86,75.35,67.73,77.7,78.94,77.59,412.36,68.33,69.13,69.39,96.1935,62.11064529418945
2009-06-29,81.71,76.12,73.61,66.65,75.53,77.01,75.66,403.13,69.85,70.62,71.59,96.242,63.609127044677734
2009-06-30,83.3,79.18,77.04,69.95,78.53,80.09,78.74,421.78,68.055,68.95,70.0,96.3761,115.36304473876953
2009-07-01,79.7,76.55,74.65,68.34,76.29,77.58,76.53,419.55,68.775,70.17,69.28,95.6581,78.3032455444336
2009-07-02,78.04,74.94,73.04,66.96,73.87,75.18,74.13,409.1,66.19,67.34,67.0,96.3216,59.012489318847656
2009-07-03,76.29,73.29,71.39,65.56,72.44,73.45,72.4,404.96,65.345,66.47,65.525,96.3216,128.64340209960938
2009-07-06,73.16,70.16,68.26,64.18,70.29,71.38,70.33,388.19,63.1,64.43,64.05,96.6174,113.20809936523438
2009-07-07,73.58,70.63,68.73,63.96,70.49,71.04,70.04,386.5,62.025,63.35,62.71,96.6321,111.88407897949219
2009-07-08,72.52,69.57,67.67,61.16,70.0,69.82,68.82,380.28,59.9,61.28,60.15,97.0204,82.51947784423828
2009-07-09,71.25,68.4,66.5,60.52,69.03,69.05,68.1,379.37,59.135,60.4,60.3,96.6219,92.7091064453125
2009-07-10,70.75,67.49,65.18,59.72,68.41,68.36,67.46,381.83,58.76,59.68,59.81,97.0819,75.67652130126953
2009-07-13,70.01,66.94,64.77,58.43,67.04,67.53,66.73,381.73,58.59,59.46,59.74,96.9995,86.54022979736328
2009-07-14,70.95,67.98,65.9,59.15,67.52,68.05,67.3,389.3,60.28,61.08,59.44,96.6599,79.36795043945312
2009-07-15,71.0,68.03,65.95,58.93,67.63,68.01,67.31,395.87,61.37,62.39,61.75,95.8004,65.9410400390625
2009-07-16,72.95,70.03,67.95,59.87,69.21,69.39,68.74,398.53,62.085,63.24,62.02,95.7241,48.223270416259766
2009-07-17,73.55,70.68,68.6,60.36,70.05,70.13,69.48,396.17,63.68,64.77,63.55,95.6036,102.60165405273438
2009-07-20,76.54,73.67,71.59,62.59,73.78,73.67,73.02,410.17,64.88,65.83,64.11,95.0903,66.4411849975586
2009-07-21,75.99,73.12,71.05,62.86,74.46,74.13,73.48,408.11,66.075,67.16,64.81,95.0564,66.33427429199219
2009-07-22,76.59,73.72,71.65,61.97,73.85,73.43,72.78,404.4,65.31,66.44,64.21,94.8659,76.01303100585938
2009-07-23,77.99,75.17,73.28,63.08,74.06,73.96,73.31,412.21,68.03,68.86,66.02,94.532,92.52982330322266
2009-07-24,80.46,77.67,75.89,65.45,77.04,77.11,76.46,428.5,68.845,69.59,66.49,94.7046,139.66500854492188
2009-07-27,81.11,78.32,76.54,66.54,77.88,78.06,77.51,430.78,70.01,70.45,68.33,94.6659,84.09903717041016
2009-07-28,80.99,78.15,76.34,66.18,78.15,78.63,77.83,424.49,68.77,69.27,67.3,94.5592,112.64398956298828
2009-07-29,78.44,75.6,73.79,63.54,75.55,76.34,75.54,410.56,66.015,66.58,62.86,95.1678,106.9848403930664
2009-07-30,78.17,74.77,72.74,62.04,72.31,73.52,72.77,400.34,68.895,69.66,67.12,94.8967,66.3989028930664
2009-07-31,84.02,80.18,77.96,65.81,75.51,76.69,75.94,420.37,69.875,70.56,69.21,94.2526,62.293861389160156
2009-08-03,87.01,83.23,81.01,69.1,77.86,79.05,78.25,438.0,73.29,74.01,71.34,93.6331,108.12535095214844
2009-08-04,86.86,83.36,81.34,70.17,78.37,79.48,78.68,437.29,73.835,74.28,71.4,93.7281,90.17018127441406
2009-08-05,86.84,83.76,81.92,71.1,79.49,81.16,80.36,442.92,74.665,74.76,71.8,93.7848,91.09561157226562
2009-08-06,87.23,84.15,82.31,72.75,82.06,83.58,82.78,446.6,74.75,75.25,71.9,93.9358,71.8479232788086
2009-08-07,87.73,83.54,81.53,71.12,80.35,82.29,81.54,433.64,74.49,74.94,70.77,94.4692,116.16471099853516
2009-08-10,88.28999999999999,84.035,81.93,71.95500000000001,80.1,82.17,81.445,433.645,73.42,74.12,70.83,94.6087,62.05097961425781
2009-08-11,88.85,84.53,82.33,72.79,79.85,82.05,81.35,433.65,71.74,72.51,69.47,94.8678,70.10725402832031
2009-08-12,87.59,83.28,81.08,70.82,78.02,80.29,79.59,431.47,72.9,73.66,70.25,94.5394,92.35037231445312
2009-08-13,88.15,83.78,81.53,70.08,79.17,81.64,80.94,441.16,73.755,74.43,71.01,94.2392,38.16322326660156
2009-08-14,88.23,83.83,81.54,70.41,79.93,82.09,81.39,441.64,71.315,72.0,67.58,94.475,60.02387619018555
2009-08-17,82.35,78.39,76.4,67.77,75.68,77.83,77.08,417.3,68.865,69.51,66.66,95.1024,103.51773834228516
2009-08-18,82.46,78.76,76.97,68.69,76.49,78.66,77.86,424.87,70.625,71.06,69.1,95.1118,60.940799713134766
2009-08-19,83.45,79.75,77.96,70.4,77.16,79.46,78.66,431.06,73.25,73.38,72.29,94.4084,114.65005493164062
2009-08-20,84.86,81.78,80.14,71.65,79.71,81.89,81.09,443.99,73.93,74.11,72.34,94.3492,89.52886199951172
2009-08-21,85.04,81.15,79.25,70.22,78.6,80.55,79.75,439.51,73.76,74.0,73.39,94.0103,55.026039123535156
2009-08-24,86.89,82.94,80.66,70.19,80.02,81.71,80.91,442.8,74.265,74.54,73.79,93.9345,85.66985321044922
2009-08-25,86.34,82.44,80.24,70.16,79.61,81.28,80.48,440.62,72.85,73.24,71.54,93.9066,80.03519439697266
2009-08-26,85.98,82.08,79.88,69.73,78.71,80.14,79.34,439.58,70.745,71.19,71.34,94.8662,84.01439666748047
2009-08-27,84.37,80.52,78.37,69.41,77.13,79.35,78.5,440.38,70.925,71.14,72.67,94.7943,37.685638427734375
2009-08-28,83.64,81.19,79.64,70.81,78.29,80.75,79.7,449.95,73.15,73.45,73.04,94.4489,75.44893646240234
2009-08-31,82.54,80.07,78.5,69.98,76.95,79.5,78.5,437.95,70.9025,71.56,69.53,94.6202,65.05042266845703
2009-09-01,80.9,78.43,76.86,69.64,77.0,78.99,77.84,436.82,68.655,69.67,68.28,95.2201,54.71840286254883
2009-09-02,79.43,76.96,75.29,67.53,74.87,76.6,75.65,426.98,67.625,68.54,68.15,95.1575,72.62633514404297
2009-09-03,80.56,78.09,76.42,69.56,75.62,77.22,76.27,428.97,66.535,67.64,67.95,94.959,51.18758010864258
2009-09-04,79.63,77.16,75.49,67.39,73.63,76.13,75.43,425.5,65.65,66.85,67.88,94.5811,89.62574768066406
2009-09-07,77.64,75.94,74.47,67.74,72.94,75.48,74.88,424.8,66.315,67.56,69.56,94.5811,94.7952651977539
2009-09-08,77.75,75.99,74.28,66.94,73.66,75.79,75.19,425.1,69.14,70.55,71.24,93.7323,86.37725830078125
2009-09-09,79.85,78.09,76.37,68.63,75.4,77.17,76.62,433.83,69.81,71.06,71.36,93.6915,58.955596923828125
2009-09-10,80.04,78.29,76.57,68.74,76.21,78.13,77.58,434.85,68.835,70.25,72.04,93.6947,92.47447204589844
2009-09-11,78.98,77.34,75.57,68.52,75.45,77.26,76.51,429.51,68.415,69.89,69.26,93.3225,79.11636352539062
2009-09-14,76.59,74.94,73.17,66.83,72.88,74.71,73.96,419.98,66.295,67.85,68.76,93.6196,71.04702758789062
2009-09-15,76.51,74.86,73.09,67.0,73.28,75.02,74.22,425.44,66.14,67.6,70.88,93.4427,91.68357849121094
2009-09-16,78.13,76.58,74.91,67.96,75.03,76.0,75.2,433.67,68.3,69.61,72.48,92.9072,83.44913482666016
2009-09-17,81.64,79.92,77.83,69.92,77.14,78.14,77.04,439.21,70.765,72.01,72.59,92.8287,63.38246536254883
2009-09-18,80.79,79.12,77.08,68.39,77.13,78.04,76.94,432.81,70.205,71.05,71.97,93.1233,173.58433532714844
2009-09-21,79.855,78.21000000000001,76.195,67.74000000000001,76.365,77.44,76.24000000000001,430.58,68.135,68.73,69.47,93.3547,86.94403076171875
2009-09-22,78.92,77.3,75.31,67.09,75.6,76.84,75.54,428.35,69.645,70.12,71.49,92.8664,117.70545196533203
2009-09-23,79.37,77.75,75.76,67.13,77.4,78.25,76.9,433.45,67.33,67.8,68.61,92.979,65.02313995361328
2009-09-24,74.46,72.94,71.05,65.21,74.46,75.12,73.77,420.08,64.895,65.39,65.79,93.4708,98.93354034423828
2009-09-25,70.94,69.42,67.53,62.99,72.39,73.05,71.4,410.77,64.635,65.26,65.73,93.5535,136.7091522216797
2009-09-28,70.07,68.55,66.66,61.7,71.64,72.38,70.78,408.76,65.19,66.1,66.86,93.4669,129.9046173095703
2009-09-29,71.72,70.2,68.31,62.41,72.21,73.49,71.94,412.16,64.32,65.17,66.59,93.7776,129.5198211669922
2009-09-30,71.95,70.43,68.54,61.46,72.28,73.78,72.23,409.01,65.675,66.77,70.21,93.1907,156.0135955810547
2009-10-01,76.52,74.73,72.21,63.2,74.57,76.35,74.8,421.1,67.18,68.89,70.56,93.5995,132.37034606933594
2009-10-02,74.42,72.64,71.14,63.11,74.4,75.78,74.18,416.84,66.545,68.17,69.75,93.6756,106.42787170410156
2009-10-05,72.58,70.99,69.67,63.56,73.78,75.21,73.21,414.78,65.525,67.15,70.47,93.3356,116.66905975341797
2009-10-06,74.59,73.0,71.68,65.5,74.27,75.6,73.55,421.62,68.445,70.03,71.1,92.619,102.16697692871094
2009-10-07,75.35,73.55,71.75,65.68,75.3,76.72,74.72,427.48,67.44,69.06,69.74,92.794,87.75013732910156
2009-10-08,73.16,71.36,69.56,64.01,73.88,75.75,73.7,424.32,68.315,69.81,71.57,92.2074,89.52886199951172
2009-10-09,76.66,73.68,72.06,65.01,75.2,76.93,74.88,430.34,69.185,70.37,72.25,92.2984,71.34761047363281
2009-10-12,77.1,74.03,72.41,65.1,76.85,78.86,76.86,433.56,70.525,71.74,73.13,92.2984,88.92799377441406
2009-10-13,77.26,74.74,73.36,66.26,78.63,80.72,78.77,433.48,70.69,71.96,74.19,91.8273,93.311767578125
2009-10-14,78.28,75.76,74.38,66.86,79.4,82.1,80.2,434.1,72.115,73.33,75.19,91.5047,102.09968566894531
2009-10-15,79.32,77.1,75.39,67.81,80.51,83.08,81.18,435.76,73.405,74.37,77.57,91.4367,58.43559646606445
2009-10-16,83.0,79.56,77.76,70.2,82.42,85.12,83.17,449.93,74.9,75.66,78.68,91.6541,105.3839111328125
2009-10-19,83.5,79.96,78.26,71.23,83.07,85.85,84.0,455.24,76.465,76.86,79.38,91.4406,118.14970397949219
2009-10-20,83.76,80.72,79.24,71.92,83.43,86.04,84.29,458.62,76.175,76.88,78.52,91.801,81.17144012451172
2009-10-21,83.31,80.27,78.79,71.95,83.18,85.62,83.92,456.05,77.465,78.22,80.93,91.3805,94.54090118408203
2009-10-22,85.56,82.47,80.94,74.24,85.06,87.87,86.17,463.53,78.27,79.0,80.78,91.6075,96.91943359375
2009-10-23,87.21,83.78,82.01,74.82,86.0,88.79,87.09,467.2,77.51,78.36,79.73,91.7331,94.92536163330078
2009-10-26,86.59,83.16,81.39,74.65,85.73,88.12,86.42,468.19,76.185,76.98,78.63,92.0998,82.19770812988281
2009-10-27,86.2,82.76,81.0,74.75,84.53,86.79,85.04,465.52,76.935,77.84,79.41,92.5335,89.091064453125
2009-10-28,86.38,83.04,81.28,74.91,84.18,86.56,84.91,463.24,75.085,76.19,77.36,92.8152,115.82404327392578
2009-10-29,83.38,80.05,78.28,73.22,82.93,84.94,83.39,456.27,77.225,78.34,80.06,92.4708,69.81175231933594
2009-10-30,85.59,82.25,80.49,74.39,84.28,86.67,85.37,464.43,74.965,76.06,77.04,92.6207,79.11636352539062
2009-11-02,83.37,80.04,78.27,72.68,82.78,84.91,83.71,453.29,75.87,77.57,77.85,92.4501,66.92056274414062
2009-11-03,83.96,80.63,78.86,73.15,83.43,85.8,84.65,458.42,75.765,77.39,79.24,92.9037,122.68769073486328
2009-11-04,84.87,81.53,79.77,74.55,85.3,87.3,86.15,470.63,78.295,79.76,80.64,92.3725,77.37921905517578
2009-11-05,85.32,81.98,80.22,74.34,85.71,87.1,85.95,472.72,78.085,79.51,79.74,92.3437,66.18517303466797
2009-11-06,85.64,82.3,80.54,74.78,85.96,87.36,86.21,474.32,74.745,76.1,77.44,92.3848,82.23851776123047
2009-11-09,84.1,80.76,79.0,74.17,84.49,85.68,84.53,466.45,77.24,78.58,79.4,91.6861,95.38807678222656
2009-11-10,85.34,82.01,80.23,75.01,85.04,85.66,84.51,467.51,77.095,78.4,79.08,91.6659,93.14065551757812
2009-11-11,86.55,83.05,80.76,75.48,85.89,86.01,85.11,473.24,77.005,78.34,79.31,91.6659,112.0372314453125
2009-11-12,85.83,82.51,80.49,76.4,85.22,85.73,84.83,475.98,75.25,76.59,76.68,91.9461,68.01986694335938
2009-11-13,85.55,81.48,78.96,75.8,83.74,84.18,83.33,466.86,75.09,76.39,76.34,91.5754,90.13789367675781
2009-11-16,86.83,82.01,79.17,76.19,83.87,84.1,83.15,468.78,77.35,78.51,78.77,91.194,84.1821517944336
2009-11-17,87.58,82.98,80.35,76.91,85.16,85.38,84.38,470.72,77.195,78.38,79.1,91.7419,111.31455993652344
2009-11-18,88.26,83.99,81.51,79.31,87.61,87.5,86.5,478.24,78.855,79.98,79.57,91.249,56.92919921875
2009-11-19,86.86,82.89,81.07,78.15,86.82,86.73,85.73,475.9,76.725,77.8,77.61,91.7827,94.14665985107422
2009-11-20,86.25,82.28,80.46,77.14,85.39,85.4,84.35,469.46,75.8,76.85,76.74,91.9906,80.53811645507812
2009-11-23,86.89,82.88,81.0,78.05,85.29,85.4,84.35,471.32,78.255,79.08,76.6,91.4864,101.72103881835938
2009-11-24,85.39,81.38,79.5,76.85,84.74,84.69,83.64,468.93,75.29,76.11,75.04,91.5539,96.83511352539062
2009-11-25,84.52,80.56,78.68,77.68,84.13,84.37,83.32,469.07,76.6,77.25,76.49,90.9669,100.7330551147461
2009-11-26,84.94,80.98,79.1,78.51,83.92,84.45,83.4,475.94,76.54,77.4,76.78999999999999,90.9669,80.381591796875
2009-11-27,85.21000000000001,81.26,79.4,78.735,84.24000000000001,84.78,83.73,476.06,76.105,76.86,77.09,91.5272,75.2001724243164
2009-11-30,85.48,81.54,79.7,78.96,84.56,85.11,84.06,476.18,76.61,77.44,77.39,91.3717,119.0936508178711
2009-12-01,87.4,83.5,81.75,81.24,85.93,86.22,85.17,484.21,78.61,80.24,78.3,90.8323,91.02635192871094
2009-12-02,87.65,84.2,81.58,82.73,86.96,87.07,85.9,482.17,77.035,78.6,76.61,90.8906,133.80459594726562
2009-12-03,87.55,84.1,81.48,80.8,85.5,85.76,84.64,482.11,77.835,79.36,76.28,90.9152,117.07620239257812
2009-12-04,86.65,83.2,80.77,79.57,85.03,84.86,83.69,476.72,77.86,79.42,75.7,91.3806,91.11188507080078
2009-12-07,85.78,82.43,80.11,78.32,84.64,84.75,83.6,476.91,75.815,77.45,73.88,91.5414,101.2398452758789
2009-12-08,84.57,81.44,79.34,78.86,84.02,84.53,83.38,474.57,74.47,76.19,72.78,91.9513,98.88261413574219
2009-12-09,84.25,81.15,78.74,79.67,83.12,83.82,82.72,472.19,73.615,75.33,70.92,92.014,68.26332092285156
2009-12-10,81.75,78.7,75.8,76.4,80.27,80.75,79.6,459.47,70.795,72.45,70.48,92.0073,58.97747039794922
2009-12-11,81.19,78.16,75.01,75.54,79.51,79.61,78.46,455.1,70.23,71.74,69.75,92.2946,75.6594467163086
2009-12-14,81.09,78.06,74.91,73.82,79.11,79.1,77.95,448.45,70.99,72.6,69.6,92.0305,90.81452178955078
2009-12-15,81.09,78.11,74.91,74.81,79.32,78.95,77.6,450.51,71.305,72.87,70.75,92.3635,87.87664794921875
2009-12-16,82.19,79.26,76.11,76.65,80.87,80.38,78.83,460.58,73.32,74.55,72.57,92.1496,104.30451965332031
2009-12-17,82.49,79.73,76.41,76.55,81.64,81.43,79.83,465.14,71.525,72.59,72.63,93.225,54.542823791503906
2009-12-18,82.27,79.51,76.21,76.97,81.75,81.39,79.61,464.35,72.01,73.06,72.95,93.1632,70.63836669921875
2009-12-21,83.22,80.46,77.16,77.87,81.85,81.38,79.55,460.88,72.69,73.71,72.02,93.1632,69.63356018066406
2009-12-22,84.19,81.48,78.23,78.18,81.25,81.13,79.18,456.63,71.54,72.38,73.28,93.2903,46.920223236083984
2009-12-23,84.4,81.87,78.68,77.7,81.54,81.86,79.81,457.87,74.015,74.92,75.17,92.9295,64.23261260986328
2009-12-24,86.26,83.79,80.69,79.2,84.1,84.35,82.3,466.7,74.315,74.83,77.21,92.8694,90.2060775756836
2009-12-28,87.37,84.89,80.95,77.96,84.58,84.48,82.48,468.58,75.53999999999999,75.83,78.65,92.6993,176.13995361328125
2009-12-29,86.99,85.0,82.2,79.35,86.02,85.67,83.67,475.78,76.765,76.83,78.78,92.8838,204.67898559570312
2009-12-30,87.16,85.1,82.1,79.35,87.03,86.5,84.6,484.38,77.37,77.88,79.28,93.0872,169.00856018066406
2009-12-31,88.51,86.55,83.65,80.7,87.32,86.83,84.98,492.75,77.67,77.99,79.34,92.9124,115.29686737060547
2010-01-04,88.82,86.99,84.3,80.69,88.18,87.5,85.55,494.56,78.84,80.2,81.59,92.3566,177.1170654296875
2010-01-05,91.03,88.76,85.89,82.31,90.3,89.88,87.73,500.7,79.34,80.73,81.84,92.2236,122.52561950683594
2010-01-06,90.57,88.36,85.5,82.16,90.38,90.31,88.16,503.76,80.155,81.6,83.2,92.0941,161.5886688232422
2010-01-07,91.3,89.1,86.21,83.45,90.7,91.27,89.32,510.95,80.415,81.83,82.65,92.3684,102.26229095458984
2010-01-08,92.99,90.55,87.05,84.06,89.89,90.98,89.18,508.46,80.2,81.33,82.84,92.1485,110.29637908935547
2010-01-11,93.96,91.95,89.1,85.36,91.14,92.02,90.37,512.42,80.0,81.11,82.27,91.5997,71.1869888305664
2010-01-12,92.59,90.58,87.73,84.09,89.34,90.49,88.89,502.96,79.42,80.41,80.71,91.7005,117.8705062866211
2010-01-13,90.79,88.49,85.21,81.47,86.76,87.94,86.44,489.32,77.185,77.94,79.72,91.7272,121.8910140991211
2010-01-14,92.37,89.64,85.36,82.98,86.67,87.73,86.48,494.6,77.845,78.51,79.38,91.5864,82.36654663085938
2010-01-15,91.17,88.59,84.87,82.48,85.6,86.8,85.55,489.32,76.89,77.69,78.05,91.7668,80.62333679199219
2010-01-18,89.9,87.46,84.31,82.45,85.09,85.78,84.53,481.56,75.96,77.05,78.565,91.7668,71.80421447753906
2010-01-19,90.16,87.75,84.6,81.46,84.66,85.52,84.27,481.2,75.23,76.22,79.08,91.9611,96.37858581542969
2010-01-20,90.61,88.2,85.05,80.58,84.83,85.75,84.45,483.87,75.045,76.01,77.06,92.6766,84.67708587646484
2010-01-21,90.64,88.28,85.18,79.76,84.63,85.52,84.22,484.29,74.255,75.27,75.63,92.6627,91.92457580566406
2010-01-22,87.99,85.63,82.53,79.06,83.28,84.68,83.43,473.26,72.905,73.74,74.0,92.943,50.3940315246582
2010-01-25,87.38,85.02,81.92,77.23,81.19,81.86,81.21,462.26,72.63,73.2,74.93,92.9099,119.7811279296875
2010-01-26,88.46,86.15,83.1,77.24,81.32,81.43,80.78,462.97,72.465,73.15,74.69,93.3298,90.70558166503906
2010-01-27,88.46,86.15,83.1,76.07,81.49,81.59,80.89,462.81,72.61,73.33,73.59,93.2835,65.01604461669922
2010-01-28,89.09,86.83,83.78,75.66,81.22,81.58,80.83,465.31,70.875,71.98,73.88,93.2635,114.45198822021484
2010-01-29,87.88,85.67,82.67,74.72,80.64,81.11,80.36,464.12,71.52,72.32,72.79,93.7638,63.51999282836914
2010-02-01,87.14,85.1,82.35,72.49,79.22,80.34,78.99,457.31,71.545,72.84,74.74,93.7321,143.8407440185547
2010-02-02,89.7,87.6,84.55,73.67,80.24,81.57,80.47,463.39,73.9,74.99,77.36,93.4136,96.0164566040039
2010-02-03,92.12,90.03,86.98,77.76,84.65,85.57,84.77,476.25,75.785,76.72,76.96,93.6268,113.39703369140625
2010-02-04,89.98,88.35,85.6,78.15,82.96,84.54,83.74,465.99,72.425,73.16,72.94,94.1401,129.3971710205078
2010-02-05,85.43,83.99,81.38,74.5,79.06,80.43,79.68,446.03,70.49,71.34,71.87,94.6218,92.10714721679688
2010-02-08,83.35,81.94,79.35,73.39,78.22,79.72,78.97,438.5,69.565,70.41,71.85,94.6218,78.18482208251953
2010-02-09,83.64,82.71,79.74,73.06,78.64,80.38,79.68,444.96,69.91,71.09,73.86,94.6218,67.68016052246094
2010-02-10,85.37,84.33,80.85,73.78,79.41,81.25,80.55,451.34,70.69,71.7,74.5,94.6218,108.09431457519531
2010-02-11,85.49,84.21,80.64,73.58,80.81,82.51,81.61,457.37,72.195,73.27,75.17,94.6218,96.85870361328125
2010-02-12,85.33,84.05,80.48,73.56,81.11,82.66,81.76,459.98,71.065,72.07,74.16,93.9976,77.26105499267578
2010-02-15,86.20666666666666,84.95,81.60000000000001,74.17333333333333,81.94333333333333,83.42333333333333,82.52333333333334,463.9066666666667,71.74,72.68,75.615,93.9976,85.1559829711914
2010-02-16,87.08333333333333,85.85,82.72,74.78666666666668,82.77666666666667,84.18666666666667,83.28666666666666,467.8333333333333,74.555,75.57,77.07,93.482,128.9653778076172
2010-02-17,87.96,86.75,83.84,75.4,83.61,84.95,84.05,471.76,74.75,75.67,77.39,93.7171,75.88551330566406
2010-02-18,87.01,85.83,83.04,74.28,82.53,83.86,82.96,463.39,76.505,77.37,78.95,93.8752,62.95377731323242
2010-02-19,88.82,87.64,84.91,76.07,83.65,84.92,84.02,466.45,76.595,77.84,79.82,93.9569,119.76934051513672
2010-02-22,90.93,89.76,87.03,78.14,86.22,87.41,86.61,477.77,77.14,78.15,79.99,93.7402,61.917152404785156
2010-02-23,90.33,89.21,86.68,79.7,86.33,87.41,86.66,481.11,76.44,77.57,78.72,93.9794,86.1339340209961
2010-02-24,89.58,88.35,85.43,78.7,84.83,85.84,85.34,474.74,77.06,78.22,79.68,93.9775,88.9943618774414
2010-02-25,90.88,89.59,86.45,79.2,85.29,86.53,86.08,474.6,74.085,75.68,77.93,94.3797,60.928157806396484
2010-02-26,88.53,87.43,84.57,78.25,83.34,84.62,84.22,461.62,76.225,77.53,79.67,93.6602,80.64303588867188
2010-03-01,90.38,89.36,86.6,81.56,85.86,87.21,86.71,471.73,76.875,78.3,78.69,93.7979,62.062156677246094
2010-03-02,89.07,88.05,85.28,80.91,84.87,86.2,85.4,466.51,77.335,78.55,79.85,93.488,78.95610809326172
2010-03-03,90.61,89.59,86.81,82.34,85.8,87.18,86.38,475.24,78.71,79.84,80.84,92.9861,63.70322799682617
2010-03-04,92.4,91.3,88.45,81.74,86.16,87.73,86.98,475.54,77.91,79.07,80.38,93.4079,81.27005767822266
2010-03-05,92.85,91.75,88.9,81.57,86.34,88.14,87.39,472.24,79.265,80.44,81.73,93.2623,86.04071807861328
2010-03-08,94.35,93.23,90.3,81.51,87.48,89.22,88.62,480.6,79.145,80.12,81.79,93.2446,126.4942398071289
2010-03-09,93.46,92.35,89.41,79.72,87.39,88.99,88.44,476.97,78.875,80.01,81.33,93.1941,88.63056945800781
2010-03-10,92.41,91.41,88.71,80.56,87.34,88.88,88.43,472.86,80.005,81.24,82.0,93.0426,85.76227569580078
2010-03-11,92.93,91.83,89.33,81.86,88.02,89.75,89.35,472.51,79.29,80.54,82.17,93.0533,93.17601013183594
2010-03-12,93.42,92.32,89.92,82.31,88.7,90.26,89.91,471.93,79.285,80.63,81.23,92.6616,85.50605010986328
2010-03-15,92.79,91.69,89.29,82.08,88.08,89.42,89.12,465.49,77.145,78.24,79.72,92.9642,105.72024536132812
2010-03-16,90.75,89.65,87.25,80.4,85.94,87.17,86.62,460.93,79.68,80.67,81.79,92.595,59.61876678466797
2010-03-17,93.1,92.0,89.6,81.82,89.08,89.81,89.16,475.78,80.49,81.32,82.79,92.4446,76.35995483398438
2010-03-18,92.95,91.85,89.45,81.44,88.64,89.47,88.82,467.81,80.13,81.26,82.11,92.7451,85.35852813720703
2010-03-19,93.2,92.15,89.85,81.17,88.71,89.89,89.29,466.34,77.89,79.53,80.55,93.0407,81.09864044189453
2010-03-22,91.41,90.36,88.06,79.12,87.01,88.33,87.83,462.15,78.285,79.77,81.45,93.1333,59.7628173828125
2010-03-23,91.74,90.74,88.49,80.06,87.43,88.7,88.15,470.54,79.35,80.93,81.57,93.006,81.17144012451172
2010-03-24,90.64,89.79,87.89,79.4,87.46,88.91,88.16,468.02,78.125,79.61,80.16,93.6468,62.22502899169922
2010-03-25,90.01,89.11,87.41,78.62,87.12,88.61,87.97,471.16,79.025,80.32,80.22,93.5885,53.73440170288086
2010-03-26,90.29,89.39,87.69,79.63,88.03,89.28,88.64,470.5,77.64,79.11,80.06,93.6873,59.15299606323242
2010-03-29,90.02,89.12,87.42,79.96,88.02,89.09,88.44,467.87,80.13,81.6,82.37,93.2959,60.892791748046875
2010-03-30,92.2,91.15,89.25,80.96,89.14,90.35,89.7,470.41,79.645,80.97,82.54,93.2627,137.87635803222656
2010-03-31,92.59,91.54,89.64,80.62,89.59,90.96,90.36,469.84,80.295,81.74,83.51,92.8987,66.39112091064453
2010-04-01,94.65,93.33,91.25,80.93,90.74,92.0,91.4,472.93,82.725,84.11,85.06,92.6661,91.47129821777344
2010-04-05,96.24,94.96,92.94,81.48,93.41,95.06,94.51,481.45,84.285,85.525,86.73,92.6644,91.55338287353516
2010-04-06,96.91,95.21,92.75,82.15,95.38,96.62,96.17,485.51,85.845,86.94,86.89,92.7373,112.21997833251953
2010-04-07,96.82,95.12,92.66,81.55,95.57,96.87,96.36,480.6,84.905,86.23,85.57,92.7452,138.17127990722656
2010-04-08,94.94,93.55,91.15,81.01,94.5,95.86,95.35,480.49,83.475,85.08,85.67,92.7211,139.44073486328125
2010-04-09,96.39,95.05,92.65,82.54,95.6,96.76,96.25,491.38,83.475,85.23,84.92,92.4772,164.31387329101562
2010-04-12,95.8,94.46,92.06,82.96,95.68,96.53,96.02,490.55,84.61,86.29,84.39,92.243,121.04388427734375
2010-04-13,94.89,93.55,91.15,82.3,94.31,95.46,94.95,487.75,83.325,84.86,84.03,92.2689,132.78982543945312
2010-04-14,95.59,94.25,91.85,82.21,94.95,96.27,95.66,490.98,85.65,86.88,85.98,91.9297,97.32975006103516
2010-04-15,96.02,94.83,92.8,83.91,95.64,96.88,96.33,495.47,86.02,87.12,85.48,92.2029,115.77906036376953
2010-04-16,94.68,93.65,92.0,83.91,95.89,97.01,96.54,495.68,84.96,85.98,83.12,92.5253,67.53778839111328
2010-04-19,92.36,91.12,89.16,81.69,92.66,94.11,93.66,481.18,83.19,84.08,81.59,92.8577,110.55541229248047
2010-04-20,93.61,92.33,90.28,83.38,93.5,94.96,94.56,487.91,84.735,85.46,83.04,92.4338,123.79924011230469
2010-04-21,95.56,94.28,92.23,84.5,93.95,95.37,94.97,496.16,84.47,85.22,82.94,92.4482,59.80563735961914
2010-04-22,94.94,93.66,91.56,83.78,94.96,96.27,95.87,498.98,84.635,85.43,82.93,92.7277,58.78251647949219
2010-04-23,95.0,93.75,91.7,83.3,94.64,96.05,95.65,498.8,86.485,87.08,84.36,92.6622,84.60388946533203
2010-04-26,96.92,95.67,93.62,85.02,96.28,97.79,97.19,505.51,86.785,87.17,83.92,92.5187,72.09941864013672
2010-04-27,95.85,94.59,92.54,85.51,95.56,97.19,96.34,504.37,85.92,86.34,82.12,93.0956,69.49442291259766
2010-04-28,94.35,93.1,91.05,83.71,94.58,96.37,95.32,495.54,84.535,85.34,83.2,93.4856,43.92354965209961
2010-04-29,95.1,93.8,91.7,84.43,95.9,97.63,96.58,503.52,86.39,87.8,85.17,92.9013,62.75053405761719
2010-04-30,96.34,95.04,92.94,85.45,97.43,99.29,98.04,507.63,85.585,87.0,86.14,92.8423,42.7428092956543
2010-05-03,97.12,95.87,93.88,86.21,97.72,99.66,98.41,506.49,85.21,87.08500000000001,86.16,93.235,147.40721130371094
2010-05-04,97.73,96.57,94.8,87.14,99.27,101.24,99.99,508.15,84.835,87.17,82.75,93.8137,129.4566650390625
2010-05-05,93.56,92.4,90.7,84.67,95.28,97.27,96.02,489.98,82.125,84.35,79.77,94.3968,84.3966293334961
2010-05-06,90.31,89.15,87.45,82.99,93.0,94.87,93.69,480.49,79.995,82.27,76.09,95.3032,69.1490249633789
2010-05-07,88.12,86.79,84.7,81.2,90.39,92.59,91.49,473.78,76.705,79.12,75.11,95.2952,76.70611572265625
2010-05-10,89.48,88.15,86.08,82.43,91.94,93.89,92.84,484.46,78.245,80.72,77.09,94.3096,76.66112518310547
2010-05-11,87.06,85.86,84.09,80.03,90.06,91.83,90.85,478.92,79.215,81.6,76.06,94.4305,91.06715393066406
2010-05-12,88.71,87.51,85.74,80.2,92.14,93.95,93.05,487.97,78.795,81.26,75.44,94.5515,46.60899353027344
2010-05-13,89.97,88.62,86.62,81.06,92.34,93.9,93.1,486.72,79.415,81.93,74.17,94.5071,53.53644943237305
2010-05-14,88.85,87.45,85.4,80.78,90.37,91.94,91.14,473.75,76.26,78.85,71.65,95.3746,100.9544448852539
2010-05-17,85.45,84.02,81.9,77.54,86.85,88.4,87.58,459.55,73.455,75.84,70.32,95.9795,125.4760513305664
2010-05-18,84.87,83.45,81.33,77.19,86.22,87.76,86.96,459.13,73.95,76.08,69.36,95.6212,135.3522186279297
2010-05-19,82.59,81.17,79.05,74.42,83.51,84.91,84.13,441.67,71.655,73.33,70.62,96.5083,157.28277587890625
2010-05-20,82.63,81.2,79.08,73.57,83.03,84.64,83.79,439.57,69.465,71.23,68.47,96.9483,114.79195404052734
2010-05-21,80.61,78.51,76.11,69.73,80.46,81.97,81.14,420.79,70.51,72.1,67.64,96.2911,132.2446746826172
2010-05-24,81.1,79.0,76.6,70.45,80.94,82.38,81.45,422.98,69.425,71.09,66.11,96.6433,95.59480285644531
2010-05-25,79.03,76.98,74.63,67.48,79.43,80.61,79.71,412.73,67.58,69.17,65.58,97.5487,99.93221282958984
2010-05-26,80.25,78.2,75.85,68.27,80.94,81.69,80.79,414.87,70.015,71.33,71.41,97.1879,110.53778076171875
2010-05-27,81.23,79.16,76.76,69.77,82.77,83.51,82.51,418.66,73.155,74.34,74.48,96.3611,81.87602996826172
2010-05-28,82.78,80.735,78.36,71.57499999999999,84.265,85.08500000000001,84.06,426.3200000000001,73.29,74.32,74.14,96.3062,90.22557830810547
2010-05-31,84.33,82.31,79.96,73.38,85.76,86.66,85.61,433.98,73.2025,74.675,73.41499999999999,96.3062,100.23619842529297
2010-06-01,81.84,80.06,78.28,71.94,83.9,84.69,83.64,425.11,73.115,75.03,72.69,96.6123,165.62838745117188
2010-06-02,81.61,79.64,77.39,71.25,83.54,84.23,83.28,426.69,73.385,75.1,73.56,96.615,181.89389038085938
2010-06-03,84.5,82.55,80.66,74.04,86.34,86.98,86.03,441.1,73.755,75.39,74.49,96.461,131.32081604003906
2010-06-04,85.63,83.68,81.63,73.7,86.59,87.41,86.41,446.46,71.85,73.53,71.22,97.1688,97.81204223632812
2010-06-07,81.12,79.14,77.19,69.84,82.48,83.18,82.38,425.89,70.875,72.49,71.46,97.503,150.21189880371094
2010-06-08,82.4,80.43,78.86,69.84,83.9,84.48,83.68,434.53,71.145,72.63,71.89,97.3425,117.35954284667969
2010-06-09,82.24,80.26,78.76,70.57,83.41,84.28,83.48,431.98,73.74,75.15,73.97,96.8938,73.68704986572266
2010-06-10,83.91,81.94,80.41,71.45,84.8,85.73,84.93,434.5,74.2,75.74,75.41,96.4877,147.0831298828125
2010-06-11,85.28,83.31,81.39,72.71,85.4,86.48,85.38,440.15,73.135,74.78,73.93,96.5616,100.93696594238281
2010-06-14,85.56,83.69,82.02,72.85,86.04,87.42,86.22,444.29,75.22,76.39,75.08,95.8082,90.917724609375
2010-06-15,85.53,83.66,81.86,72.13,85.6,87.2,85.8,438.59,75.14,76.38,76.79,95.7049,103.29512023925781
2010-06-16,86.24,84.51,82.93,72.85,86.98,88.59,87.14,444.38,75.76,76.98,77.67,95.5668,88.8821029663086
2010-06-17,87.95,86.22,84.62,75.22,89.3,90.96,89.51,451.47,77.62,78.85,76.44,95.4973,89.18451690673828
2010-06-18,88.03,86.3,84.7,74.84,89.94,91.47,90.17,448.31,77.22,78.29,77.33,95.2981,119.01441192626953
2010-06-21,89.34,87.61,86.01,75.1,91.15,92.52,91.27,453.33,78.57,79.52,77.52,94.8505,89.52886199951172
2010-06-22,87.14,85.42,83.82,73.22,90.14,91.73,90.48,451.5,78.045,79.06,77.08,95.1165,131.22592163085938
2010-06-23,87.18,85.5,83.95,72.71,89.56,91.22,90.02,454.2,75.895,76.35,75.59,95.4853,82.58478546142578
2010-06-24,84.49,82.81,81.26,71.56,87.54,89.11,87.96,443.52,75.275,75.97,76.04,95.6194,89.27035522460938
2010-06-25,85.29,83.61,82.06,71.92,87.12,88.43,87.48,441.31,76.275,77.12,78.63,95.4582,59.793643951416016
2010-06-28,87.28,85.61,84.06,73.67,88.67,89.91,89.01,449.49,76.865,77.62,78.18,95.2696,77.70220184326172
2010-06-29,84.94,83.14,81.31,70.91,87.24,88.42,87.52,440.95,74.655,75.18,75.78,96.0199,113.39703369140625
2010-06-30,84.59,82.69,80.61,70.82,86.37,87.48,86.63,437.93,74.965,75.26,75.68,95.9934,96.41568756103516
2010-07-01,83.9,81.63,79.2,68.74,84.08,85.27,84.57,430.83,72.075,72.24,72.54,95.8018,94.26005554199219
2010-07-02,82.93,80.51,78.03,67.5,82.38,83.53,82.86,427.08,72.2,72.09,71.68,95.6345,64.02725219726562
2010-07-05,82.29,79.97,77.67,67.21,81.82,83.22,82.44,428.08,71.24,71.33,71.855,95.6345,39.26006317138672
2010-07-06,81.87,79.56,77.25,67.55,81.97,83.46,82.76,429.09,72.93,73.21,72.03,95.1069,111.21331024169922
2010-07-07,81.77,79.45,77.15,66.38,81.41,82.97,82.22,425.4,72.98,73.28,74.24,95.1795,93.78730773925781
2010-07-08,84.26,81.95,79.65,68.24,84.3,85.98,85.13,440.49,74.36,74.88,75.74,94.7734,140.0662841796875
2010-07-09,85.04,82.54,80.1,68.35,85.58,86.9,86.1,446.75,75.365,75.68,76.26,94.683,66.58427429199219
2010-07-12,85.5,83.05,80.66,67.42,85.46,86.72,85.82,443.97,74.23,74.32,74.87,94.9598,28.984968185424805
2010-07-13,84.09,81.76,79.66,66.72,84.11,85.6,84.7,441.43,76.555,76.63,77.29,94.3856,140.02398681640625
2010-07-14,85.79,83.59,81.69,68.55,86.62,87.93,87.03,457.79,76.995,76.67,76.85,94.3247,158.44317626953125
2010-07-15,85.19,82.99,81.09,68.01,85.99,87.38,86.43,455.28,75.855,75.3,76.53,94.1988,123.99986267089844
2010-07-16,84.44,82.41,80.61,67.34,85.67,87.17,86.12,453.1,75.65,75.21,75.88,94.5061,45.871360778808594
2010-07-19,84.35,82.31,80.51,66.41,85.44,86.77,85.72,450.19,76.51,76.23,76.64,94.602,71.64586639404297
2010-07-20,84.37,82.66,80.93,67.33,86.32,87.6,86.55,450.64,76.43,76.17,77.31,94.542,88.59192657470703
2010-07-21,84.6,83.05,81.13,69.09,86.84,88.26,87.21,453.85,75.85,75.64,76.23,94.4496,99.6260986328125
2010-07-22,83.92,82.37,80.45,69.15,85.32,86.74,85.84,448.81,77.675,77.48,79.0,94.1135,65.88532257080078
2010-07-23,87.17,85.62,83.7,70.86,88.35,89.79,88.84,459.33,77.31,77.04,78.82,94.1431,73.75513458251953
2010-07-26,86.1,84.6,82.79,70.83,87.5,89.06,88.11,455.42,78.245,77.63,78.96,93.7556,132.6739044189453
2010-07-27,85.93,84.43,82.62,70.54,87.86,89.62,88.67,457.08,76.865,76.01,77.61,93.7583,99.45352935791016
2010-07-28,84.04,82.49,80.57,69.93,86.02,87.54,86.59,450.82,76.96,75.85,76.87,93.7506,103.40233612060547
2010-07-29,84.23,82.77,81.07,71.13,86.66,87.86,86.96,452.78,79.07,77.42,78.52,93.6004,65.02313995361328
2010-07-30,85.04,83.49,81.66,71.15,87.27,88.46,87.61,455.84,78.675,77.3,78.9,93.2793,74.9758071899414
2010-08-02,86.64,85.1,83.26,72.0,89.2,90.49,89.64,466.05,82.445,81.23,81.55,92.7916,117.83837127685547
2010-08-03,88.41,86.88,85.06,73.2,91.11,92.39,91.59,473.01,83.84,82.63,82.58,92.6258,112.56298065185547
2010-08-04,88.76,87.16,85.26,74.33,92.42,93.78,92.98,476.58,83.68,82.91,82.46,92.731,99.5685043334961
2010-08-05,88.26,86.8,85.17,75.58,92.79,93.7,93.2,477.37,82.36,82.13,82.18,92.6401,85.46356201171875
2010-08-06,88.24,86.78,85.15,75.36,92.3,93.18,92.71,476.03,81.38,81.32,80.85,92.5915,64.68528747558594
2010-08-09,87.365,85.87,84.17,75.515,91.215,92.18,91.635,472.275,81.335,81.49,81.5,92.6726,48.00822830200195
2010-08-10,86.49,84.96,83.19,75.67,90.13,91.18,90.56,468.52,79.6,80.11,80.13,93.2197,77.12614440917969
2010-08-11,86.76,85.24,83.46,75.29,89.04,90.36,89.66,467.08,77.515,77.98,77.9,93.7778,69.17195129394531
2010-08-12,84.0,82.81,81.16,72.82,87.25,88.51,87.88,455.25,76.565,76.87,75.87,93.8905,83.66990661621094
2010-08-13,83.77,82.2,80.3,72.24,85.7,87.21,86.51,449.19,75.04,75.37,75.46,94.0457,54.12692642211914
2010-08-16,82.77,81.15,79.25,72.35,85.21,86.59,85.89,446.34,74.64,75.35,75.18,93.7902,66.96566009521484
2010-08-17,83.07,81.45,79.55,72.72,85.32,86.68,85.88,448.49,76.71,77.29,75.71,93.4239,83.65069580078125
2010-08-18,83.23,81.53,79.63,73.99,85.89,87.08,86.28,449.82,75.245,75.83,75.33,93.3719,108.86372375488281
2010-08-19,84.52,82.04,80.32,74.88,86.52,87.58,86.78,451.76,74.84,75.37,74.47,93.7141,96.27484130859375
2010-08-20,83.59,80.8,79.06,73.0,85.5,86.68,85.81,446.01,73.53,74.0,73.5,94.2087,57.42262649536133
2010-08-23,82.59,79.99,78.34,71.85,84.19,85.57,84.7,440.97,72.69,73.6,72.74,94.3295,76.51311492919922
2010-08-24,80.77,78.47,77.02,71.7,83.12,84.56,83.69,436.45,71.28,72.4,71.21,94.4362,105.28943634033203
2010-08-25,80.07,78.23,76.97,71.42,83.41,84.91,84.01,436.1,71.94,72.58,72.06,94.7372,97.31837463378906
2010-08-26,80.99,79.15,77.89,71.95,84.44,85.87,84.97,440.56,74.49,75.04,73.36,94.3523,83.9590835571289
2010-08-27,81.41,79.61,78.14,72.66,84.99,86.31,85.31,443.77,75.345,75.82,75.22,94.3462,95.1482162475586
2010-08-30,83.7,81.86,80.21,73.52,86.3,87.52,86.47,447.72,75.49000000000001,75.83,74.55,94.5922,97.03926849365234
2010-08-31,82.45,80.61,78.96,72.88,85.42,86.58,85.43,442.34,75.635,75.84,71.72,94.7204,123.15957641601562
2010-09-01,81.62,79.78,78.08,72.59,84.9,86.12,84.97,438.09,75.68,76.35,73.91,94.1148,94.7530746459961
2010-09-02,83.7,81.4,79.4,73.72,86.56,87.55,86.4,442.1,75.0,75.66,74.99,94.0852,60.68281555175781
2010-09-03,85.02,82.36,80.11,74.16,87.32,87.98,86.83,444.03,75.06,75.69,74.34,93.6952,81.19038391113281
2010-09-06,84.68,81.99,79.74,74.13,86.98,87.9,86.65,447.7,76.23,76.85,74.07,93.6952,52.41404724121094
2010-09-07,84.03,81.31,79.04,73.18,86.43,87.2,85.95,442.86,75.775,76.44,73.8,94.042,113.9554672241211
2010-09-08,84.16,82.32,80.18,74.07,87.28,87.93,86.63,445.09,77.415,78.05,74.66,93.7785,87.17283630371094
2010-09-09,84.54,82.73,80.59,74.49,88.0,88.45,87.1,447.48,77.82,78.44,74.25,93.7033,45.96228790283203
2010-09-10,84.64,82.975,80.975,74.79499999999999,88.02000000000001,88.685,87.31,445.63,77.52,78.07,76.44,93.6768,86.666015625
2010-09-13,84.74,83.22,81.36,75.1,88.04,88.92,87.52,443.78,78.475,78.94,77.27,93.0767,71.60271453857422
2010-09-14,84.89,83.36,81.51,75.42,88.58,89.63,88.23,446.31,79.075,79.28,76.73,92.6182,80.19900512695312
2010-09-15,84.39,82.86,81.01,74.22,88.44,89.62,88.17,448.76,78.67,78.85,75.6,92.9313,63.128170013427734
2010-09-16,84.63,83.1,81.25,73.69,88.55,89.81,88.33,450.22,78.995,79.08,74.37,92.9108,61.403690338134766
2010-09-17,84.54,83.01,81.16,74.03,88.37,89.88,88.35,451.47,77.335,77.48,73.52,92.9418,89.34310913085938
2010-09-20,83.71,82.26,80.46,73.96,87.83,89.59,87.96,446.73,79.48,79.55,74.75,92.7496,70.04185485839844
2010-09-21,84.8,83.35,81.55,75.31,88.86,90.74,89.05,450.17,78.475,78.75,73.03,92.6684,100.86990356445312
2010-09-22,83.7,82.25,80.45,74.37,88.0,89.79,88.1,446.8,77.29,77.63,72.7,92.0647,67.37425231933594
2010-09-23,82.93,81.44,79.46,73.86,87.45,89.05,87.4,444.95,77.56,77.93,73.16,92.0233,80.06205749511719
2010-09-24,83.76,82.23,80.21,74.03,88.07,89.62,87.97,446.84,78.685,78.91,75.01,91.5996,91.22930908203125
2010-09-27,84.81,83.28,81.26,75.22,88.31,90.24,88.54,448.45,77.78,77.95,76.28,91.4803,95.32569122314453
2010-09-28,84.06,82.53,80.51,75.11,87.32,89.16,87.44,443.78,79.16,79.39,76.11,91.3493,89.32766723632812
2010-09-29,85.21,83.68,81.66,76.94,88.4,90.15,88.45,448.68,79.03,79.45,77.76,91.1632,82.90054321289062
2010-09-30,86.68,85.15,83.13,77.33,90.33,92.17,90.37,455.29,80.96,81.44,79.95,91.3415,69.40618133544922
2010-10-01,88.56,87.32,85.49,79.08,92.8,95.04,92.64,468.45,82.83,83.43,81.56,90.836,80.87020111083984
2010-10-04,89.26,87.94,86.11,80.37,93.42,95.28,93.03,473.66,83.69,84.21,81.56,91.0015,75.46617126464844
2010-10-05,89.61,88.29,86.46,80.54,93.66,95.47,93.27,473.6,83.62,84.13,82.8,90.5622,111.25634002685547
2010-10-06,90.79,89.47,87.64,81.65,95.17,96.87,94.67,481.3,85.185,85.76,83.26,90.1411,98.46273040771484
2010-10-07,92.11,90.79,88.96,82.68,95.8,97.45,95.4,485.84,83.665,84.44,81.46,90.286,104.35934448242188
2010-10-08,90.09,88.76,86.94,80.64,93.19,94.96,92.91,472.23,83.935,84.68,82.74,90.1133,67.21151733398438
2010-10-11,92.86,91.14,89.06,83.64,95.09,96.35,94.4,478.16,83.43,84.34,82.2,90.1133,70.21652221679688
2010-10-12,92.01,90.33,88.26,82.9,94.19,95.45,93.4,472.47,82.825,83.8,81.66,90.2203,64.5305404663086
2010-10-13,92.58,91.01,88.98,83.87,95.34,96.64,94.59,477.93,84.085,85.13,83.02,89.7779,52.52485656738281
2010-10-14,93.67,92.1,90.07,84.7,96.59,97.58,95.58,477.79,83.56,84.74,82.52,89.5228,77.56256103515625
2010-10-15,92.74,91.34,89.12,84.45,95.85,96.9,94.85,474.21,81.94,83.31,81.3,89.6815,71.87647247314453
2010-10-18,90.32,88.92,86.7,82.49,93.03,94.07,92.07,464.76,82.235,83.66,83.13,89.8484,30.70746421813965
2010-10-19,92.48,91.08,88.82,84.46,95.21,96.05,93.98,475.79,81.11,82.38,79.54,90.5499,83.68592071533203
2010-10-20,90.13,88.57,86.16,82.71,93.28,94.39,92.31,469.75,81.53,82.89,81.81,90.1446,69.56391906738281
2010-10-21,90.92,89.48,87.17,84.72,94.48,95.7,93.62,477.61,81.24,82.7,80.1,90.138,43.10032272338867
2010-10-22,89.68,88.57,86.52,83.08,93.23,94.37,92.42,471.47,80.715,82.16,81.27,90.4063,65.01024627685547
2010-10-25,92.06,90.94,88.89,84.84,95.59,96.59,94.64,483.19,82.375,83.4,81.87,89.9328,50.78228759765625
2010-10-26,90.49,89.38,87.33,83.56,93.92,95.36,93.41,479.76,82.665,83.52,82.54,90.2818,44.563690185546875
2010-10-27,89.96,88.84,86.79,83.17,93.35,95.06,93.06,478.4,81.26,82.09,81.91,90.8038,85.60568237304688
2010-10-28,91.09,89.97,87.92,84.34,93.7,95.37,93.37,480.81,83.06,83.73,82.11,90.2407,55.86671829223633
2010-10-29,90.69,89.57,87.52,84.38,93.33,94.76,92.76,478.68,82.675,83.16,81.38,90.0935,78.20037078857422
2010-11-01,90.82,89.51,87.33,85.66,93.75,94.98,92.93,478.5,84.2,85.09,82.74,90.0307,130.50672912597656
2010-11-02,92.02,90.7,88.52,86.47,95.61,96.99,94.79,485.09,84.84,85.7,83.83,89.6847,130.6160430908203
2010-11-03,92.8,91.48,89.3,85.88,95.97,97.24,94.94,490.9,85.285,86.27,84.83,89.7079,81.79179382324219
2010-11-04,94.85,93.53,91.35,87.05,98.01,99.49,96.89,499.84,87.135,87.85,86.62,88.9831,79.7408447265625
2010-11-05,95.72,94.22,92.02,87.16,98.63,100.245,97.795,501.86,86.985,87.83,86.91,89.2441,54.94014358520508
2010-11-08,96.59,94.91,92.69,87.27,99.25,101.0,98.7,503.88,87.025,87.91,86.96,89.5711,92.57479858398438
2010-11-09,96.73,94.39,91.74,87.32,99.79,101.59,99.39,505.49,87.88,88.72,86.51,89.558,131.48008728027344
2010-11-10,97.26,95.25,92.74,88.29,100.9,102.62,100.42,511.0,87.895,88.74,87.79,89.9056,79.36360168457031
2010-11-11,97.76,95.7,94.02,89.76,102.39,103.95,101.95,518.44,88.055,89.11,87.8,89.9056,87.63406372070312
2010-11-12,96.5,93.18,91.73,87.81,99.93,101.9,100.08,507.41,86.005,87.11,84.97,90.1701,75.50946807861328
2010-11-15,95.94,93.21,91.95,87.89,99.37,101.16,99.63,504.94,85.47,86.6,84.6,90.4331,120.9535903930664
2010-11-16,95.92,93.19,91.58,87.55,98.1,99.74,98.31,498.8,83.98,85.04,82.2,91.1102,121.2349853515625
2010-11-17,95.22,92.49,90.78,87.285,97.075,98.735,97.295,491.44,83.63,84.58,80.35,90.9282,77.66468811035156
2010-11-18,94.52,91.79,89.98,87.02,96.05,97.73,96.28,484.08,83.89,84.8,81.9,90.649,73.96996307373047
2010-11-19,96.32,93.6,91.78,87.57,96.81,98.59,97.09,491.18,83.26,84.16,81.46,90.6986,103.71417236328125
2010-11-22,95.88,93.1,90.69,86.47,96.5,98.04,96.44,487.68,82.54,83.35,81.12,90.7023,113.15013122558594
2010-11-23,93.88,91.1,88.69,84.39,95.49,96.57,95.07,480.6,82.225,82.99,80.86,91.4318,77.37921905517578
2010-11-24,93.93,91.15,88.74,85.2,95.8,96.73,95.23,483.84,84.44,85.22,82.82,91.2179,166.79205322265625
2010-11-25,96.37,93.59,91.24,87.47,97.92,98.76,97.31,494.13,85.6,86.4,83.72,91.2179,91.48633575439453
2010-11-26,96.09,94.03,92.13,87.47,97.92,98.67,97.22,495.42,84.65,85.38,84.61999999999999,91.8152,56.32421112060547
2010-11-29,96.9,94.87,93.0,89.0,98.72,99.5,97.95,500.45,86.065,86.8,85.52,92.1997,159.03428649902344
2010-11-30,97.46,95.95,93.8,89.65,99.17,100.22,98.67,503.34,86.115,86.7,84.22,92.1494,183.40769958496094
2010-12-01,97.43,95.92,93.74,89.14,98.33,99.35,97.65,499.77,87.3,87.64,86.68,91.6799,94.04766082763672
2010-12-02,100.97,99.46,97.28,91.63,100.67,101.74,100.14,508.87,89.49,89.56,88.0,91.2651,100.17845916748047
2010-12-03,102.3,101.09,99.06,92.08,101.67,103.13,101.68,512.45,90.845,91.03,89.32,90.8788,86.44165802001953
2010-12-06,103.72,102.66,100.85,93.23,104.23,105.46,104.16,515.88,91.12,91.59,89.3,91.0167,110.68245697021484
2010-12-07,103.34,102.02,100.05,93.36,103.49,104.69,103.59,510.19,90.88,91.46,88.65,90.9732,127.92436218261719
2010-12-08,102.14,101.05,98.62,92.35,102.89,104.21,103.06,505.87,89.985,90.79,88.45,91.3376,67.67610931396484
2010-12-09,102.51,101.43,98.96,92.81,103.61,104.89,103.74,507.19,90.025,90.84,88.42,91.3923,88.63056945800781
2010-12-10,102.63,101.62,99.81,92.79,103.37,104.91,103.56,507.34,89.61,90.41,87.74,91.2831,61.2244987487793
2010-12-13,102.41,101.36,99.34,92.4,103.1,104.62,103.37,507.45,90.52,91.33,88.45,90.8837,72.62633514404297
2010-12-14,102.14,101.09,99.02,92.27,103.12,104.71,103.46,508.59,90.815,91.51,88.13,90.764,67.45047760009766
2010-12-15,101.31,100.26,98.19,91.31,102.24,103.79,102.54,507.11,91.53,92.09,88.42,91.094,72.64402770996094
2010-12-16,102.85,101.79,99.72,93.15,103.14,104.55,103.3,515.2,91.405,91.88,87.79,91.3773,136.46005249023438
2010-12-17,102.85,101.79,99.64,94.18,103.37,104.73,103.48,517.13,91.16,91.63,87.93,91.5555,107.16203308105469
2010-12-20,102.96,101.44,99.39,94.08,103.28,104.46,103.21,513.09,91.21,91.96,88.57,91.6398,128.2569580078125
2010-12-21,104.44,102.92,100.87,95.46,103.87,105.16,103.91,516.59,93.1,93.48,89.09,91.519,156.8079376220703
2010-12-22,105.24,103.84,101.85,95.26,105.18,106.43,105.23,518.11,93.455,93.82,89.75,91.429,163.8302459716797
2010-12-23,105.74,103.99,101.84,95.51,105.34,106.69,105.49,516.61,93.615,94.16,90.86,91.3013,124.6888656616211
2010-12-24,106.19,104.79,102.79,97.41,106.13,107.48,106.28,517.63,93.285,93.89,90.865,91.3013,126.52168273925781
2010-12-27,106.015,104.615,102.615,97.045,105.75,107.14,105.915,515.845,93.52166666666666,94.00666666666666,90.87,91.1963,87.47978210449219
2010-12-28,105.84,104.44,102.44,96.68,105.37,106.8,105.55,514.06,93.75833333333334,94.12333333333332,91.22,90.9848,134.57305908203125
2010-12-29,106.11,104.81,102.81,96.69,105.58,107.27,106.02,516.2,93.995,94.24,91.03,90.7669,53.03965377807617
2010-12-30,105.89,104.59,102.59,96.6,105.56,107.55,106.35,518.41,92.59,92.69,89.54,90.5146,161.357177734375
2010-12-31,104.81,103.51,101.51,95.92,104.12,106.11,104.91,513.73,92.545,92.65,91.44,90.5146,45.37763977050781
2011-01-03,105.75,104.45,102.425,96.82,105.525,107.475,106.275,518.845,93.12,93.09,91.64,89.9524,74.2015151977539
2011-01-04,106.69,105.39,103.34,97.72,106.93,108.84,107.64,523.96,93.695,93.53,89.28,90.3277,119.25243377685547
2011-01-05,105.0,103.7,101.65,96.35,104.88,106.45,105.3,518.75,95.145,94.96,90.4,90.5715,44.563690185546875
2011-01-06,107.6,106.3,104.25,96.6,107.39,108.61,107.46,530.08,95.045,94.91,88.27,90.9125,74.0829849243164
2011-01-07,106.0,105.04,103.2,95.07,106.16,107.08,105.93,523.7,94.03,93.98,88.21,91.0001,74.59210968017578
2011-01-10,105.67,104.71,102.87,94.56,106.32,107.18,105.98,524.05,95.035,95.22,89.32,91.03,96.13255310058594
2011-01-11,106.54,105.58,103.74,94.0,108.25,109.01,107.81,529.17,96.88,97.09,91.15,90.8431,89.32766723632812
2011-01-12,107.89,107.17,105.27,94.79,110.71,111.35,110.21,534.64,97.805,97.99,91.71,90.4111,74.32042694091797
2011-01-13,108.27,107.55,105.65,93.85,110.71,111.55,110.41,537.74,97.77,97.93,91.3,89.9019,61.53376388549805
2011-01-14,108.29,107.59,105.69,95.06,110.41,111.35,110.21,539.31,98.28,98.42,91.53,90.0461,66.92056274414062
2011-01-17,109.49,108.34,106.23,97.01,111.0,111.96,110.86,539.7,97.61,97.87,91.405,90.0461,91.63396453857422
2011-01-18,109.09,108.03,106.18,95.95,111.25,112.27,111.17,540.73,97.8,98.11,91.28,89.821,56.982242584228516
2011-01-19,109.28,108.24,106.4,96.22,111.74,112.75,111.65,544.24,98.21,98.64,90.79,89.6948,62.640323638916016
2011-01-20,108.78,107.74,105.9,95.02,111.05,111.89,110.74,542.56,96.03,96.73,88.67,90.1316,59.08705139160156
2011-01-21,107.78,106.66,104.63,94.54,111.28,111.69,110.49,538.67,96.7,97.37,87.98,89.7204,88.97392272949219
2011-01-24,109.21,107.98,105.5,95.52,112.22,112.21,111.01,543.13,96.835,97.79,86.52,89.5375,106.99507904052734
2011-01-25,107.15,105.92,103.49,93.63,110.54,110.97,109.52,538.36,94.585,95.62,85.11,89.7279,204.19937133789062
2011-01-26,104.53,103.48,101.48,93.0,110.14,110.72,109.27,537.43,96.08,96.96,87.48,89.5091,113.75102233886719
2011-01-27,106.86,105.74,103.58,94.46,111.64,112.23,110.83,541.74,96.675,97.64,85.62,89.5728,68.67119598388672
2011-01-28,106.39,105.24,102.95,93.53,111.76,112.4,110.98,544.76,97.435,98.58,89.28,89.8189,69.63356018066406
2011-01-31,108.29,107.14,104.85,96.32,113.48,113.36,112.15,553.01,99.155,100.13,92.13,89.694,89.41900634765625
2011-02-01,110.49,109.34,107.05,95.67,114.97,114.54,113.26,565.65,100.45,101.42,90.7,89.1436,118.03402709960938
2011-02-02,111.63,110.41,107.96,95.89,116.67,116.25,115.01,586.9,101.285,102.6,91.05,89.0737,98.82798767089844
2011-02-03,110.63666666666668,109.41666666666669,106.96666666666668,95.45333333333332,116.41666666666669,116.07666666666668,114.83666666666667,586.3533333333334,101.53,102.94,90.69,89.2522,113.2795181274414
2011-02-04,109.64333333333332,108.42333333333332,105.97333333333331,95.01666666666668,116.16333333333333,115.90333333333334,114.66333333333333,585.8066666666666,99.31,100.73,89.02,89.391,94.64479064941406
2011-02-07,108.65,107.43,104.98,94.58,115.91,115.73,114.49,585.26,99.295,100.76,87.43,89.3556,59.578556060791016
2011-02-08,109.26,107.99,105.49,94.59,115.91,116.27,115.03,589.07,99.055,100.39,87.14,89.1241,56.59284210205078
2011-02-09,110.35,108.95,106.76,94.88,116.97,117.31,116.07,593.14,100.26,101.4,86.82,89.4166,86.5784683227539
2011-02-10,110.57,109.17,106.93,95.83,118.1,118.59,117.3,597.18,100.915,102.02,86.67,89.6266,104.0421371459961
2011-02-11,109.47,108.07,105.83,95.26,117.67,118.34,117.05,600.01,100.115,101.23,85.44,89.8784,97.6264877319336
2011-02-14,109.54,108.14,105.9,94.4,116.95,117.6,116.33,604.75,103.115,104.06,84.93,89.8543,76.56786346435547
2011-02-15,111.27,109.87,107.61,96.27,118.93,119.61,118.39,616.59,102.55,103.31,84.32,89.8871,55.579994201660156
2011-02-16,110.05,108.63,106.31,95.26,117.76,118.28,117.06,608.2,102.73,103.28,84.98,89.7059,62.22502899169922
2011-02-17,112.67,111.25,108.9,96.01,119.64,119.8,118.65,608.92,103.54,104.28,86.32,89.4102,88.42582702636719
2011-02-18,111.31,109.96,107.71,95.35,118.94,118.62,117.57,609.22,102.095,102.89,86.2,89.1974,66.4507064819336
2011-02-21,113.44,112.09,109.84,97.3,120.67,119.94,118.89,610.95,104.195,105.12,90.11,89.1974,108.9972152709961
2011-02-22,116.41,115.06,112.79,101.0,123.88,122.76,121.71,627.82,106.82,107.37,94.02,89.4617,163.8302459716797
2011-02-23,115.92,114.6,112.4,100.39,123.55,122.34,121.44,628.36,110.23,110.29,96.48,89.4186,73.44939422607422
2011-02-24,124.31,123.42,121.65,108.22,130.93,130.24,129.34,668.04,113.34,113.72,95.61,89.2346,144.02468872070312
2011-02-25,119.7,118.81,117.04,104.05,126.91,126.66,125.71,641.68,111.805,112.38,97.0,89.1664,137.7366943359375
2011-02-28,120.8,119.9,118.1,106.67,128.79,128.41,127.41,642.04,112.555,112.98,97.0,88.9391,107.25624084472656
2011-03-01,118.79,117.79,115.81,106.69,127.53,127.27,126.27,636.46,113.22,113.72,99.65,88.831,178.95901489257812
2011-03-02,121.9,120.9,118.94,108.59,130.25,130.81,129.66,644.49,116.45,116.9,102.2,88.7317,126.99939727783203
2011-03-03,122.61,121.56,119.6,110.19,131.23,131.71,130.56,642.68,114.495,115.04,101.88,88.637,154.95379638671875
2011-03-04,124.72,123.54,121.25,111.95,132.61,133.21,131.87,641.26,115.445,116.01,104.65,88.4898,119.61127471923828
2011-03-07,125.79,124.68,122.48,111.33,133.19,134.26,132.86,641.44,115.955,116.81,105.53,88.5207,138.72427368164062
2011-03-08,121.9,120.97,118.95,108.54,131.04,132.22,130.87,637.04,112.805,113.73,105.06,88.6454,166.0056610107422
2011-03-09,120.38,119.45,117.43,108.49,129.48,131.07,129.62,634.84,115.255,115.71,104.15,88.5328,199.4664306640625
2011-03-10,124.05,122.97,120.91,111.05,131.76,133.59,132.04,651.89,113.955,114.25,102.68,88.8698,136.30661010742188
2011-03-11,122.33,121.16,119.06,108.31,130.77,132.51,130.91,647.69,113.955,114.17,100.84,88.691,136.77268981933594
2011-03-14,120.63,119.51,117.51,105.82,131.12,132.99,131.09,649.75,113.08,113.28,101.17,88.5191,87.9781265258789
2011-03-15,119.1,118.0,116.0,103.1,131.71,133.54,131.64,652.43,111.125,111.2,97.59,88.7845,141.81134033203125
2011-03-16,117.41,116.12,113.99,101.77,129.96,133.7,130.25,642.96,110.905,110.96,98.35,88.9785,166.35165405273438
2011-03-17,118.27,116.98,114.85,103.17,131.32,135.09,131.79,633.35,114.115,114.15,101.5,88.6549,116.2304458618164
2011-03-18,123.45,122.12,119.99,108.04,134.65,138.0,135.5,653.52,114.06,114.4,101.4,88.5221,147.7964324951172
2011-03-21,122.51,121.18,119.05,107.42,132.64,136.15,133.75,643.09,115.095,115.63,102.36,88.2032,151.39047241210938
2011-03-22,122.16,120.83,118.7,107.83,132.62,136.12,133.72,640.46,115.425,115.99,104.39,88.0665,192.9297637939453
2011-03-23,123.31,121.98,119.85,108.46,134.2,137.56,135.16,648.72,115.6,116.15,105.22,88.3328,231.2828826904297
2011-03-24,123.58,122.25,120.15,107.89,133.94,137.39,134.84,651.41,115.355,115.91,104.95,88.0592,144.67994689941406
2011-03-25,123.99,122.58,120.45,109.29,133.55,136.63,134.33,653.98,115.63,115.89,105.19,88.1716,130.91949462890625
2011-03-28,122.9,121.49,119.34,108.29,132.77,136.06,133.61,649.02,116.085,116.06,104.0,88.3058,131.84349060058594
2011-03-29,122.32,120.91,118.76,106.83,131.82,135.44,133.09,647.73,115.65,115.61,104.92,88.3991,196.35418701171875
2011-03-30,123.51,122.1,119.93,107.98,132.78,136.47,134.27,651.79,115.195,115.39,104.23,88.2298,125.13372039794922
2011-03-31,124.58,123.17,121.0,109.03,133.22,136.98,134.88,657.17,116.945,116.95,106.79,88.0299,126.22554016113281
2011-04-01,126.3,124.9,122.73,109.56,135.21,139.09,137.04,665.41,118.615,118.17,108.1,87.7993,125.87757110595703
2011-04-04,127.58,126.2,124.03,110.98,136.67,141.02,139.02,678.05,120.65,119.8,108.51,87.8406,71.92547607421875
2011-04-05,128.38,127.0,124.83,111.19,137.3,140.81,138.98,680.08,123.44,122.52,107.72,87.7483,103.40233612060547
2011-04-06,129.41,128.03,125.79,112.07,138.34,141.69,140.04,688.91,123.46,122.52,108.68,87.4913,130.38829040527344
2011-04-07,129.46,128.08,125.82,112.8,138.78,141.97,140.55,688.3,122.965,121.97,110.22,87.532,74.62199401855469
2011-04-08,131.94,130.46,128.14,115.19,140.99,143.8,142.65,694.49,126.415,125.37,112.8,87.1493,84.77043914794922
2011-04-11,133.0,131.52,129.2,115.94,142.76,145.29,144.37,698.39,126.64,125.36,109.38,87.094,98.69049072265625
2011-04-12,130.94,129.51,127.31,114.37,140.48,142.99,142.12,691.99,121.4,120.46,106.0,87.2943,88.33514404296875
2011-04-13,128.94,127.51,125.31,113.3,137.35,139.5,138.63,681.15,123.07,122.09,107.17,87.2093,111.53427124023438
2011-04-14,130.7,129.48,127.59,116.09,138.6,140.54,139.67,687.78,123.27,122.38,108.48,87.0802,110.64944458007812
2011-04-15,129.31,128.09,126.2,115.74,138.04,139.96,139.09,684.28,124.385,123.75,109.64,87.005,86.82132720947266
2011-04-18,130.64,129.47,127.63,116.43,138.4,140.46,139.71,685.14,121.805,121.27,107.28,87.5081,86.95490264892578
2011-04-19,128.0,126.83,124.99,113.45,136.39,138.39,137.64,669.8,121.305,120.88,107.84,87.0791,96.63265991210938
2011-04-20,129.8,128.63,126.79,115.6,137.57,139.56,138.81,675.63,124.27,123.7,110.86,86.5642,80.7943344116211
2011-04-21,132.52,131.35,129.51,118.22,139.46,141.67,140.82,684.47,125.065,124.56,111.76,86.2256,117.58607482910156
2011-04-25,133.47,132.3,130.25,118.36,139.01,140.99,139.79,687.26,124.8325,124.37,111.86,86.4026,78.18482208251953
2011-04-26,134.32,133.04,130.74,118.85,138.07,139.99,138.79,686.66,124.6,124.18,112.14,86.2576,144.02468872070312
2011-04-27,135.09,133.81,131.51,118.56,139.06,140.29,139.39,681.19,124.885,124.53,112.84,86.2519,124.72569274902344
2011-04-28,139.91,137.71,134.81,120.57,140.95,142.09,141.29,688.48,126.525,126.22,112.87,85.8419,110.53406524658203
2011-04-29,141.49,135.56,133.94,120.28,140.39,141.57,140.72,682.94,125.65333333333334,125.28,113.73,85.5999,68.87517547607422
2011-05-02,142.11,136.89499999999998,134.635,119.92,140.17,141.44,140.615,683.49,124.78166666666668,124.34,113.44,85.5199,115.2568588256836
2011-05-03,142.73,138.23,135.33,119.56,139.95,141.31,140.51,684.04,123.91,123.4,111.01,85.6352,269.19287109375
2011-05-04,141.37,137.7,134.5,117.69,137.95,139.81,139.01,686.78,121.62,121.2,109.21,85.8917,113.01701354980469
2011-05-05,139.72,136.32,133.0,115.86,136.09,138.13,137.33,680.0,114.735,114.25,98.49,86.508,101.1986083984375
2011-05-06,126.77,123.37,120.05,103.92,121.11,123.55,122.75,613.81,113.695,113.06,97.75,86.4575,104.74522399902344
2011-05-09,130.28,127.0,123.68,108.7,125.77,127.77,126.92,640.09,113.61,112.75,102.58,86.8346,126.04299926757812
2011-05-10,134.4,131.77,128.49,112.72,127.96,129.37,128.47,651.24,117.91,117.01,103.83,86.6518,140.8026580810547
2011-05-11,134.5,131.87,128.44,114.4,130.07,130.87,130.15,655.95,116.08,114.82,98.95,86.7195,88.7294921875
2011-05-12,126.81,123.65,120.0,108.41,125.19,126.3,125.4,630.54,113.0,111.8,98.74,87.0767,80.9588851928711
2011-05-13,126.2,123.45,120.41,108.08,126.79,127.89,126.99,645.4,113.32,112.08,99.43,87.4176,114.1140365600586
2011-05-16,124.15,121.18,118.35,107.11,125.64,126.33,125.48,641.03,113.725,112.87,97.12,87.3311,87.17283630371094
2011-05-17,123.1,119.63,116.465,105.865,125.09,126.13,125.205,639.75,109.365,108.64,97.14,87.6307,74.639404296875
2011-05-18,122.05,118.08,114.58,104.62,124.54,125.93,124.93,638.47,112.745,111.84,99.82,87.295,85.3180923461914
2011-05-19,123.28,119.33,115.85,104.99,125.66,126.94,125.94,640.95,112.995,112.23,98.36,87.2638,150.25360107421875
2011-05-20,122.71,118.94,115.8,104.1,125.55,126.82,125.92,639.16,111.03,110.55,99.46,87.3044,81.48226928710938
2011-05-23,121.27,117.15,114.28,103.09,122.7,123.95,123.15,627.98,109.75,109.52,96.95,87.8941,119.9306640625
2011-05-24,123.74,119.7,116.75,104.26,123.81,125.1,124.3,636.3,112.495,112.29,99.1,87.662,134.65721130371094
2011-05-25,122.43,119.0,116.02,104.26,123.6,124.86,124.11,640.57,114.625,114.35,100.89,87.6136,119.10356140136719
2011-05-26,125.52,122.25,119.27,106.66,127.58,128.82,127.97,655.59,115.025,114.8,100.15,87.5588,103.62940979003906
2011-05-27,125.64,122.54,119.66,107.05,128.38,129.58,128.73,658.2,114.565,114.59,100.6,86.9525,94.45203399658203
2011-05-30,124.65,121.55,118.67,105.22,127.62,128.64,127.79,652.62,115.72,115.785,101.55,86.9525,112.04273986816406
2011-05-31,126.34,123.31,120.56,106.09,129.15,130.25,129.4,659.43,116.875,116.98,102.5,86.656,140.02398681640625
2011-06-01,125.83,122.89,120.22,106.73,129.68,130.86,130.06,666.03,116.43,116.08,100.26,86.5964,96.12361145019531
2011-06-02,123.08,119.99,117.07,103.85,127.57,128.93,128.03,661.34,114.485,113.68,100.49,86.8435,86.354736328125
2011-06-03,122.78,120.05,117.57,103.98,128.82,130.44,129.77,664.36,115.395,114.56,100.42,86.4234,66.98822784423828
2011-06-06,122.99,120.24,117.76,104.42,128.59,130.56,129.61,663.01,115.64,114.75,98.59,86.4669,62.42275619506836
2011-06-07,125.21,122.0,119.22,104.09,128.2,130.05,129.1,664.24,116.38,115.49,99.34,86.3627,106.61982727050781
2011-06-08,126.58,123.56,120.73,103.52,129.25,131.15,130.3,668.95,118.36,117.62,100.82,86.5714,122.13936614990234
2011-06-09,126.46,124.25,122.17,104.63,131.2,133.02,132.12,679.74,119.68,118.73,101.79,86.5913,101.33381652832031
2011-06-10,127.13,124.92,122.84,105.91,132.72,134.58,133.71,682.93,118.845,118.09,99.34,87.042,90.61734771728516
2011-06-13,125.79,123.58,121.5,105.19,131.86,133.68,132.81,679.59,120.805,119.8,97.1,87.0579,105.76525115966797
2011-06-14,124.09,122.01,119.98,104.03,132.13,133.84,132.97,675.75,120.97,120.05,99.24,86.6771,43.3272819519043
2011-06-15,125.56,123.48,121.45,105.03,132.74,134.15,133.3,669.81,118.62,117.91,94.97,87.3342,81.83572387695312
2011-06-16,123.59,121.21,118.95,102.45,129.09,130.37,129.52,658.25,114.54,114.07,94.76,87.6917,115.51518249511719
2011-06-17,120.55,118.18,115.92,99.86,125.64,127.05,126.15,646.58,113.54,113.48,93.05,87.2179,77.9061050415039
2011-06-20,121.84,119.49,117.23,100.16,125.81,127.22,126.12,648.93,112.27,112.34,93.34,87.1908,74.1619644165039
2011-06-21,124.43,121.43,118.73,101.45,126.21,127.84,126.89,654.34,112.105,111.98,93.14,86.857,79.22998046875
2011-06-22,122.35,119.0,116.07,100.97,123.76,125.74,124.84,653.03,113.785,113.7,94.67,86.8067,56.08184814453125
2011-06-23,122.99,120.06,117.41,101.36,124.17,126.35,125.4,653.6,108.145,108.13,91.52,87.455,128.5777130126953
2011-06-24,118.56,115.07,112.04,97.36,119.4,121.51,120.51,635.01,104.9,105.4,90.87,87.5014,115.043212890625
2011-06-27,116.19,112.96,109.99,93.11,118.16,120.37,119.37,629.04,104.185,104.93,90.53,87.5225,108.47199249267578
2011-06-28,117.69,114.46,111.49,95.3,119.3,121.33,120.43,634.38,107.14,107.86,92.64,87.2178,66.17350006103516
2011-06-29,121.24,118.01,115.04,98.17,122.62,124.31,123.41,644.71,111.1,111.9,94.86,86.8014,81.51732635498047
2011-06-30,123.64,120.44,117.44,100.15,124.71,126.47,125.57,655.16,111.51,112.2,94.97,86.4786,101.40513610839844
2011-07-01,127.53,123.37,119.73,99.04,124.53,126.26,125.46,655.97,109.505,109.79,94.64,86.3613,88.8176040649414
2011-07-04,131.03,126.03,121.48,99.85,124.74,126.44,125.69,650.6,111.075,110.97,95.725,86.3613,70.36500549316406
2011-07-05,128.03,124.91,120.38,100.67,123.77,125.34,124.59,644.84,113.475,112.86,96.81,86.4253,83.86247253417969
2011-07-06,127.9,124.99,121.08,102.79,125.03,126.52,125.77,653.76,113.755,113.22,96.64,86.6825,41.548736572265625
2011-07-07,128.02,125.34,121.67,104.44,126.91,128.52,127.59,660.03,117.63,117.09,98.48,86.4825,93.25922393798828
2011-07-08,131.02,129.3,126.27,107.12,130.34,132.31,131.33,672.59,117.795,116.88,96.3,86.615,65.35699462890625
2011-07-11,130.13,127.63,124.36,104.68,129.45,131.54,130.44,663.94,116.845,115.67,94.95,87.1013,84.93763732910156
2011-07-12,127.61,125.2,122.84,104.08,128.3,130.43,129.33,658.41,117.735,116.63,96.92,87.1701,75.82986450195312
2011-07-13,129.93,127.39,124.9,105.86,130.26,132.55,131.35,670.42,119.705,118.66,97.8,86.5697,92.94522094726562
2011-07-14,128.63,126.21,123.72,105.5,130.44,132.71,131.51,673.25,117.63,116.75,95.77,86.5234,74.88043212890625
2011-07-15,126.7,124.6,122.32,104.28,128.82,130.91,129.71,666.26,118.345,117.44,97.39,86.5169,91.54486083984375
2011-07-18,126.35,123.94,122.74,106.13,130.22,132.05,130.85,675.41,117.335,116.37,95.92,86.9549,72.8036880493164
2011-07-19,126.32,124.28,122.86,107.52,130.46,132.19,130.99,675.48,118.415,117.61,97.79,86.4386,126.4942398071289
2011-07-20,127.55,125.5,123.63,108.59,131.76,133.27,132.22,679.77,118.885,118.3,98.21,86.2794,92.12239074707031
2011-07-21,127.72,125.67,123.8,108.29,130.98,132.57,131.52,676.41,119.305,119.03,99.07,85.8378,90.60633850097656
2011-07-22,130.12,127.42,124.87,109.8,131.32,132.78,131.68,679.98,119.155,118.78,99.59,85.8623,62.43583297729492
2011-07-25,129.49,126.83,124.28,109.53,131.47,132.86,131.63,684.86,118.12,118.26,98.88,85.8006,83.91838073730469
2011-07-26,130.64,127.91,125.3,109.79,131.64,133.03,131.75,687.2,118.04,118.31,99.56,85.4692,92.6003646850586
2011-07-27,130.78,128.04,125.43,108.62,131.43,132.67,131.39,686.82,118.02,118.23,97.38,85.7126,88.66615295410156
2011-07-28,130.93,128.14,125.47,109.15,131.39,132.46,131.18,685.29,118.02,118.54,97.24,85.8245,101.98326873779297
2011-07-29,128.93,126.43,123.88,108.59,130.64,131.67,130.39,678.52,115.755,116.31,95.89,85.7282,95.42375946044922
2011-08-01,132.05,129.28,126.57,110.27,133.98,135.47,134.13,689.52,115.97,116.13,95.2,86.0391,88.10020446777344
2011-08-02,129.62,127.2,123.85,107.65,130.07,131.72,130.62,684.01,116.27,116.34,93.73,86.0533,90.46023559570312
2011-08-03,127.52,124.25,122.34,106.94,129.68,131.56,130.46,679.08,113.58,113.77,91.62,86.0706,86.63004302978516
2011-08-04,125.76,122.56,120.26,105.11,127.78,129.64,128.64,667.66,110.195,110.72,86.84,86.9299,77.03646087646484
2011-08-05,121.39,118.0,113.91,98.17,121.67,123.59,122.67,636.94,106.87,107.62,86.91,87.1084,51.97543716430664
2011-08-08,123.29,116.72,114.98,98.36,121.62,123.47,122.67,639.98,105.36,106.09,81.48,87.1873,94.76786804199219
2011-08-09,122.745,116.175,114.205,97.75,120.94,122.6,121.775,633.22,103.935,104.34,78.92,87.3919,63.13661575317383
2011-08-10,122.2,115.63,113.43,97.14,120.26,121.73,120.88,626.46,103.98,104.1,82.09,87.3792,44.114097595214844
2011-08-11,123.33,119.18,116.98,99.75,122.37,123.71,122.86,632.4,106.31,106.3,85.66,87.3215,91.38117980957031
2011-08-12,123.68,119.53,117.33,99.92,122.91,124.03,123.18,637.12,108.12,107.85,85.41,87.177,69.30058288574219
2011-08-15,124.93,121.48,118.33,101.21,123.3,124.84,123.95,640.5,109.005,108.8,87.79,86.7515,131.05657958984375
2011-08-16,126.88,123.55,118.63,101.47,123.51,125.14,124.2,646.93,110.28,109.7,86.9,86.7115,54.5106086730957
2011-08-17,127.58,124.58,119.7,102.99,125.01,126.46,125.52,655.2,111.615,110.92,87.53,86.5518,38.834320068359375
2011-08-18,126.63,124.38,120.45,103.56,124.8,126.08,125.14,655.96,108.35,107.55,81.69,87.1271,109.4460678100586
2011-08-19,122.28,119.83,116.19,100.52,120.74,122.12,121.18,632.68,109.29,108.38,82.44,86.8286,119.64898681640625
2011-08-22,123.27,120.57,117.54,100.74,121.64,122.79,121.88,636.56,108.795,107.6,84.44,87.0753,143.45765686035156
2011-08-23,124.89,121.78,119.49,103.57,124.17,125.0,124.09,652.15,110.55,109.2,85.77,86.9001,197.70501708984375
2011-08-24,125.27,123.64,120.5,103.7,124.17,124.95,124.0,655.95,112.165,110.7,85.04,87.1316,159.73345947265625
2011-08-25,126.9,125.27,122.09,104.99,125.34,126.59,125.64,662.43,112.075,110.65,84.98,87.2306,109.68766784667969
2011-08-26,127.2,125.57,122.29,104.92,124.82,125.77,124.82,658.58,112.305,110.93,85.41,87.0751,93.75191497802734
2011-08-29,127.9,126.27,122.79,105.14,125.98,126.85,125.9,660.82,114.2125,112.645,87.37,86.8433,125.17124938964844
2011-08-30,130.015,128.385,124.94,106.025,127.4,128.26999999999998,127.295,668.6600000000001,116.12,114.36,88.91,87.001,61.34384536743164
2011-08-31,132.13,130.5,127.09,106.91,128.82,129.69,128.69,676.5,116.995,115.05,88.85,86.7739,91.10472106933594
2011-09-01,133.03,130.68,127.28,106.88,128.41,129.84,128.84,673.4,117.445,114.26,89.06,86.8512,90.60633850097656
2011-09-02,133.23,131.18,127.88,106.44,127.4,129.49,128.25,668.53,116.07,112.65,86.64,87.1797,105.27227783203125
2011-09-05,130.19,128.13,124.88,104.55,124.72,127.13,125.88,652.11,113.665,110.09,86.27000000000001,87.1797,123.4190673828125
2011-09-06,129.32,126.92,122.77,103.46,124.09,126.63,125.36,651.88,113.65,110.42,85.9,88.1645,138.56492614746094
2011-09-07,130.5,128.1,125.97,106.02,126.45,129.07,127.72,670.73,117.925,114.8,89.25,87.9699,87.84709930419922
2011-09-08,131.02,128.62,126.48,107.28,127.25,129.91,128.56,678.55,118.555,115.03,88.7,88.1162,99.44561767578125
2011-09-09,129.7,127.3,125.62,106.74,126.53,129.04,127.69,674.43,115.035,111.31,87.36,88.9514,90.50731658935547
2011-09-12,125.33,122.98,121.39,103.38,122.42,124.84,123.69,649.87,115.085,110.63,88.21,89.2192,110.15664672851562
2011-09-13,126.11,124.23,122.48,104.19,123.19,125.49,124.34,655.13,114.215,109.98,89.98,89.2653,111.98429107666016
2011-09-14,125.29,123.41,121.79,104.55,123.05,125.11,123.96,649.89,113.47,109.24,88.76,89.419,78.36181640625
2011-09-15,126.22,124.61,122.99,105.58,123.88,125.94,124.84,655.91,117.44,112.93,89.29,89.0647,85.37545776367188
2011-09-16,129.06,127.21,125.39,107.63,127.02,129.22,128.17,676.21,116.11,112.14,87.95,89.1108,72.69947814941406
2011-09-19,127.62,125.77,123.95,106.03,125.37,127.61,126.56,665.34,113.135,109.85,85.61,89.9336,56.625091552734375
2011-09-20,125.99,124.07,121.97,104.47,123.61,125.53,124.53,657.87,114.73,111.13,86.32,89.8777,70.64717864990234
2011-09-21,126.6,124.68,122.58,104.22,123.63,125.62,124.62,662.97,115.83,112.33,85.59,90.3453,102.08763122558594
2011-09-22,123.93,122.13,120.03,100.44,120.56,122.43,121.43,649.83,109.76,106.47,79.95,92.075,84.1607666015625
2011-09-23,122.68,120.61,118.23,99.95,120.52,121.9,120.9,644.82,108.96,105.63,80.05,91.6904,93.08572387695312
2011-09-26,119.15,116.98,114.88,96.33,117.02,118.28,117.27,624.49,107.17,104.5,80.84,91.7724,73.34098052978516
2011-09-27,121.15,119.13,116.98,99.51,119.68,120.88,119.88,639.8,109.3,106.7,84.28,90.8985,86.86112976074219
2011-09-28,121.55,119.53,117.08,100.47,120.67,122.27,121.27,644.18,108.51,106.35,81.41,91.0227,55.84939956665039
2011-09-29,122.19,120.17,117.72,100.23,121.62,123.21,122.22,644.32,107.41,105.05,82.2,91.3033,93.68878173828125
2011-09-30,121.48,119.5,117.05,98.33,120.47,121.45,120.46,638.55,105.245,103.46,79.21,91.9998,68.4011001586914
2011-10-03,119.28,117.3,114.85,95.1,118.97,119.55,118.56,626.44,104.37,100.78,77.27,92.5128,92.0157699584961
2011-10-04,118.3,116.09,113.85,93.53,117.35,118.02,117.03,620.59,102.745,99.34,75.34,92.9508,73.61261749267578
2011-10-05,120.7,118.7,116.25,93.38,117.32,118.31,117.32,621.23,103.44,100.61,79.45,92.3008,66.10445404052734
2011-10-06,122.5,120.45,118.0,94.41,117.73,118.71,117.72,629.65,104.355,102.13,82.27,91.9661,86.47265625
2011-10-07,124.93,122.83,119.81,94.94,119.77,120.37,119.56,637.12,106.71,104.4,82.99,91.2469,74.47611236572266
2011-10-10,124.9,122.8,119.78,95.01,120.06,120.29,119.48,638.7,109.545,107.11,85.26,91.2469,55.35139083862305
2011-10-11,126.7,123.4,121.0,94.9,120.55,120.72,119.91,647.65,110.21,107.17,85.93,90.9162,85.24990844726562
2011-10-12,129.83,125.96,123.56,98.61,121.42,121.73,120.92,667.29,112.37,109.24,85.45,90.3378,137.2508544921875
2011-10-13,128.68,124.81,122.56,98.92,121.95,122.33,121.49,669.87,110.885,108.4,84.47,90.6603,135.9896240234375
2011-10-14,129.98,126.17,123.92,100.15,123.85,124.55,123.58,673.56,114.035,111.89,87.23,90.2116,73.91124725341797
2011-10-17,131.79,127.98,126.08,101.71,127.87,127.38,126.41,682.66,112.86,111.29,86.35,90.266,96.44184112548828
2011-10-18,127.63,123.98,122.18,98.35,124.67,124.33,123.16,667.59,110.275,109.53,88.79,90.5907,114.35791778564453
2011-10-19,127.48,123.73,122.08,98.56,125.66,125.9,124.73,671.97,111.79,111.18,86.11,90.3317,51.13114547729492
2011-10-20,123.96,120.05,118.4,96.03,124.3,125.06,123.97,661.43,109.17,108.62,86.11,91.1026,72.08696746826172
2011-10-21,124.87,121.28,119.84,96.23,125.6,126.21,125.1,669.05,111.655,111.09,87.25,90.279,110.52729034423828
2011-10-24,125.41,121.64,120.2,95.87,126.32,127.13,126.0,674.79,111.76,111.1,91.33,89.8558,96.52515411376953
2011-10-25,125.03,121.24,119.76,93.83,127.6,129.04,127.87,683.19,112.125,111.19,92.97,89.9525,82.53282928466797
2011-10-26,124.455,120.735,119.295,93.995,127.52,129.105,127.935,681.76,110.335,109.95,90.62,90.0836,64.39116668701172
2011-10-27,123.88,120.23,118.83,94.16,127.44,129.17,128.0,680.33,111.815,111.8,93.99,88.7882,53.972591400146484
2011-10-28,125.19,121.57,120.17,94.95,129.3,130.88,129.7,690.24,109.8,110.4,93.35,88.6382,51.45736312866211
2011-10-31,122.12,118.42,116.94,95.13,127.26,128.62,127.24,674.66,107.855,108.35,92.85,89.2053,82.71080780029297
2011-11-01,119.43,115.66,114.04,93.94,125.87,127.59,126.26,671.76,106.66,105.96,91.5,90.7296,80.11046600341797
2011-11-02,121.19,117.29,115.59,95.71,126.74,129.07,127.77,687.79,110.835,109.7,92.66,90.244,37.60396957397461
2011-11-03,118.76,114.73,112.88,93.57,124.64,127.28,126.03,684.16,110.94,109.64,94.2,90.2961,110.41893005371094
2011-11-04,120.0,116.48,114.88,95.33,127.86,130.83,129.53,696.16,112.195,110.75,94.38,90.3154,111.48065185546875
2011-11-07,121.835,118.28,116.635,96.505,129.91,132.86,131.535,706.345,115.155,113.19,95.79,90.3832,65.59539794921875
2011-11-08,123.67,120.08,118.39,97.68,131.96,134.89,133.54,716.53,115.8,114.2,96.85,90.172,82.42171478271484
2011-11-09,121.84,119.24,117.55,97.84,131.15,134.25,132.93,715.57,115.23,114.12,96.29,90.6991,112.76825714111328
2011-11-10,118.75,116.15,114.45,96.37,129.13,131.87,130.75,705.9,113.43,112.145,97.85,90.8588,80.2463150024414
2011-11-11,118.0,115.37,113.65,97.02,130.86,133.95,132.7,715.84,114.345,113.03,98.9,90.8588,66.76000213623047
2011-11-14,116.13,113.5,111.8,96.18,131.43,134.48,133.23,718.29,112.76,112.04,98.12,90.7215,95.59480285644531
2011-11-15,113.75,111.14,109.49,94.93,130.97,134.63,133.38,711.99,111.975,111.56,99.52,91.1081,114.09954833984375
2011-11-16,114.9,112.5,110.85,96.43,131.09,134.16,132.91,709.06,112.335,112.13,102.17,91.1237,83.44913482666016
2011-11-17,115.24,112.94,111.19,97.05,130.5,133.32,132.02,698.51,109.17,109.53,99.14,91.1822,108.66275787353516
2011-11-18,111.85,109.75,107.96,94.12,128.91,131.48,130.18,680.95,107.785,108.4,97.72,91.3676,109.06854248046875
2011-11-21,110.28,107.95,105.7,92.38,126.85,128.87,127.57,663.23,106.02,106.465,96.51,91.9978,111.56315612792969
2011-11-22,110.59,108.7,106.9,93.43,126.49,128.5,127.15,664.45,107.72,107.985,97.4,92.0193,58.25148391723633
2011-11-23,110.64,109.0,107.45,94.14,127.14,129.34,127.99,675.73,106.65,107.16,96.54,92.7463,102.48828125
2011-11-24,110.49,108.85,107.3,94.02,125.91,128.31,126.63,673.25,107.355,107.54,96.91,92.7463,67.84777069091797
2011-11-25,110.99,109.35,107.8,93.88,125.27,127.84,126.16,672.7,106.715,106.35,97.28,93.1455,83.16069793701172
2011-11-28,111.54,109.9,108.35,94.61,125.21,128.13,126.45,673.64,109.215,108.52,97.65,92.4983,105.4183120727539
2011-11-29,111.94,110.3,108.75,95.36,124.51,128.05,126.42,683.05,111.215,110.44,99.78,92.2163,107.72577667236328
2011-11-30,112.79,111.15,109.6,96.29,125.38,129.26,127.63,687.95,111.02,110.67,100.36,91.4728,84.24638366699219
2011-12-01,113.12,111.48,109.93,96.52,125.72,129.33,127.73,690.21,108.94,108.47,100.09,91.227,104.02568054199219
2011-12-02,114.48,112.68,110.88,96.84,125.42,129.1,127.5,688.94,109.36,109.27,101.16,91.3532,104.30795288085938
2011-12-05,116.44,114.56,112.45,98.1,126.02,129.67,128.02,688.74,111.165,110.71,100.76,91.1087,97.07157897949219
2011-12-06,114.74,112.86,110.75,98.35,125.0,128.53,126.98,682.63,110.155,109.975,101.22,91.2817,73.94124603271484
2011-12-07,116.4,114.46,112.22,100.32,127.02,130.52,128.97,687.18,109.935,109.92,100.37,91.2331,49.84187698364258
2011-12-08,115.27,113.33,111.1,99.18,126.27,129.78,128.28,684.52,108.165,108.36,98.35,91.668,87.08116912841797
2011-12-09,114.3,111.85,109.4,96.64,123.54,127.63,126.13,662.87,107.705,107.86,99.51,91.6122,71.6583023071289
2011-12-12,116.0,113.55,111.1,98.21,122.71,125.87,124.69,662.7,107.715,107.95,97.92,92.3375,99.59353637695312
2011-12-13,116.25,113.9,111.05,98.37,122.92,125.89,124.76,661.89,108.835,108.96,99.84,92.5456,89.63418579101562
2011-12-14,117.95,115.88,112.85,99.15,124.21,127.14,126.03,668.35,105.985,105.65,94.99,93.2176,113.05692291259766
2011-12-15,114.23,112.98,109.92,97.26,121.08,123.84,122.86,651.84,105.055,104.48,93.65,92.8858,82.23851776123047
2011-12-16,113.19,112.09,108.98,96.18,119.79,122.52,121.54,643.69,104.575,103.8,94.04,92.8252,118.86456298828125
2011-12-19,112.69,110.91,108.14,96.21,118.61,121.34,120.48,639.64,104.935,103.81,93.65,92.8685,86.1526107788086
2011-12-20,113.17,111.53,109.33,98.25,119.32,122.24,121.77,657.98,107.855,106.69,97.23,92.432,180.24853515625
2011-12-21,116.16,114.5,112.37,99.43,122.05,124.92,124.45,669.07,108.31,107.28,98.6,92.5262,80.14276123046875
2011-12-22,116.34,114.73,113.09,100.18,122.28,125.33,124.85,670.25,108.99,107.98,99.34,92.3883,83.3827133178711
2011-12-23,117.01,115.27,113.26,100.9,122.23,125.73,125.25,671.84,108.375,107.58,99.58,92.3897,75.76393127441406
2011-12-27,117.83,116.08,113.87,100.57,121.49,124.81,124.33,670.85,107.9,107.41,101.14,92.4137,68.30036163330078
2011-12-28,117.82,115.77,113.17,100.64,121.51,124.96,124.48,672.47,107.425,107.24,99.5,92.8374,86.666015625
2011-12-29,118.13,115.74,113.18,99.61,121.33,124.51,124.11,673.85,106.68,106.79,99.65,92.7398,115.55469512939453
2011-12-30,119.33,116.93,114.38,100.0,121.7,124.65,124.25,681.8,106.51,106.84,99.65,92.4262,125.90361785888672
2012-01-03,121.57,119.09,116.24,100.63,123.25,126.28,125.88,691.8,111.145,109.97,103.08,91.7551,88.10020446777344
2012-01-04,125.4,122.88,119.68,102.27,125.64,129.36,128.88,715.93,113.18,112.1,103.27,92.0345,76.9422836303711
2012-01-05,125.48,123.69,120.71,104.27,127.44,131.52,131.04,721.54,113.805,113.25,101.78,92.5773,82.43946838378906
2012-01-06,125.84,123.6,120.13,104.13,127.03,131.06,130.66,713.83,111.58,112.19,101.72,92.7183,100.59858703613281
2012-01-09,126.8,123.71,120.21,105.91,128.08,131.72,131.32,713.85,110.84,111.68,101.24,92.7418,88.3912582397461
2012-01-10,126.77,124.15,120.68,106.21,128.6,131.89,131.49,720.95,112.665,113.29,102.32,92.2461,66.64337158203125
2012-01-11,126.65,124.0,120.8,105.71,129.0,132.47,132.06,733.61,112.065,112.61,100.9,92.554,103.96586608886719
2012-01-12,125.85,123.2,120.03,104.2,128.43,131.78,131.32,732.13,112.935,113.61,98.84,92.2274,103.84225463867188
2012-01-13,125.08,122.43,119.15,103.97,127.33,131.05,130.59,729.32,109.885,110.595,99.15,92.5385,98.1017074584961
2012-01-16,124.29,121.79,118.6,103.41,127.18,131.03,130.57,722.64,110.285,111.57,99.905,92.5385,72.8570556640625
2012-01-17,126.04,123.54,120.35,103.85,127.58,131.98,131.55,727.99,109.965,111.39,100.66,92.0142,56.625091552734375
2012-01-18,127.14,124.21,120.82,104.01,126.32,130.56,130.13,731.65,109.495,110.89,100.76,91.6943,73.85881042480469
2012-01-19,128.61,125.53,121.93,104.9,125.4,129.56,129.13,727.88,109.395,110.87,100.27,91.3316,103.19525909423828
2012-01-20,128.54,125.99,122.44,105.17,126.19,129.79,129.36,729.21,108.3,109.57,98.44,91.3661,70.93292236328125
2012-01-23,128.14333333333332,125.52666666666666,121.96,104.74,125.97333333333331,129.44666666666666,129.01666666666668,726.71,109.365,110.58,99.7,90.986,109.54258728027344
2012-01-24,127.74666666666666,125.06333333333332,121.48,104.31,125.75666666666667,129.10333333333332,128.67333333333335,724.21,108.545,110.03,98.85,91.181,103.51773834228516
2012-01-25,127.35,124.6,121.0,103.88,125.54,128.76,128.33,721.71,108.545,109.84,99.39,91.277,65.62960052490234
2012-01-26,128.05,125.34,121.81,106.05,125.82,129.11,128.68,727.23,109.39,110.62,99.82,90.3962,85.76227569580078
2012-01-27,127.93,125.23,121.78,106.5,125.69,129.33,128.9,726.31,110.39,111.47,99.67,90.2559,58.41665267944336
2012-01-30,130.01,127.26,123.86,108.44,126.24,130.16,129.73,720.11,110.135,110.98,98.91,90.4762,128.4284210205078
2012-01-31,128.28,125.53,122.83,108.04,126.58,130.47,130.04,720.67,110.265,111.2,98.46,90.5538,69.98382568359375
2012-02-01,128.11,125.59,123.43,108.22,126.77,130.38,129.95,717.12,111.93,111.9,97.59,90.0963,134.9707489013672
2012-02-02,127.88,125.5,123.2,108.26,127.56,130.69,130.25,717.82,111.51,111.41,96.7,89.8765,57.816890716552734
2012-02-03,127.78,125.23,122.58,108.17,127.67,130.29,129.85,704.86,112.215,112.32,97.65,89.8491,102.98137664794922
2012-02-06,129.49,126.42,124.04,108.58,129.4,132.54,132.09,718.93,115.8,115.53,97.17,89.7907,124.92127990722656
2012-02-07,130.28,127.21,124.9,110.39,131.06,134.65,134.14,723.32,116.675,116.28,98.77,89.5968,142.98854064941406
2012-02-08,130.73,128.08,126.13,110.58,131.44,135.06,134.55,727.4,116.72,115.7,98.98,89.6555,82.25337219238281
2012-02-09,132.98,130.33,128.03,112.19,131.38,135.24,134.73,737.42,118.7,117.71,99.89,89.6246,85.78363037109375
2012-02-10,133.43,130.36,128.8,113.25,131.44,135.26,134.69,739.99,118.12,117.02,98.92,90.1024,68.33390808105469
2012-02-13,134.76,131.71,129.85,114.22,131.81,135.42,134.85,737.98,119.35,117.96,100.68,89.8895,61.8345947265625
2012-02-14,133.43,130.38,128.43,114.66,130.57,134.23,133.58,727.03,118.775,117.33,100.93,90.1919,80.42071533203125
2012-02-15,133.68,130.78,129.18,115.07,132.12,135.44,134.69,729.97,120.935,119.18,101.79,90.1932,128.7169189453125
2012-02-16,132.82,130.73,128.62,114.9,131.83,135.13,134.41,730.1,121.135,119.68,102.3,90.3109,81.79179382324219
2012-02-17,135.62,133.09,130.67,116.53,133.27,136.09,135.42,737.51,120.31,119.09,103.53,90.23,49.788089752197266
2012-02-20,134.87,132.52,130.02,115.93,133.39,135.86,135.19,734.39,121.55,120.7,104.66,90.23,150.11636352539062
2012-02-21,133.88,131.83,130.08,115.89,133.74,135.79,135.12,728.71,121.42,120.79,105.79,90.0117,141.4915771484375
2012-02-22,135.95,133.26,131.35,118.02,135.39,136.89,136.14,741.52,124.01,122.99,105.94,90.2472,101.14710235595703
2012-02-23,136.1,133.41,131.5,118.13,136.33,137.8,136.99,745.21,124.29,123.29,107.55,90.1108,68.30036163330078
2012-02-24,137.65,134.85,132.9,118.35,137.23,138.67,137.86,750.45,124.99,124.06,109.42,89.9104,152.73109436035156
2012-02-27,138.37,135.48,133.48,119.02,137.27,138.51,137.7,751.57,125.115,124.24,108.42,89.9635,54.99793243408203
2012-02-28,137.24,134.78,132.78,119.77,136.63,138.26,137.45,741.71,124.36,123.27,106.67,89.8103,113.57374572753906
2012-02-29,136.54,133.1,131.24,120.05,135.4,136.8,135.89,732.06,122.725,121.5,107.1,89.7487,146.89878845214844
2012-03-01,137.76,133.93,131.91,120.5,133.87,135.84,134.79,736.3,126.39,123.07,109.91,89.7817,91.45125579833984
2012-03-02,139.66,136.19,134.33,121.77,135.24,138.0,136.75,755.16,126.43,123.52,106.62,90.135,99.75540924072266
2012-03-05,137.28,134.33,132.73,119.23,134.03,136.69,135.34,748.93,126.47,123.54,106.83,90.2748,116.52247619628906
2012-03-06,137.04,134.09,132.49,117.85,135.03,138.02,136.67,752.19,124.645,122.39,104.84,90.8237,110.7882080078125
2012-03-07,136.6,133.66,132.06,118.19,133.96,137.33,135.98,742.16,124.86,122.57,106.44,90.6837,138.18359375
2012-03-08,140.27,137.05,134.34,119.83,135.42,139.13,137.78,747.62,128.17,125.89,107.0,90.2598,154.152587890625
2012-03-09,139.8,136.77,134.67,119.92,136.95,140.55,139.33,737.71,127.54,125.77,107.38,90.4341,132.3766326904297
2012-03-12,139.92,137.02,135.23,120.42,136.75,140.36,139.06,739.32,126.825,125.1,106.53,90.6643,71.49427032470703
2012-03-13,140.35,137.45,135.66,120.7,136.92,140.51,139.2,751.67,127.62,126.17,106.89,90.5363,64.65402221679688
2012-03-14,140.73,138.41,136.4,120.59,137.39,140.72,139.31,753.56,126.615,125.56,105.66,90.9325,69.15589904785156
2012-03-15,140.53,138.6,136.01,120.89,137.19,140.25,138.97,749.37,123.825,123.24,105.25,90.7866,64.95230865478516
2012-03-16,138.78,136.74,133.72,119.94,136.28,139.19,137.91,750.22,125.06,124.77,107.21,90.5245,72.73102569580078
2012-03-19,139.96,138.19,135.35,120.75,137.47,140.48,139.2,755.42,125.69,125.78,108.03,90.292,106.99507904052734
2012-03-20,138.81,137.25,134.55,119.59,137.19,140.47,139.27,752.9,123.895,124.18,105.86,90.6065,104.6073989868164
2012-03-21,138.39,136.96,134.79,119.17,137.05,140.33,139.18,750.9,123.7,124.13,106.81,90.6761,124.37675476074219
2012-03-22,136.94,135.51,133.34,117.72,135.94,139.13,138.02,746.56,122.56,122.75,105.1,90.8225,67.60342407226562
2012-03-23,137.6,136.05,133.6,117.86,135.94,139.03,137.98,747.46,124.985,124.96,106.53,90.6156,93.311767578125
2012-03-26,139.5,137.95,135.5,119.07,136.82,140.01,138.96,750.14,125.85,125.59,107.15,90.3266,79.66934967041016
2012-03-27,140.46,138.91,136.5,118.96,137.56,140.69,139.68,755.92,125.08,125.09,107.28,90.2796,116.36654663085938
2012-03-28,138.96,137.41,135.0,117.52,136.76,139.67,138.66,749.99,124.455,124.24,105.42,90.603,149.5762939453125
2012-03-29,140.18,137.13,135.5,118.08,136.79,139.71,138.66,750.09,123.195,123.08,102.93,90.7285,83.44913482666016
2012-03-30,139.51,136.46,134.83,116.71,135.42,138.29,137.12,741.54,123.46,123.19,103.22,90.4593,103.07345581054688
2012-04-02,140.01,136.79,134.47,116.17,135.25,137.87,136.7,742.31,124.64,123.53,105.38,90.247,154.47207641601562
2012-04-03,143.49,140.13,136.56,117.89,137.24,139.86,138.69,749.2,125.615,125.14,104.14,90.1921,134.50100708007812
2012-04-04,144.79,141.37,137.56,117.9,136.93,139.7,138.58,744.96,122.935,122.63,101.99,90.8284,126.0838851928711
2012-04-05,142.75,137.75,134.86,116.59,135.01,138.19,137.09,742.53,123.01,122.1,103.23,90.8781,116.87487030029297
2012-04-09,141.9,136.9,134.01,116.14,134.08,137.23,136.16,737.88,122.14,121.445,102.46,90.9624,126.88357543945312
2012-04-10,140.66,135.66,132.77,116.03,133.43,136.61,135.54,735.81,121.27,120.79,101.12,91.2728,116.15497589111328
2012-04-11,137.94,132.94,129.77,114.01,131.47,134.53,133.51,725.13,120.07,119.9,102.69,91.1768,85.70198059082031
2012-04-12,140.5,134.67,131.4,115.36,132.8,135.91,134.75,730.51,120.43,120.83,103.68,90.7694,136.67489624023438
2012-04-13,142.19,136.76,133.09,116.46,133.5,136.63,135.3,734.22,120.425,121.0,102.91,91.0558,112.74003601074219
2012-04-16,141.16,135.62,131.49,116.05,132.47,135.41,134.09,724.47,117.8,118.86,103.09,91.2355,136.95370483398438
2012-04-17,139.79,134.25,130.1,114.44,132.08,134.64,133.32,719.63,117.2,118.68,104.3,90.7661,117.74530029296875
2012-04-18,137.63,132.78,129.38,114.17,132.01,134.57,133.36,720.9,115.12,116.67,102.69,90.9326,99.26673889160156
2012-04-19,137.13,132.78,129.48,114.23,132.34,134.98,133.82,723.48,117.18,118.39,102.34,91.0833,65.09412384033203
2012-04-20,135.76,131.41,128.14,113.01,132.31,135.03,133.87,721.9,117.79,118.87,103.49,90.8066,100.38084411621094
2012-04-23,134.56,130.48,127.39,111.91,131.67,134.62,133.46,719.13,116.275,117.44,102.54,91.079,90.46023559570312
2012-04-24,135.29,132.67,129.54,112.56,132.05,135.05,133.94,723.85,117.445,118.29,103.11,90.8153,93.36894226074219
2012-04-25,136.43,132.69,128.57,111.75,132.29,135.32,134.21,725.49,117.375,117.93,103.6,90.756,83.9510269165039
2012-04-26,135.66,134.09,129.24,111.78,132.68,135.64,134.52,726.79,119.27,119.71,104.64,90.6428,118.67997741699219
2012-04-27,135.7,134.13,129.48,111.34,132.71,135.73,134.61,728.58,118.785,119.29,104.88,90.3269,84.50428009033203
2012-04-30,137.61,135.76,129.98,111.09,132.97,135.96,134.84,727.09,118.5,118.98,104.77,90.3634,99.85459899902344
2012-05-01,136.37,133.76999999999998,129.07999999999998,110.22,133.065,136.015,134.905,729.09,119.185,119.54,106.04,90.3227,75.19068908691406
2012-05-02,135.13,131.78,128.18,109.35,133.16,136.07,134.97,731.09,117.53,117.82,105.21,90.6144,87.5736312866211
2012-05-03,133.82,130.47,126.7,108.24,131.64,134.5,133.4,718.12,115.925,116.44,102.57,90.6839,101.76319885253906
2012-05-04,130.86,127.5,123.73,105.32,128.84,131.46,130.36,704.24,111.83,112.21,98.6,91.0497,62.24031066894531
2012-05-07,129.12,125.91,122.75,102.36,126.0,128.54,127.44,686.88,111.3325,111.65,98.13,91.0747,60.385345458984375
2012-05-08,127.88,124.74,121.58,102.47,125.68,128.32,127.27,686.92,110.835,111.09,97.27,91.4107,84.52481842041016
2012-05-09,127.12,123.98,120.82,102.5,125.84,128.43,127.38,683.9,112.18,112.28,96.39,91.7632,54.60276794433594
2012-05-10,127.17,124.03,120.87,101.6,126.34,128.78,127.75,681.52,112.73,112.52,96.91,91.7077,55.440460205078125
2012-05-11,126.42,123.28,120.12,100.68,124.94,127.37,126.33,673.38,112.63,112.39,95.9,91.7306,110.3074951171875
2012-05-14,125.88,122.57,119.02,100.56,123.81,126.13,125.12,668.44,110.755,110.61,94.43,92.2491,65.92174530029297
2012-05-15,125.49,122.25,118.75,100.12,124.1,126.53,125.66,677.73,111.2,110.92,93.31,92.5235,92.65923309326172
2012-05-16,124.58,120.73,117.33,98.86,123.25,126.14,125.21,675.02,111.065,110.72,92.78,92.903,67.07111358642578
2012-05-17,124.26,120.41,117.01,98.15,122.69,125.33,124.41,673.61,109.23,108.74,92.46,92.9632,53.89209747314453
2012-05-18,121.81,118.01,114.61,96.01,120.61,123.43,122.37,655.59,108.21,107.42,91.82,93.1395,147.14547729492188
2012-05-21,122.44,118.64,115.24,94.9,121.09,123.91,122.8,660.92,108.905,108.1,92.73,93.0945,59.07185363769531
2012-05-22,122.78,119.03,115.63,94.38,121.39,124.1,123.05,664.59,109.945,109.22,91.29,93.1113,115.74031829833984
2012-05-23,121.73,118.03,114.68,93.43,120.02,122.44,121.52,661.15,106.845,106.4,90.02,93.8855,86.14241790771484
2012-05-24,119.5,115.85,112.5,91.04,118.83,121.22,120.32,650.89,107.4,106.72,90.39,93.8027,113.44409942626953
2012-05-25,121.38,117.78,114.43,93.38,120.04,122.24,121.37,664.67,107.73,107.23,90.66,93.9488,81.91314697265625
2012-05-28,121.94,118.4,115.07,94.13,120.72,122.65,121.78,662.55,107.68,107.53,90.72,93.9488,157.4913330078125
2012-05-29,122.25,118.75,115.42,94.63,120.67,122.6,121.73,661.64,107.345,107.38,90.78,93.875,91.09561157226562
2012-05-30,120.58,117.13,113.8,92.72,118.22,120.29,119.41,653.0,103.535,103.63,87.46,94.302,88.2839584350586
2012-05-31,118.65,115.2,111.87,89.93,116.51,118.87,117.99,640.43,101.655,102.04,86.65,94.6856,91.92120361328125
2012-06-01,116.99,113.36,108.35,85.82,113.57,116.09,115.18,621.72,98.46,98.21,83.34,94.6979,67.89513397216797
2012-06-04,113.41,109.81,104.91,81.94,109.91,112.96,112.06,592.88,99.375,99.00666666666666,84.04,94.5184,40.61731719970703
2012-06-05,113.62,110.36,106.81,83.7,111.16,114.26,113.36,594.62,100.29,99.80333333333331,84.08,94.6184,67.32860565185547
2012-06-06,114.17,110.87,107.79,84.74,112.41,115.32,114.37,603.16,101.205,100.6,85.1,94.0362,69.86804962158203
2012-06-07,113.02,109.7,106.53,84.69,113.07,116.02,115.0,607.43,99.93,99.65,84.33,93.774,102.94328308105469
2012-06-08,110.37,106.99,103.84,80.48,110.99,113.85,112.79,595.71,97.355,97.35,84.5,94.2024,92.90912628173828
2012-06-11,113.19,109.99,106.8,83.94,113.49,116.47,115.32,617.26,97.98,98.22,82.13,94.0369,78.35245513916016
2012-06-12,108.55,105.55,102.6,80.11,110.66,113.65,112.42,605.23,96.285,97.09,83.28,94.0693,92.0157699584961
2012-06-13,108.25,105.8,102.6,79.39,111.46,114.19,113.01,612.07,97.32,97.69,82.47,93.8309,99.33882141113281
2012-06-14,107.14,104.74,101.74,80.0,111.36,113.84,112.66,610.16,96.62,96.99,84.34,93.8152,112.46371459960938
2012-06-15,108.05,105.62,102.49,81.89,112.28,114.85,113.67,620.62,97.01,97.64,84.01,93.5203,55.382530212402344
2012-06-18,106.84,104.48,101.64,82.21,112.01,114.6,113.42,613.86,95.27,95.71,82.85,93.6431,102.8192367553711
2012-06-19,104.18,101.89,98.86,79.23,109.56,112.34,111.16,591.08,95.19,96.01,84.18,93.0524,111.61479949951172
2012-06-20,104.07,101.85,99.1,78.76,110.98,113.79,112.62,598.87,93.53,94.63,80.85,93.1602,147.8824920654297
2012-06-21,99.36,97.19,94.64,76.28,108.0,110.86,109.61,584.87,89.165,90.53,78.24,93.6378,73.04448699951172
2012-06-22,97.93,96.28,92.95,75.33,106.25,109.03,107.79,571.51,89.365,90.44,79.64,93.9205,72.01234436035156
2012-06-25,99.57,97.79,94.16,76.33,106.18,109.03,107.72,574.18,88.62,89.88,78.99,94.1757,99.9677505493164
2012-06-26,101.21,99.71,96.37,79.15,107.53,110.36,109.05,579.13,90.285,91.45,79.41,93.9859,129.9046173095703
2012-06-27,102.01,100.56,97.36,79.15,107.95,110.76,109.45,578.4,92.43,93.35,80.3,93.8728,48.38581848144531
2012-06-28,101.46,100.05,97.0,80.65,108.5,111.38,110.11,583.92,91.455,92.32,78.11,94.0203,92.0157699584961
2012-06-29,102.57,101.1,97.8,81.32,108.84,112.06,110.79,582.95,94.495,95.36,84.8,92.9096,80.06205749511719
2012-07-02,105.84,104.37,101.07,83.85,112.07,114.95,113.68,596.42,95.505,95.87,83.49,92.951,45.3155632019043
2012-07-03,106.74,105.31,102.17,86.1,112.99,115.84,114.57,601.24,100.42,100.33,87.57,92.6508,77.41548156738281
2012-07-04,108.9,107.47,104.32,86.63,114.86,117.58,116.33,611.95,99.56,99.31,87.25999999999999,92.6508,129.361083984375
2012-07-05,111.0,108.64,105.16,88.46,115.28,118.25,116.97,619.64,101.805,100.94,86.95,93.2211,82.71080780029297
2012-07-06,112.09,109.68,106.08,89.65,115.49,118.68,117.43,613.59,98.51,97.97,84.25,93.7087,62.64903259277344
2012-07-09,111.18,108.73,105.03,89.39,114.48,117.78,116.53,603.27,99.96,99.09,85.63,93.6974,83.69519805908203
2012-07-10,111.57,109.33,106.13,88.45,114.25,117.95,116.73,600.56,99.13,98.68,83.93,93.5552,97.55320739746094
2012-07-11,111.81,109.57,106.37,89.56,114.95,118.57,117.3,601.86,99.165,98.93,86.06,93.5981,69.2664794921875
2012-07-12,112.43,110.19,106.99,90.0,114.65,118.39,117.12,606.12,99.57,98.96,85.89,93.9298,66.01834869384766
2012-07-13,115.38,113.14,109.94,91.5,116.29,119.47,118.2,615.45,102.4,101.55,87.27,93.5515,107.78419494628906
2012-07-16,117.18,114.75,110.78,92.24,116.78,119.87,118.59,615.82,103.51,103.08,88.29,93.3746,54.23030090332031
2012-07-17,119.85,115.57,112.87,95.1,118.84,121.87,120.62,629.69,104.035,103.64,88.96,93.3479,155.83316040039062
2012-07-18,119.63,115.43,112.68,95.1,119.15,122.31,121.07,630.33,105.765,105.365,89.82,93.0973,104.48519134521484
2012-07-19,123.23,119.08,116.28,96.27,121.85,124.97,123.75,641.97,107.81,107.51,92.43,93.0438,147.7859344482422
2012-07-20,125.19,120.88,117.45,96.92,122.65,125.64,124.42,649.63,106.815,106.76,91.44,93.3653,166.3677978515625
2012-07-23,121.88,117.58,114.15,93.09,119.33,122.37,120.97,626.65,103.85,103.86,87.81,93.9297,80.69075012207031
2012-07-24,122.09,117.27,114.2,92.39,119.34,122.25,120.88,626.33,103.51,103.64,88.37,94.2635,109.74150848388672
2012-07-25,120.09,116.41,113.25,91.73,119.22,121.69,120.42,626.04,102.45,102.94,88.77,94.0564,86.86112976074219
2012-07-26,118.59,115.91,113.02,90.95,119.56,122.11,120.84,632.02,104.975,105.25,89.53,93.3595,76.39044952392578
2012-07-27,120.04,117.36,114.71,91.34,121.23,123.87,122.72,640.92,106.11,106.23,90.27,92.9333,67.26025390625
2012-07-30,120.8,118.12,115.47,92.69,121.25,124.06,122.93,642.65,106.305,106.36,89.61,93.0524,112.50230407714844
2012-07-31,122.36,119.41,116.14,93.47,120.9,123.72,122.59,642.3,105.765,105.83,87.57,92.8422,65.10248565673828
2012-08-01,122.7,119.75,116.4,94.44,120.63,123.29,122.28,640.34,106.8,105.14,88.83,92.8905,67.74896240234375
2012-08-02,126.73,123.28,118.16,97.22,121.45,124.02,123.02,641.13,107.645,105.23,87.18,93.4269,52.747894287109375
2012-08-03,127.64,123.18,119.19,97.06,121.98,124.44,123.48,641.83,109.765,107.54,91.35,92.6048,74.2411117553711
2012-08-06,128.98,124.52,120.48,98.04,124.33,126.64,125.86,650.61,109.85,107.82,92.09,92.4339,99.59353637695312
2012-08-07,131.27,125.9,122.18,99.5,126.09,128.25,127.48,660.27,112.58,110.13,93.38,92.5128,114.60892486572266
2012-08-08,133.93,128.53,124.68,100.45,127.44,129.46,128.7,664.24,113.81,111.38,93.28,92.5407,75.28562927246094
2012-08-09,135.515,130.095,126.155,101.56,128.36,130.425,129.64499999999998,665.8199999999999,113.55,111.53,93.42,92.6057,87.43833923339844
2012-08-10,137.1,131.66,127.63,102.67,129.28,131.39,130.59,667.4,112.965,110.92,93.12,92.5129,85.19978332519531
2012-08-13,138.01,131.75,128.4,103.22,129.31,131.45,130.65,668.47,113.885,111.99,92.8,92.5955,89.93396759033203
2012-08-14,137.58,131.57,128.14,101.69,129.85,131.92,131.0,673.68,113.765,111.88,93.37,92.6152,109.05572509765625
2012-08-15,135.52,129.54,126.14,103.3,130.46,132.31,131.26,673.41,115.285,113.37,94.25,92.6838,94.5273666381836
2012-08-16,137.0,131.12,127.81,104.57,132.4,134.48,133.43,684.76,115.995,114.5,95.32,92.5737,95.69639587402344
2012-08-17,135.95,130.27,127.0,104.26,132.06,134.25,133.2,682.82,115.225,114.12,96.09,92.711,104.33283996582031
2012-08-20,135.43,129.91500000000002,126.755,104.18,131.92000000000002,134.235,133.2,682.75,115.12,114.15,95.86,92.6263,69.01182556152344
2012-08-21,134.91,129.56,126.51,104.1,131.78,134.22,133.2,682.68,116.07,115.38,96.55,92.3053,75.3927230834961
2012-08-22,132.33,127.63,125.35,103.87,131.97,134.52,133.47,684.14,115.86,115.11,97.04,92.4362,123.79440307617188
2012-08-23,132.53,128.87,126.88,106.23,133.57,136.33,135.27,696.69,117.53,116.39,95.73,92.1057,76.19268798828125
2012-08-24,130.82,127.87,124.77,106.84,132.74,135.28,134.2,687.89,115.975,114.96,95.6,92.2785,69.69965362548828
2012-08-27,131.37,128.89,125.34,108.07,133.98,136.36,135.28,692.22,114.285,113.73,95.48,92.3135,83.16069793701172
2012-08-28,128.61,126.18,122.98,106.09,132.44,134.58,133.5,685.28,112.595,112.5,96.4,92.2033,73.70896911621094
2012-08-29,126.73,124.33,121.13,104.76,131.59,133.56,132.49,680.66,112.575,112.44,95.47,92.3823,65.1778335571289
2012-08-30,126.53,124.13,120.93,106.98,132.93,134.72,133.65,688.83,112.81,112.82,94.78,92.6239,84.21781921386719
2012-08-31,125.04,122.64,119.28,107.32,133.39,134.82,133.71,687.82,114.4,114.51,96.44,92.1677,69.28677368164062
2012-09-03,125.55,123.15,119.79,108.97,134.59,135.99,134.88,695.93,115.335,115.01,95.98,92.1677,57.5265007019043
2012-09-04,127.63,125.06,121.3,110.52,136.7,137.42,136.25,704.93,114.64,114.54,95.52,92.1582,83.33502960205078
2012-09-05,125.03,122.46,118.7,108.72,134.04,134.48,133.41,690.66,113.18,113.34,95.47,92.1262,81.70010375976562
2012-09-06,126.44,123.94,120.24,109.07,134.09,134.44,133.37,693.96,114.35,114.48,94.97,91.8973,54.94014358520508
2012-09-07,128.59,126.09,122.39,109.24,133.84,134.05,132.81,692.46,113.725,113.55,96.31,91.3469,69.73827362060547
2012-09-10,130.38,127.85,124.03,110.27,134.62,134.82,133.49,696.43,114.04,114.1,96.4,91.3102,66.42849731445312
2012-09-11,130.35,127.82,124.0,110.35,134.48,134.64,133.23,697.56,114.73,114.8,96.97,91.0575,79.34294128417969
2012-09-12,131.55,129.0,125.4,110.57,135.67,135.92,134.59,700.76,115.43,115.35,96.83,91.0477,99.15667724609375
2012-09-13,131.55,128.41,124.71,108.54,135.11,135.9,134.55,699.11,115.95,115.8,98.08,90.9632,65.81260681152344
2012-09-14,132.63,129.68,126.17,109.69,136.02,137.46,135.92,710.5,117.15,116.95,99.0,90.1436,76.23063659667969
2012-09-17,132.08,128.83,125.03,108.56,135.22,137.19,135.72,703.19,116.49,116.23,96.34,90.2837,92.0157699584961
2012-09-18,128.92,125.67,121.87,104.92,131.96,134.25,132.79,686.01,113.125,113.21,95.31,90.5029,82.91783905029297
2012-09-19,128.18,124.93,121.13,104.34,131.25,133.73,132.27,679.54,108.415,108.51,91.81,90.4646,53.06172561645508
2012-09-20,125.95,122.56,118.22,99.51,127.0,129.37,128.04,652.15,108.995,108.95,92.55,90.7631,52.32091522216797
2012-09-21,128.07,124.74,120.65,102.57,129.1,131.56,130.26,669.53,111.19,110.98,92.69,90.5342,67.89513397216797
2012-09-24,127.93,124.73,121.17,103.07,129.2,131.46,130.09,667.57,108.88,109.31,91.61,90.8263,60.30682373046875
2012-09-25,128.1,124.92,121.54,103.51,129.65,131.54,130.21,666.92,110.46,110.96,90.75,90.6074,74.92713165283203
2012-09-26,127.05,123.87,120.49,103.29,128.55,130.36,129.2,659.36,108.83,109.18,89.84,91.0028,87.26852416992188
2012-09-27,129.9,126.61,122.81,104.04,128.96,130.4,129.4,656.39,111.3,111.61,92.11,90.7538,106.64201354980469
2012-09-28,132.39,129.1,125.3,106.37,131.31,132.78,131.78,669.24,111.03,111.64,92.05,90.8342,89.97920227050781
2012-10-01,132.11,128.55,124.47,106.64,130.21,131.71,130.71,667.22,112.28,111.28,92.45,90.7011,52.09804916381836
2012-10-02,131.0,127.44,123.36,105.58,130.72,132.29,131.11,666.81,112.375,111.31,91.83,90.644,81.33536529541016
2012-10-03,127.37,124.2,120.7,103.28,129.63,131.31,130.07,657.38,109.325,108.12,87.87,90.8726,63.84767532348633
2012-10-04,126.52,123.35,119.85,101.34,128.12,130.04,128.63,645.81,110.77,109.14,91.6,90.4932,72.01234436035156
2012-10-05,131.36,128.19,124.64,104.7,131.53,132.71,131.3,657.59,112.275,110.72,89.88,90.2851,87.9742202758789
2012-10-08,131.29,127.94,124.34,104.26,130.0,131.35,129.99,639.43,112.49,111.23,89.63,90.2851,92.6003646850586
2012-10-09,131.99,128.6,124.85,105.09,131.06,132.59,131.18,640.09,114.515,112.71,92.28,90.8703,108.14913177490234
2012-10-10,133.54,130.15,126.4,107.31,132.87,133.84,132.32,662.62,115.94,114.28,91.39,90.883,64.5305404663086
2012-10-11,133.59,130.2,126.45,107.43,134.24,134.88,133.24,663.94,116.01,114.66,92.39,90.7437,89.17181396484375
2012-10-12,132.23,129.0,125.93,107.02,133.8,134.46,132.74,659.72,115.065,113.49,91.85,90.6833,81.25166320800781
2012-10-15,131.14,127.67,124.84,105.86,132.54,133.54,131.67,659.33,114.715,113.45,91.79,90.6409,129.81033325195312
2012-10-16,130.72,127.62,124.42,107.46,132.56,133.92,132.11,661.49,114.805,113.95,92.01,90.5583,79.95852661132812
2012-10-17,128.53,125.43,122.13,107.46,131.77,133.26,131.44,653.82,113.605,113.27,91.93,90.2309,95.4528579711914
2012-10-18,127.42,124.32,120.92,105.93,131.75,133.1,131.26,653.5,112.225,112.36,92.09,90.3804,109.91007995605469
2012-10-19,127.25,124.08,120.38,106.35,131.37,132.31,130.5,655.02,111.615,111.66,90.12,90.8107,103.82190704345703
2012-10-22,123.13,120.05,116.48,103.38,129.14,129.82,128.02,648.38,109.465,109.75,88.5,90.7911,163.3594970703125
2012-10-23,121.36,118.14,114.01,102.27,127.16,128.14,126.5,645.64,107.32,107.57,86.28,91.0945,106.50161743164062
2012-10-24,119.98,116.93,113.19,102.24,126.26,127.25,125.61,637.79,107.49,107.68,85.25,91.1275,74.35617065429688
2012-10-25,118.56,115.51,111.77,102.21,126.44,127.63,126.08,637.92,107.495,107.6,85.68,91.02,89.9630355834961
2012-10-26,119.205,116.155,112.41,102.92,126.86,128.08499999999998,126.615,636.9849999999999,108.845,108.93,86.06,91.1411,67.88048553466797
2012-10-29,119.85,116.8,113.05,103.63,127.28,128.54,127.15,636.05,109.265,109.02,85.3,91.1411,117.22061920166016
2012-10-30,120.67,117.55,113.7,104.42,127.85,128.65,127.45,628.47,109.26,108.99,85.51,91.1411,69.49442291259766
2012-10-31,120.93,117.71,113.46,104.15,127.41,128.72,127.52,627.18,109.72,109.14,86.1,91.1609,75.20423889160156
2012-11-01,118.07,115.47,112.78,104.55,126.52,128.21,127.01,620.49,109.05,107.61,86.92,91.1217,53.590579986572266
2012-11-02,117.73,115.13,112.44,104.53,125.08,127.02,125.84,615.56,106.805,105.74,84.87,91.281,55.20946502685547
2012-11-05,114.78,112.48,110.2,100.87,122.35,124.13,122.99,598.1,106.045,105.04,85.76,91.4778,61.5718879699707
2012-11-06,117.78,115.53,113.3,102.24,123.87,125.61,124.26,603.38,109.425,108.28,88.32,91.2908,129.58700561523438
2012-11-07,122.97,119.76,116.67,104.79,126.54,128.31,126.96,621.67,108.455,107.22,84.57,91.4514,43.58641815185547
2012-11-08,119.42,116.21,113.12,101.13,123.49,124.86,123.51,604.46,107.335,106.2,85.11,91.5375,59.48845672607422
2012-11-09,119.76,116.52,113.16,101.35,123.16,124.28,123.03,598.87,108.735,107.295,86.06,91.6871,72.01234436035156
2012-11-12,122.57,119.36,116.14,103.82,124.65,125.88,124.57,611.39,110.27,108.97,85.58,91.6871,108.3355484008789
2012-11-13,122.5,119.12,116.055,103.27,124.285,125.38,124.16,611.875,107.855,107.57,85.3,91.7356,61.272926330566406
2012-11-14,122.43,118.88,115.97,102.72,123.92,124.88,123.75,612.36,108.56,108.4,86.28,91.7942,56.916969299316406
2012-11-15,125.68,122.13,118.63,104.05,125.29,126.1,124.97,618.84,109.105,108.68,85.25,91.8837,96.56777954101562
2012-11-16,124.19,121.19,118.16,102.96,124.83,125.18,124.05,617.28,108.16,108.01,86.63,92.0095,98.02496337890625
2012-11-19,124.93,122.98,119.74,103.3,125.78,126.48,125.35,622.27,111.215,111.12,88.85,91.5653,116.35051727294922
2012-11-20,125.73,123.78,120.48,103.14,126.79,128.24,127.11,624.09,109.94,110.07,86.64,91.556,135.60218811035156
2012-11-21,123.46,121.47,118.07,102.23,126.07,127.79,126.66,615.19,110.3,110.455,86.8,91.6645,116.17536163330078
2012-11-22,124.57,122.58,119.18,101.1,126.6,128.37,127.24,619.0,110.065,110.19,87.12,91.6645,121.62774658203125
2012-11-23,125.12,123.01,119.33,101.26,126.27,128.29,127.16,619.16,110.51,110.91,87.44,91.2616,122.54585266113281
2012-11-26,125.0,122.76,118.77,101.82,126.81,129.08,127.92,624.44,109.885,110.59,87.76,91.2789,110.5606689453125
2012-11-27,123.48,121.33,117.7,102.54,126.49,128.8,127.64,624.88,109.35,109.93,87.28,91.2608,67.26025390625
2012-11-28,122.44,120.43,117.12,101.74,124.99,127.33,126.22,615.83,108.35,108.95,86.63,91.33,55.39410400390625
2012-11-29,122.1,120.14,117.08,102.41,124.4,127.18,126.01,606.22,110.375,110.71,87.9,91.2104,56.9495849609375
2012-11-30,122.71,120.77,117.87,102.91,125.54,128.46,127.22,606.92,110.6,110.83,88.88,91.1038,68.23002624511719
2012-12-03,122.59,120.68,118.08,104.53,126.75,129.61,128.09,613.04,111.335,110.42,89.03,91.0084,67.43140411376953
2012-12-04,122.03,120.07,117.02,103.89,126.13,129.23,127.7,612.17,110.105,109.05,88.49,90.9748,101.98326873779297
2012-12-05,120.42,118.44,115.18,102.28,125.98,129.02,127.26,613.73,109.36,108.4,87.9,90.9423,84.93763732910156
2012-12-06,118.12,116.14,112.88,102.23,124.75,127.59,125.84,611.64,107.39,106.52,86.29,91.0629,39.543968200683594
2012-12-07,117.0,115.02,111.96,101.65,123.35,126.02,124.02,603.31,107.175,106.28,85.91,91.0437,107.20284271240234
2012-12-10,118.33,116.45,113.59,102.49,122.56,124.95,122.99,605.23,108.21,107.09,85.58,90.9631,59.91724395751953
2012-12-11,118.46,116.58,113.72,101.93,122.08,124.51,122.8,607.65,107.605,106.41,85.78,90.8403,107.62855529785156
2012-12-12,118.88,117.0,114.01,102.03,122.83,125.16,123.45,610.02,109.79,108.24,86.9,90.7708,108.60877227783203
2012-12-13,119.73,117.83,114.83,101.03,123.92,125.84,124.13,610.89,109.525,107.79,86.08,90.776,95.92377471923828
2012-12-14,117.97,116.07,113.07,101.63,123.48,125.09,123.44,609.22,109.155,107.76,86.81,90.7156,104.71763610839844
2012-12-17,119.71,117.81,114.81,102.73,123.95,125.26,124.01,612.41,109.645,108.22,87.32,90.6193,87.63406372070312
2012-12-18,119.97,118.24,115.31,103.38,124.0,124.92,123.79,611.58,110.21,108.95,87.99,90.5161,80.30467224121094
2012-12-19,120.37,118.45,115.71,103.42,124.86,126.07,124.9,613.87,111.1,109.89,89.49,90.4896,102.01748657226562
2012-12-20,121.83,119.58,116.53,103.92,126.19,127.29,126.07,615.36,110.485,109.85,89.62,90.6002,82.29981994628906
2012-12-21,121.82,120.04,116.79,103.55,125.95,127.23,126.11,613.62,108.93,108.82,88.29,90.9597,77.03646087646484
2012-12-24,121.62,119.93,116.77,103.58,124.94,126.06,124.94,610.75,108.08,108.32,88.28,91.0354,89.38674926757812
2012-12-26,122.45,120.75,117.55,104.85,124.85,125.85,124.73,611.53,109.0,109.255,91.05,91.0606,55.93453598022461
2012-12-27,124.48,122.85,119.73,106.47,126.56,127.31,126.19,620.41,109.92,110.19,91.12,91.1037,61.99993133544922
2012-12-28,124.18,122.58,120.18,105.01,126.49,127.12,126.0,619.21,109.695,110.07,91.01,91.0419,103.94142150878906
2012-12-31,124.08,122.48,120.17,103.68,125.34,125.86,124.89,612.59,109.985,109.62,91.56,91.0834,49.50288009643555
2013-01-02,125.63,123.69,120.92,105.69,126.1,126.98,125.91,618.22,113.415,111.23,92.87,90.6941,82.32990264892578
2013-01-03,125.5,122.99,120.79,105.38,126.5,127.21,126.21,622.8,113.835,111.34,92.76,90.8097,78.42606353759766
2013-01-04,123.99,121.49,119.17,104.33,126.36,126.8,125.86,633.68,112.87,110.42,93.04,91.1025,80.4021224975586
2013-01-07,122.62,121.01,117.99,104.05,126.27,126.43,125.47,632.17,112.565,110.42,93.23,90.9852,83.806640625
2013-01-08,123.43,121.43,119.14,104.68,127.1,127.25,126.29,632.55,113.005,110.95,93.23,91.057,84.62763977050781
2013-01-09,123.34,121.89,119.77,106.07,128.2,128.2,127.21,635.03,112.87,110.94,93.16,91.0088,70.40132904052734
2013-01-10,123.33,121.85,119.43,105.85,128.76,128.94,127.88,640.77,113.265,111.76,93.84,90.6425,54.5674934387207
2013-01-11,122.2,120.73,118.35,104.5,128.09,128.25,127.17,637.54,110.31,109.53,93.7,90.5352,94.95783996582031
2013-01-14,120.36,118.86,116.35,102.33,127.03,127.16,126.08,631.41,111.24,110.26,94.2,90.4935,77.53734588623047
2013-01-15,121.84,120.34,117.89,104.55,128.33,128.54,127.3,633.96,111.69,110.63,93.41,90.5191,124.8553237915039
2013-01-16,121.02,119.49,116.94,102.9,127.02,127.15,125.91,626.08,110.785,110.01,94.25,90.596,96.06802368164062
2013-01-17,121.33,119.83,117.61,102.64,127.09,127.2,125.88,630.31,111.145,110.39,95.37,90.5401,125.95314025878906
2013-01-18,122.99,121.43,118.68,104.98,127.97,128.34,126.98,638.25,111.845,110.96,95.44,90.8697,146.60467529296875
2013-01-21,123.97,122.43,119.87,105.49,128.29,128.46,127.1,639.15,112.605,111.8,95.795,90.8697,121.64796447753906
2013-01-22,124.2,122.62,119.67,105.58,128.66,128.6,127.14,632.44,113.0,112.16,96.15,90.7892,151.14378356933594
2013-01-23,125.41,123.83,120.88,107.52,128.83,128.93,127.34,629.09,113.74,112.86,94.88,90.8376,116.95853424072266
2013-01-24,125.67,124.06,120.99,107.56,129.23,129.25,127.57,631.86,114.465,113.75,95.16,90.9112,98.55047607421875
2013-01-25,126.75,125.12,121.96,107.16,129.35,129.51,127.85,636.49,113.83,113.2,95.53,91.0868,124.61068725585938
2013-01-28,126.15,124.5,121.29,107.11,128.39,128.89,127.11,634.48,113.665,113.34,96.46,91.2354,121.24431610107422
2013-01-29,127.37,125.74,122.7,106.83,128.74,129.19,127.41,636.15,115.08,114.49,97.36,90.9406,37.03491973876953
2013-01-30,129.89,128.23,125.08,108.33,130.67,131.02,129.2,639.63,115.28,114.83,97.96,90.8836,90.16455841064453
2013-01-31,131.07,129.37,126.07,108.6,130.95,131.3,129.44,644.66,115.73,115.33,97.44,90.798,53.66896438598633
2013-02-01,131.82,130.12,126.82,110.02,132.0,132.48,130.63,649.03,116.885,115.94,97.63,90.6923,134.15383911132812
2013-02-04,133.59,131.29,127.81,110.61,133.2,133.89,132.09,652.8,116.445,115.37,96.26,90.9774,82.70536804199219
2013-02-05,132.23,129.98,126.6,109.68,132.84,133.5,131.76,650.94,117.005,115.93,96.65,90.881,81.3898696899414
2013-02-06,134.21,132.01,129.01,110.7,134.49,134.99,133.3,655.5,116.82,115.93,96.7,91.0176,92.0157699584961
2013-02-07,136.64,134.71,131.52,112.95,135.3,135.6,133.85,658.27,117.3,116.43,95.76,91.2912,75.93278503417969
2013-02-08,136.58,134.63,131.46,114.33,136.62,136.57,134.87,661.48,119.025,118.19,95.78,91.3056,91.72178649902344
2013-02-11,136.67000000000002,135.02333333333334,131.90666666666667,114.59666666666666,136.89,136.79333333333332,135.09333333333333,662.8166666666667,118.485,117.53,96.92,91.4451,98.34883880615234
2013-02-12,136.76,135.41666666666666,132.35333333333335,114.86333333333332,137.16,137.01666666666668,135.31666666666666,664.1533333333333,118.005,117.29,97.46,91.2779,91.13523864746094
2013-02-13,136.85,135.81,132.8,115.13,137.43,137.24,135.54,665.49,118.465,117.87,97.05,91.2709,176.86680603027344
2013-02-14,136.43,135.44,132.39,115.48,136.79,136.75,135.06,664.14,118.325,118.03,97.37,91.366,86.18997192382812
2013-02-15,136.9,135.91,132.86,117.29,136.43,137.01,135.18,661.39,117.47,117.0,95.94,91.4551,73.30233764648438
2013-02-18,137.06,135.75,132.48,116.01,136.02,136.84,134.99,658.23,117.51,117.42,96.235,91.4551,63.09653091430664
2013-02-19,137.0,135.11,131.89,113.79,135.56,136.28,134.43,654.25,117.18,117.1,96.53,91.5073,113.0272445678711
2013-02-20,137.37,134.55,131.95,111.95,135.32,136.34,134.5,655.32,116.145,116.29,94.51,91.6689,86.96478271484375
2013-02-21,135.6,132.76,129.7,108.98,132.67,133.83,131.99,644.1,114.435,114.29,92.74,92.0394,33.24657440185547
2013-02-22,137.24,134.4,129.83,108.56,132.42,133.66,131.81,639.96,113.74,113.8,92.9,92.1197,81.15421295166016
2013-02-25,136.45,133.61,129.92,109.79,132.53,133.89,131.94,642.55,114.835,114.79,92.77,92.1975,49.62648391723633
2013-02-26,133.66,130.91,128.02,109.82,130.51,132.09,130.23,639.2,113.11,113.23,92.53,92.4247,114.36246490478516
2013-02-27,133.01,130.18,127.35,110.54,129.78,131.43,129.65,637.78,112.405,112.4,92.88,92.234,119.15711212158203
2013-02-28,129.2,126.38,123.54,108.37,127.92,129.5,127.72,635.45,112.055,112.24,91.84,92.295,66.07115936279297
2013-03-01,129.24,126.43,123.41,107.55,126.45,128.07,126.29,629.31,110.225,109.55,90.93,92.6177,56.746341705322266
2013-03-04,130.0,127.18,123.93,104.78,125.24,126.57,124.93,626.62,109.855,109.19,89.99,92.6316,45.37763977050781
2013-03-05,127.84,125.05,122.1,103.05,125.66,126.95,125.41,632.0,110.495,109.91,90.82,92.4965,85.88137817382812
2013-03-06,129.66,126.53,123.66,104.83,126.62,127.95,126.42,643.84,110.405,110.15,90.43,92.4965,89.93396759033203
2013-03-07,128.72,124.33,121.39,103.57,125.82,127.65,125.93,642.03,110.55,110.48,91.53,92.5462,89.28753662109375
2013-03-08,129.81,125.39,121.99,104.31,126.02,127.82,126.1,642.13,108.965,109.45,91.83,92.6252,92.39599609375
2013-03-11,130.12,125.68,121.99,104.25,125.14,127.01,125.29,643.12,108.855,109.48,91.87,92.5351,70.56848907470703
2013-03-12,129.13,124.27,120.38,102.83,124.55,126.27,124.57,644.42,108.66,109.39,92.5,92.3853,92.6003646850586
2013-03-13,129.32,124.43,120.43,102.75,124.91,126.65,124.93,641.56,107.43,108.37,92.27,92.4709,104.33283996582031
2013-03-14,128.03,123.16,119.24,102.32,123.82,125.33,123.61,637.47,107.975,108.7,92.98,92.4695,49.96774673461914
2013-03-15,128.42,123.6,119.89,101.87,123.71,125.09,123.37,644.81,109.315,109.815,93.5,92.128,86.62572479248047
2013-03-18,127.8,123.42,119.82,100.57,123.3,124.81,123.09,640.03,108.49,109.035,93.77,92.3377,107.28964233398438
2013-03-19,126.87,123.43,120.0,99.76,122.93,124.84,123.12,640.52,107.6,108.2,92.23,92.526,82.03292083740234
2013-03-20,124.51,121.81,118.61,99.0,120.79,122.77,121.08,631.63,107.09,107.76,93.15,92.4141,72.51012420654297
2013-03-21,125.35,122.66,119.5,99.92,121.02,123.41,121.72,632.2,106.725,107.73,92.1,92.3322,85.62372589111328
2013-03-22,123.23,120.97,118.01,98.96,119.84,122.39,120.75,628.0,106.235,107.44,93.39,92.2051,109.61961364746094
2013-03-25,124.11,121.83,118.78,100.09,120.44,122.68,121.04,630.48,106.195,107.83,94.34,92.3081,102.8192367553711
2013-03-26,124.54,122.3,119.47,99.67,120.48,122.69,121.15,629.54,106.905,108.29,96.29,92.232,87.94427490234375
2013-03-27,125.82,123.61,120.92,100.56,121.01,123.01,121.47,635.76,108.035,109.38,96.51,92.446,100.5026626586914
2013-03-28,126.06,123.99,121.98,101.19,122.17,124.1,122.45,641.32,107.385,108.96,97.06,92.2544,57.269142150878906
2013-04-01,128.63,123.96,121.72,100.15,121.74,123.39,121.66,638.58,108.445,109.675,97.01,92.1687,99.55804443359375
2013-04-02,130.74,125.67,122.49,99.63,123.32,125.01,123.26,645.24,109.505,110.39,96.96,92.1432,72.47573852539062
2013-04-03,127.04,122.26,119.43,98.8,123.49,125.47,123.82,639.95,107.8,108.55,94.45,92.104,77.13086700439453
2013-04-04,120.34,116.64,114.13,96.88,120.91,123.0,121.27,621.61,105.16,105.75,93.2,92.3896,123.71868896484375
2013-04-05,118.64,116.01,113.72,96.57,119.69,122.02,120.33,621.97,103.95,104.74,92.85,92.1043,99.51920318603516
2013-04-08,117.37,114.57,111.41,95.48,118.43,120.8,119.09,621.59,103.13,104.26,93.42,92.2317,121.8519515991211
2013-04-09,117.23,114.53,111.9,95.68,118.89,121.03,119.43,623.19,103.965,104.83,94.18,91.9669,82.03292083740234
2013-04-10,117.59,114.87,112.11,96.18,119.19,121.4,119.81,625.82,104.655,105.63,94.46,91.9598,92.12703704833984
2013-04-11,115.46,112.74,110.02,94.04,118.52,121.07,119.49,625.2,103.415,104.82,93.27,91.6972,54.70295333862305
2013-04-12,114.81,111.93,108.44,92.43,116.48,119.33,117.77,619.52,100.72,101.69,91.19,91.7967,97.20853424072266
2013-04-15,112.35,109.55,106.54,90.13,114.0,116.63,114.99,609.55,99.265,100.46,88.43,91.9457,105.3128433227539
2013-04-16,110.46,107.7,104.93,89.23,112.3,114.38,112.72,600.8,97.88,99.25,88.58,91.8451,108.67475128173828
2013-04-17,113.35,109.89,106.96,90.34,112.06,114.08,112.26,605.4,96.83,98.09,86.82,92.1372,153.71543884277344
2013-04-18,112.78,109.24,105.72,89.59,110.48,112.41,110.57,599.04,98.08,99.02,88.32,92.176,82.49689483642578
2013-04-19,115.91,111.61,108.01,90.33,112.1,114.47,112.43,603.88,98.735,99.39,87.92,92.2166,91.2050552368164
2013-04-22,115.17,111.69,107.84,90.03,111.77,114.36,112.37,598.74,99.48,99.9,89.0,92.3591,165.16957092285156
2013-04-23,113.85,110.35,106.42,89.57,111.55,114.46,112.53,595.64,99.08,99.975,88.99,92.3836,153.32225036621094
2013-04-24,113.99,110.54,106.75,89.98,112.8,115.81,113.9,601.39,100.54,101.37,91.16,92.4581,104.45033264160156
2013-04-25,115.39,111.98,108.25,91.31,113.8,116.71,114.73,607.03,101.55,102.635,92.9,92.0394,76.640380859375
2013-04-26,117.25,113.81,109.96,93.16,115.2,117.99,116.03,616.94,102.425,103.19,92.88,91.9012,98.46273040771484
2013-04-29,117.37,113.93,110.08,92.63,114.71,117.11,115.19,618.2,102.71,103.52,94.15,91.6539,89.40803527832031
2013-04-30,116.77,113.44,110.12,93.25,114.87,117.31,115.2,621.5,101.455,102.31,93.25,91.3741,74.62605285644531
2013-05-01,114.625,111.3,107.98,91.435,113.365,115.73,113.665,615.835,98.41,98.67,91.05,91.4331,68.93204498291016
2013-05-02,112.48,109.16,105.84,89.62,111.86,114.15,112.13,610.17,100.29,100.4,93.93,91.6174,70.48016357421875
2013-05-03,113.88,110.56,107.24,90.46,113.59,115.65,113.69,617.99,104.715,104.06,95.49,91.5087,82.29981994628906
2013-05-06,116.1,112.79,109.46,92.03,115.57,117.74,115.84,629.21,105.105,104.435,95.79,91.6387,88.39717102050781
2013-05-07,117.06,114.13,110.67,93.05,116.02,118.41,116.51,629.52,105.495,104.81,95.64,91.5201,83.02174377441406
2013-05-08,116.43,113.5,110.04,94.1,115.96,118.71,116.81,625.37,103.67,103.66,96.49,91.1848,84.93763732910156
2013-05-09,116.71,114.01,110.76,93.97,116.07,119.06,117.19,622.33,103.47,103.79,95.86,91.3036,65.07382202148438
2013-05-10,118.28,115.58,112.38,94.53,116.39,119.58,117.68,616.47,101.265,101.82,95.95,92.2527,61.07770919799805
2013-05-13,117.59,114.94,111.97,94.01,115.39,119.04,117.37,606.44,102.1,102.64,94.9,92.2711,78.7603530883789
2013-05-14,117.03,114.38,111.41,94.2,115.29,118.78,117.11,602.12,102.64,102.85,94.11,92.3697,86.73805236816406
2013-05-15,116.37,113.72,110.75,92.78,114.04,117.49,115.9,597.91,101.68,101.49,94.23,92.7691,44.513790130615234
2013-05-16,116.62,113.97,111.0,92.88,114.4,117.69,116.29,605.91,104.36,104.33,95.04,92.6602,89.78886413574219
2013-05-17,117.41,114.76,111.79,94.17,116.42,119.5,118.14,610.12,104.1,104.21,96.01,93.1617,105.79786682128906
2013-05-20,117.49,114.86,111.97,94.92,117.27,120.12,118.89,610.08,104.495,105.08,96.69,93.0359,123.02521514892578
2013-05-21,118.44,115.44,112.62,95.58,117.44,120.13,119.2,611.16,103.01,103.88,95.88,92.9662,95.35551452636719
2013-05-22,117.63,114.98,111.43,93.55,116.04,118.67,117.74,608.54,102.25,103.3,93.9,93.3104,76.76866149902344
2013-05-23,118.76,115.93,111.47,92.94,113.9,116.34,115.47,602.62,100.555,101.33,94.01,93.2113,100.92051696777344
2013-05-24,118.87,115.955,111.8,93.44,114.23,116.595,115.805,605.085,101.21,101.79,93.62,93.2768,104.98847961425781
2013-05-27,118.98,115.98,112.13,93.94,114.56,116.85,116.14,607.55,102.555,103.035,94.325,93.2768,126.3936767578125
2013-05-28,120.33,117.31,113.27,95.12,116.12,118.41,117.8,614.17,103.9,104.28,95.03,93.5853,157.53294372558594
2013-05-29,119.62,116.69,113.17,95.43,116.84,119.1,118.54,617.29,102.38,103.04,93.03,93.531,108.14913177490234
2013-05-30,117.79,114.55,111.4,94.05,115.38,117.47,116.97,608.93,101.825,102.365,93.67,93.4219,95.18872833251953
2013-05-31,118.38,115.13,111.94,93.5,114.18,116.22,115.72,607.39,100.41,101.01,91.84,93.6076,67.14663696289062
2013-06-03,118.12,114.75,110.94,92.38,112.48,114.53,113.97,607.36,101.605,101.85,93.35,93.163,62.92530059814453
2013-06-04,118.54,116.29,112.35,94.6,114.22,116.4,115.98,612.01,102.2,102.31,93.38,93.3067,110.1469497680664
2013-06-05,122.29,119.78,114.78,95.72,115.64,118.54,118.09,619.0,103.66,103.79,93.75,93.275,58.66412353515625
2013-06-06,120.64,118.33,114.31,94.86,115.82,118.62,118.26,618.55,103.295,103.57,94.64,92.809,80.57597351074219
2013-06-07,121.67,119.13,115.13,95.21,116.48,118.81,118.57,619.43,104.03,104.31,96.19,92.6056,156.52792358398438
2013-06-10,122.38,119.79,116.29,94.6,116.51,118.91,118.69,620.39,103.325,104.09,95.82,92.973,97.70214080810547
2013-06-11,121.57,119.1,116.15,93.96,116.26,119.12,119.02,623.09,101.515,102.42,95.4,92.7996,126.30946350097656
2013-06-12,120.21,117.79,115.14,93.62,115.87,118.63,118.56,626.03,103.14,103.96,95.88,92.4775,80.8882827758789
2013-06-13,119.31,116.95,114.44,93.4,116.61,119.27,119.2,630.98,103.38,103.88,96.65,92.3449,82.10367584228516
2013-06-14,120.9,118.54,116.07,95.4,119.2,121.93,121.82,634.15,105.58,106.08,97.83,92.1886,79.86274719238281
2013-06-17,122.29,119.89,117.21,96.11,120.13,122.76,122.33,634.95,105.7,106.09,97.82,92.3332,149.29881286621094
2013-06-18,120.74,118.34,115.62,94.56,118.85,121.49,120.93,635.11,105.085,105.7,98.43,92.5432,124.2212905883789
2013-06-19,122.21,119.68,116.35,95.69,120.04,122.93,122.44,638.99,105.52,106.14,97.77,92.4755,116.4417724609375
2013-06-20,121.03,118.6,115.77,94.35,118.37,121.36,120.83,630.99,102.715,103.07,94.72,94.125,91.31602478027344
2013-06-21,120.83,118.44,115.84,94.2,116.88,119.98,119.76,628.89,100.32,100.63,94.01,94.4243,73.69450378417969
2013-06-24,119.4,117.0,114.34,93.04,114.18,117.53,117.33,614.39,99.74,100.16,95.03,94.5714,89.89329528808594
2013-06-25,119.22,116.84,114.29,92.52,116.13,119.71,119.51,623.92,101.575,101.74,95.15,94.3285,85.92912292480469
2013-06-26,117.9,115.48,112.94,92.88,116.15,119.6,119.23,613.8,100.49,100.82,95.6,94.3807,96.83511352539062
2013-06-27,118.19,115.77,113.26,92.91,117.09,120.27,120.02,603.09,102.94,103.07,96.96,94.2429,39.08634567260742
2013-06-28,118.95,116.51,113.83,93.21,118.07,121.38,121.14,605.59,102.455,102.71,96.51,94.3047,39.43532943725586
2013-07-01,119.92,116.97,113.43,92.43,116.71,120.55,120.2,603.48,103.29,102.78,97.94,94.0998,71.90812683105469
2013-07-02,121.28,118.34,114.84,93.89,116.61,120.39,119.85,601.85,104.005,103.23,99.5,94.4051,107.83097839355469
2013-07-03,122.41,119.59,116.69,95.41,118.4,121.88,121.34,596.46,106.205,105.33,101.19,94.4767,84.93763732910156
2013-07-04,122.85,120.11,117.61,95.74,118.97,123.08,122.48,603.16,105.65,104.78,102.155,94.4767,77.55175018310547
2013-07-05,122.77,120.02,117.46,96.6,119.42,123.54,122.83,601.04,107.315,106.38,103.12,95.0639,67.95011138916016
2013-07-08,123.19,120.42,117.74,97.1,120.44,124.4,123.61,607.23,108.015,107.01,103.0,94.9954,87.94427490234375
2013-07-09,123.67,120.95,118.54,97.78,120.44,124.09,123.19,604.47,107.92,106.98,103.8,94.9467,98.94683074951172
2013-07-10,128.91,125.81,121.51,99.17,121.2,124.65,123.5,601.99,108.47,107.52,106.15,94.7595,87.17283630371094
2013-07-11,131.72,128.6,124.21,99.62,121.89,125.09,123.85,608.38,108.265,107.36,104.7,93.949,77.26105499267578
2013-07-12,131.47,128.37,123.97,99.19,121.21,124.25,122.83,602.28,108.995,107.9,106.14,94.0029,75.10594940185547
2013-07-15,131.89,128.83,124.73,99.97,122.23,125.21,123.72,604.0,109.465,108.2,106.33,93.9729,125.8574447631836
2013-07-16,131.23,128.19,124.21,100.5,122.66,125.66,124.19,604.24,109.445,108.29,105.91,93.5232,100.76251220703125
2013-07-17,128.21,125.39,122.49,98.63,122.28,125.45,123.92,604.76,109.775,108.69,106.46,93.5498,117.40746307373047
2013-07-18,127.88,125.01,121.88,99.03,123.32,126.84,125.15,610.67,109.69,108.81,107.92,93.681,55.372318267822266
2013-07-19,127.08,124.39,122.15,100.05,123.46,126.84,125.25,610.13,109.51,108.56,108.34,93.4759,83.66990661621094
2013-07-22,125.47,122.82,120.78,98.9,123.74,126.84,125.22,609.16,109.115,107.99,106.52,93.2253,78.05756378173828
2013-07-23,121.99,119.28,116.93,98.01,122.42,125.2,123.55,607.8,109.395,108.58,107.24,93.1631,74.88516998291016
2013-07-24,122.16,119.45,117.1,98.14,122.52,125.33,123.68,610.99,108.31,107.52,105.13,93.3124,49.37989044189453
2013-07-25,120.52,117.85,115.68,97.34,121.88,124.74,123.07,606.1,108.34,107.54,105.64,93.2862,54.64029312133789
2013-07-26,119.99,117.32,115.15,97.72,122.03,124.83,123.19,603.46,107.88,107.18,104.72,93.1695,87.67440795898438
2013-07-29,120.8,118.06,115.53,97.16,121.63,124.48,122.73,603.05,108.405,107.79,104.53,93.1663,101.85054779052734
2013-07-30,120.46,117.76,115.43,97.8,122.05,124.62,122.87,607.53,107.63,106.81,103.1,93.3976,96.21566009521484
2013-07-31,118.97,116.28,114.0,96.86,121.56,123.92,122.07,603.59,107.825,107.26,105.13,93.5703,50.381256103515625
2013-08-01,120.14,117.4,115.0,97.38,123.08,125.33,123.46,598.07,110.175,108.45,107.84,93.7972,45.96228790283203
2013-08-02,120.67,117.94,115.58,99.35,124.84,127.06,125.19,600.67,109.74,108.2,106.8,93.5789,43.63861846923828
2013-08-05,119.01,116.27,113.87,99.32,124.31,126.66,124.69,601.55,110.015,108.18,106.46,93.507,85.84397888183594
2013-08-06,117.74,114.93,112.19,98.68,123.0,125.36,123.32,602.61,108.89,107.07,105.43,93.3199,65.87492370605469
2013-08-07,118.26,115.45,112.71,98.08,122.34,124.61,122.66,597.96,108.46,106.56,104.31,93.2652,128.6837158203125
2013-08-08,118.12,115.34333333333332,112.76666666666668,98.38666666666668,122.31333333333332,124.58,122.58333333333331,597.6366666666667,107.5,105.35,103.55,92.8483,95.32569122314453
2013-08-09,117.98,115.23666666666666,112.82333333333332,98.69333333333331,122.28666666666668,124.55,122.50666666666667,597.3133333333334,108.55,106.23,106.1,92.8394,81.24469757080078
2013-08-12,117.84,115.13,112.88,99.0,122.26,124.52,122.43,596.99,109.17,107.0,106.2,92.9178,84.8097152709961
2013-08-13,119.87,117.16,114.91,100.64,124.4,125.82,123.73,606.44,110.655,108.44,106.64,93.476,78.55891418457031
2013-08-14,119.16,116.45,114.2,100.67,124.18,125.55,123.46,602.36,110.655,108.57,106.86,93.382,42.36020278930664
2013-08-15,119.33,116.62,114.37,101.94,125.24,126.71,124.59,610.44,111.85,109.85,107.24,93.5059,75.8603286743164
2013-08-16,119.14,116.43,114.18,101.05,124.74,126.43,124.24,609.95,112.1,110.37,107.47,93.4255,48.60426712036133
2013-08-19,120.24,117.47,114.91,101.6,125.0,126.8,124.58,612.24,111.465,110.54,106.93,93.6623,113.08908081054688
2013-08-20,118.66,115.83,112.97,99.69,123.91,125.66,123.25,604.51,111.065,110.04,105.14,93.5536,96.34892272949219
2013-08-21,118.14,115.42,113.1,100.37,123.99,125.52,123.09,604.38,110.68,109.84,103.99,94.0362,62.34443283081055
2013-08-22,117.92,115.18,112.76,100.64,124.62,125.99,123.55,607.23,110.545,109.94,105.15,94.2804,58.66005325317383
2013-08-23,118.76,116.02,113.6,101.69,124.21,125.62,123.14,607.72,111.485,110.82,106.54,93.9466,98.12107849121094
2013-08-26,120.04,117.3,114.88,102.63,124.59,125.88,123.4,604.87,113.325,112.48,106.0,94.1853,110.09980010986328
2013-08-27,119.82,117.08,114.66,102.02,124.68,125.86,123.53,606.29,115.165,114.14,109.0,94.3934,154.7476806640625
2013-08-28,124.02,121.27,118.79,105.33,128.81,129.86,127.38,618.69,116.065,115.48,109.88,94.4127,140.363037109375
2013-08-29,124.44,121.69,119.21,105.58,128.43,129.13,126.71,622.67,116.695,116.19,108.76,94.6398,187.63999938964844
2013-08-30,123.85,121.1,118.62,104.45,127.99,128.96,126.44,614.93,115.375,115.12,107.78,94.7541,122.40435028076172
2013-09-02,123.62,120.74,117.59,104.4,125.77,127.23,124.76,609.04,114.605,112.25,108.14,94.7541,104.6073989868164
2013-09-03,124.37,121.57,118.79,105.49,125.99,128.12,125.65,608.38,115.57,113.35,108.5,94.9574,105.57984924316406
2013-09-04,124.46,121.6,118.52,105.6,126.73,128.8,126.32,614.79,115.725,113.69,107.06,94.5739,50.25387191772461
2013-09-05,124.79,121.89,118.59,105.22,126.54,128.34,125.86,612.71,115.57,113.75,108.38,94.8891,89.52886199951172
2013-09-06,124.27,121.33,117.83,105.66,126.61,128.36,125.89,609.72,117.12,114.87,110.49,94.2487,126.0838851928711
2013-09-09,123.2,120.4,117.57,105.89,126.84,128.64,126.17,611.1,115.43,113.45,109.12,94.0009,111.56315612792969
2013-09-10,119.9,117.12,114.39,104.11,125.2,126.96,124.5,603.09,112.14,110.18,107.26,93.938,66.75199127197266
2013-09-11,118.12,115.39,112.87,103.85,124.18,125.87,123.44,600.78,112.45,110.74,107.61,93.7112,110.54598236083984
2013-09-12,117.56,114.84,112.36,103.41,124.34,126.31,123.83,605.85,113.045,111.5,108.58,93.5903,76.2971420288086
2013-09-13,119.21,116.45,113.77,104.08,124.71,127.0,124.47,609.55,113.04,111.31,108.23,93.6666,95.27296447753906
2013-09-16,118.92,116.18,113.61,104.77,124.63,127.23,124.67,611.97,111.76,110.26,106.34,93.2875,127.75743865966797
2013-09-17,117.95,115.13,112.16,103.0,123.15,125.68,123.18,608.85,110.105,108.57,105.28,93.2231,112.64398956298828
2013-09-18,115.3,112.57,110.06,101.52,121.55,124.05,121.45,603.61,109.975,109.06,108.19,93.2569,83.11102294921875
2013-09-19,120.34,117.51,114.51,102.51,124.06,126.18,123.48,614.4,110.865,110.18,106.16,92.4082,58.43898391723633
2013-09-20,120.67,117.67,113.79,101.44,122.68,124.69,122.0,613.7,110.11,109.39,104.81,92.6049,90.80135345458984
2013-09-23,118.65,115.89,113.18,100.85,122.15,124.32,121.66,612.25,108.645,108.2,103.66,92.613,164.7133026123047
2013-09-24,117.81,115.05,112.33,99.74,120.55,123.27,120.69,610.01,107.79,108.01,103.42,92.7691,174.1165771484375
2013-09-25,118.85,116.01,112.89,99.79,121.49,124.07,121.53,614.6,109.615,109.66,102.42,92.7675,124.926513671875
2013-09-26,117.74,115.42,112.29,99.29,121.29,124.06,121.46,611.57,108.88,109.0,102.98,93.0096,129.27093505859375
2013-09-27,118.83,116.37,112.34,99.42,121.98,124.92,122.41,617.48,109.245,109.43,102.81,92.9747,131.36656188964844
2013-09-30,116.89,114.31,110.36,97.93,120.78,123.77,121.48,614.77,108.08,107.94,102.4,92.9207,116.45745849609375
2013-10-01,115.48,113.71,109.95,97.5,120.77,124.16,121.97,613.49,107.445,106.44,101.83,92.9515,132.81521606445312
2013-10-02,114.03,112.39,109.26,97.12,120.8,124.08,121.95,614.05,109.155,108.13,104.03,92.772,65.55722045898438
2013-10-03,116.04,114.39,111.2,98.57,122.67,126.0,123.87,625.46,109.38,108.24,103.0,92.7461,40.20857238769531
2013-10-04,116.06,114.41,111.21,98.31,122.87,125.85,123.83,618.76,109.5,108.345,103.7,92.6469,102.0298080444336
2013-10-07,114.68,113.09,110.21,96.66,121.84,124.63,122.92,611.31,109.91,108.84,103.03,92.6725,125.08997344970703
2013-10-08,116.37,114.82,111.92,98.73,123.29,126.44,124.73,605.61,110.73,109.815,103.5,92.7558,93.82888793945312
2013-10-09,116.59,115.07,112.3,99.03,123.64,126.64,125.17,613.68,109.075,108.18,101.34,93.0829,87.7754135131836
2013-10-10,116.36,114.88,112.32,99.7,123.7,127.03,125.49,614.76,111.52,110.68,102.89,92.8579,57.74200439453125
2013-10-11,117.77,116.35,114.09,101.3,124.51,127.39,125.95,621.7,110.65,109.99,101.88,92.854,66.39112091064453
2013-10-14,117.35,115.96,113.86,101.23,124.99,127.74,126.36,619.93,110.11,109.46,102.21,92.854,85.28290557861328
2013-10-15,116.9,115.505,113.405,101.18,124.57,126.97,125.56,616.38,110.17,109.95,101.06,92.7642,102.45054626464844
2013-10-16,116.45,115.05,112.95,101.13,124.15,126.2,124.76,612.83,110.725,110.64,102.22,92.6819,66.40760803222656
2013-10-17,117.59,116.1,113.56,102.24,124.75,126.62,124.94,618.13,109.49,109.35,100.69,92.0246,63.642032623291016
2013-10-18,115.82,114.36,111.99,101.52,123.48,125.2,123.43,615.64,109.51,109.7,100.71,91.9989,72.72377014160156
2013-10-21,116.58,115.08,112.73,102.06,124.3,126.02,124.25,619.17,109.49,109.67,99.17,92.2498,133.9811248779297
2013-10-22,116.63,115.14,112.85,102.04,123.95,125.95,124.25,616.3,109.09,109.63,97.84,91.9563,70.64717864990234
2013-10-23,115.48,114.01,111.84,101.06,123.06,124.98,123.3,612.59,107.75,108.37,96.3,92.0947,88.33514404296875
2013-10-24,114.29,113.05,110.58,99.58,122.06,124.03,122.36,615.26,106.66,107.39,96.59,92.1867,60.84307861328125
2013-10-25,113.58,112.29,109.55,99.52,120.78,122.76,121.21,612.7,105.83,106.45,97.61,92.1623,50.8508186340332
2013-10-28,114.39,113.07,110.17,100.16,121.8,123.97,122.44,615.84,107.89,108.39,98.73,92.1872,73.30716705322266
2013-10-29,115.6,114.3,111.4,101.61,123.27,125.82,124.27,620.98,108.05,108.64,98.21,92.301,65.83985137939453
2013-10-30,115.41,113.97,110.39,101.94,123.29,125.46,123.84,621.3,108.41,109.26,96.69,92.3057,88.22819519042969
2013-10-31,115.74,114.32,110.92,103.35,123.83,125.86,124.18,625.26,107.465,108.56,96.26,92.731,60.22850036621094
2013-11-01,116.16,114.74,111.08,104.71,124.14,126.75,125.07,619.26,105.75,106.67,94.38,93.155,64.67051696777344
2013-11-04,113.57,112.16,108.55,102.92,121.63,124.3,122.62,610.54,105.02,105.7,94.5,92.9359,55.28624725341797
2013-11-05,112.7,111.38,108.23,102.31,120.93,123.76,121.99,607.18,105.165,105.71,93.38,93.2112,59.7628173828125
2013-11-06,112.94,111.61,108.39,101.59,120.87,123.55,121.8,605.47,105.505,106.13,94.8,93.0943,76.10494232177734
2013-11-07,113.07,111.74,108.5,100.4,120.47,123.24,121.33,598.98,103.185,103.9,94.38,93.4003,53.581016540527344
2013-11-08,113.73,112.19,107.88,100.15,119.51,122.58,120.55,596.54,104.25,104.61,94.46,93.6619,120.52340698242188
2013-11-11,114.85,113.44,109.9,102.4,120.18,123.1,120.93,600.87,105.61,105.78,95.14,93.6619,91.38117980957031
2013-11-12,114.83,113.56,110.98,102.67,120.91,123.69,120.92,601.28,106.21,106.29,92.99,93.7651,88.01508331298828
2013-11-13,114.78,113.51,110.93,102.68,120.59,122.98,120.21,593.62,106.895,107.02,93.69,93.4848,45.27427291870117
2013-11-14,117.33,115.98,112.98,104.32,121.45,124.07,121.3,595.43,108.285,108.51,93.82,93.4328,99.47650909423828
2013-11-15,118.27,116.96,114.15,104.23,122.17,124.98,122.28,601.02,108.225,108.27,93.62,93.2854,92.94522094726562
2013-11-18,116.86,115.66,112.86,103.29,122.26,124.81,122.13,605.52,108.635,108.73,92.97,92.9824,83.27684020996094
2013-11-19,116.66,115.47,112.74,102.9,121.66,124.23,121.76,606.75,108.245,108.18,93.34,93.0649,94.15567016601562
2013-11-20,116.14,114.89,111.84,103.27,121.7,124.39,122.04,604.29,108.36,107.83,93.93,93.2501,81.33536529541016
2013-11-21,117.36,116.11,113.06,104.7,122.56,125.91,123.55,608.47,109.875,109.09,94.83,93.5638,62.14948654174805
2013-11-22,119.23,118.03,115.17,106.37,124.18,128.04,125.66,610.4,111.435,110.45,94.53,93.4198,76.55093383789062
2013-11-25,117.85,116.69,114.04,105.38,124.0,127.89,125.51,605.42,111.08,110.09,94.0,93.5539,164.51678466796875
2013-11-26,117.79,116.94,115.0,105.96,125.9,129.29,127.22,606.48,112.105,111.34,93.82,93.5226,186.73788452148438
2013-11-27,118.09,117.19,115.05,106.08,126.64,129.85,127.6,610.75,111.31,110.86,92.1,93.6864,67.51730346679688
2013-11-28,118.46,117.48,114.94,105.52,127.0,130.19,128.0,611.97,111.275,110.93,92.70333333333332,93.6864,57.798343658447266
2013-11-29,117.64,116.92,114.45,105.63,126.51,129.9,127.76,610.38,110.865,110.96,93.30666666666666,93.6291,76.10494232177734
2013-12-02,116.8,115.84,113.45,106.05,126.81,129.76,127.99,608.81,111.62,110.66,93.91,93.8856,37.750057220458984
2013-12-03,117.75,116.85,114.23,107.96,127.64,130.01,128.3,608.97,113.165,112.18,96.03,93.8251,81.95154571533203
2013-12-04,119.06,118.25,115.71,108.77,128.45,130.53,128.9,607.09,113.37,112.43,97.05,93.8997,99.29759216308594
2013-12-05,118.59,117.73,114.93,107.88,127.84,129.16,127.84,611.71,112.19,111.47,97.55,93.4954,44.54942321777344
2013-12-06,119.19,118.34,115.85,107.08,127.62,128.66,127.62,608.59,111.76,111.2,97.64,93.4045,49.9202880859375
2013-12-09,120.06,119.16,116.4,107.13,127.46,127.77,126.6,611.48,109.95,109.82,97.48,93.1444,65.89988708496094
2013-12-10,118.71,117.85,115.27,105.6,126.2,126.07,124.94,608.96,108.955,108.84,98.42,93.1444,61.11748123168945
2013-12-11,118.43,117.6,115.25,105.68,126.47,126.22,125.03,611.0,109.415,109.4,97.42,93.0842,67.5223617553711
2013-12-12,118.78,117.95,115.6,106.51,126.79,126.53,125.41,612.97,109.0,108.79,97.45,93.4292,57.636253356933594
2013-12-13,117.4,116.59,114.35,106.34,125.12,125.31,124.31,607.71,108.165,107.91,96.53,93.3568,45.2227668762207
2013-12-16,118.05,116.97,114.46,106.5,125.23,125.43,124.64,613.32,110.295,109.99,97.41,93.2175,41.46468734741211
2013-12-17,118.72,117.57,114.71,106.78,125.3,125.99,125.25,614.97,108.925,108.65,97.03,93.302,116.00431060791016
2013-12-18,118.29,117.11,114.11,106.63,124.63,125.74,124.76,609.94,109.88,109.55,97.8,93.4207,112.78604125976562
2013-12-19,119.2,118.04,114.42,107.86,125.59,126.61,125.41,611.91,111.06,110.66,98.49,93.7368,67.32860565185547
2013-12-20,120.53,119.4,115.9,108.33,126.66,127.06,125.94,617.49,112.235,111.51,98.84,93.7211,106.17205047607422
2013-12-23,122.34,121.18,117.53,109.38,127.62,128.26,127.18,623.43,111.66,111.73,98.45,93.572,47.473106384277344
2013-12-24,121.89,120.77,117.3,108.76,126.77,127.88,126.61,621.97,111.4,111.82,98.81,93.6734,75.74468994140625
2013-12-26,122.97,121.98,119.15,108.89,126.94,128.24,126.8,622.51,111.915,112.17,99.61,93.766,104.82809448242188
2013-12-27,122.94,121.92,118.91,109.18,127.11,128.42,126.75,623.77,112.43,112.52,100.19,93.7018,115.08920288085938
2013-12-30,123.74,122.72,119.71,109.74,127.97,128.94,127.32,625.79,110.48,111.03,99.25,93.4866,68.65425109863281
2013-12-31,122.38,121.31,118.04,108.43,126.34,127.43,125.73,623.62,110.28,110.83,98.66,93.5576,121.707763671875
2014-01-02,124.26,122.31,118.63,108.39,126.19,127.15,125.33,618.88,108.02,108.37,95.57,93.8192,82.12977600097656
2014-01-03,121.56,119.61,115.93,106.67,123.69,124.2,122.34,611.09,106.605,106.74,94.21,93.853,117.95494079589844
2014-01-06,119.86,117.92,114.3,105.1,122.47,123.21,121.35,606.14,106.57,106.65,93.71,93.9109,103.51773834228516
2014-01-07,119.94,118.02,114.48,105.17,122.11,123.57,121.78,607.21,106.935,106.87,93.8,94.0398,91.53147888183594
2014-01-08,120.11,118.2,114.7,105.49,121.98,123.63,121.79,604.87,107.355,107.1,92.46,94.2181,93.82888793945312
2014-01-09,119.89,117.91,114.08,105.89,121.69,123.32,121.48,609.06,107.33,106.8,92.26,94.3299,61.47032928466797
2014-01-10,119.64,117.71,114.14,106.45,121.39,123.22,121.3,611.31,106.55,105.77,92.78,94.0045,96.66303253173828
2014-01-13,120.25,118.43,115.37,105.96,121.05,122.78,121.07,610.94,108.355,106.65,91.52,93.899,108.96604919433594
2014-01-14,119.01,117.22,114.3,104.1,120.34,122.17,120.45,611.13,107.39,105.69,92.48,94.0303,91.65206909179688
2014-01-15,118.26,116.42,113.24,103.19,119.95,121.59,119.99,608.73,108.245,106.72,94.37,94.341,87.80299377441406
2014-01-16,118.74,116.93,113.88,103.25,120.09,122.0,120.34,613.1,107.575,106.08,94.03,94.5507,60.78105545043945
2014-01-17,117.91,116.16,113.38,102.09,120.26,122.01,120.43,615.08,108.525,106.88,94.19,94.5846,64.95230865478516
2014-01-20,118.0,116.25,113.47,102.15,120.57,122.19,120.72,612.06,108.63,106.39,94.63,94.5846,85.71331787109375
2014-01-21,119.49,117.65,114.44,102.93,121.04,122.82,121.37,613.23,109.72,107.47,95.07,94.679,125.08997344970703
2014-01-22,119.44,117.62,114.53,104.11,121.01,122.69,121.26,615.72,110.2,108.04,96.8,94.8479,81.95154571533203
2014-01-23,120.69,118.87,115.75,105.06,121.49,123.29,121.84,617.79,110.115,108.19,97.48,94.8415,61.2178840637207
2014-01-24,120.49,118.58,114.99,104.73,121.51,123.23,122.01,614.0,109.39,107.56,96.85,94.8555,106.38368225097656
2014-01-27,120.28,118.38,114.85,104.56,121.89,123.35,122.28,613.6,108.69,107.07,95.86,94.9059,105.46525573730469
2014-01-28,119.43,117.5,114.05,103.12,121.29,122.54,121.47,614.69,108.595,107.59,97.34,94.88,64.61444854736328
2014-01-29,119.5,117.65,114.33,102.57,122.0,122.97,122.06,618.4,108.915,107.98,97.28,94.8621,66.80148315429688
2014-01-30,120.01,118.27,115.01,102.96,122.25,123.06,122.13,621.34,109.675,108.21,98.09,95.1294,45.55594253540039
2014-01-31,118.695,117.145,114.035,102.53,121.605,122.515,121.585,616.9449999999999,108.175,107.06,97.44,95.1774,75.71583557128906
2014-02-03,117.38,116.02,113.06,102.1,120.96,121.97,121.04,612.55,106.82,104.98,96.63,95.2469,156.57630920410156
2014-02-04,116.39,115.51,112.62,102.24,120.66,121.79,120.81,606.75,107.285,105.52,97.45,95.0438,51.89400863647461
2014-02-05,116.5,115.54,112.44,101.51,120.86,122.4,121.52,606.58,107.02,105.31,97.41,95.0285,91.35379028320312
2014-02-06,116.89,115.92,112.78,101.35,120.97,122.45,121.65,604.31,108.09,106.41,97.85,94.7177,43.71916961669922
2014-02-07,118.11,117.14,114.0,102.03,121.86,123.03,122.22,607.83,109.235,107.52,100.02,94.7457,60.6419677734375
2014-02-10,120.65,119.78,117.12,102.69,123.42,124.65,123.88,611.68,110.235,108.57,100.15,94.7189,55.363250732421875
2014-02-11,121.04,120.14,117.34,101.94,123.29,124.54,123.8,607.39,109.405,108.55,99.92,94.6377,77.70220184326172
2014-02-12,121.61,120.74,118.09,101.86,123.08,124.6,123.86,613.48,108.9,108.72,100.3,94.6209,59.721771240234375
2014-02-13,121.09,120.14,117.1,100.89,122.31,123.81,123.07,612.26,108.885,108.42,100.27,94.6209,68.08977508544922
2014-02-14,121.41,120.46,117.44,101.34,122.3,124.01,123.27,614.41,108.595,108.41,100.37,94.2711,61.67979049682617
2014-02-17,122.26,121.32,118.38,102.3,123.22,124.92,124.2,614.23,108.995,108.88,101.51,94.2711,84.3966293334961
2014-02-18,122.01,121.02,117.84,102.33,123.35,125.13,124.43,613.78,109.975,110.02,102.65,94.1934,95.13902282714844
2014-02-19,122.72,121.68,118.22,102.93,124.41,126.13,125.5,618.52,110.135,110.61,103.72,94.38,85.04147338867188
2014-02-20,121.71,120.78,117.87,102.62,124.65,126.21,125.63,619.03,109.38,110.16,103.09,94.6571,115.87171173095703
2014-02-21,122.42,121.45,118.36,102.59,124.96,126.23,125.68,620.45,108.88,109.76,102.43,94.6571,116.56026458740234
2014-02-24,122.37,121.44,118.58,103.12,124.11,125.52,124.85,616.73,109.62,110.6,103.0,94.4042,69.3731460571289
2014-02-25,123.11,122.14,119.08,104.38,123.93,125.39,124.66,615.86,109.1,109.87,102.38,94.4735,61.5718879699707
2014-02-26,122.0,121.05,118.09,103.39,122.94,124.43,123.73,611.34,109.4,109.84,102.67,94.7754,71.66613006591797
2014-02-27,121.92,120.97,118.01,102.95,122.65,124.36,123.7,608.51,108.525,108.75,102.3,94.6722,65.92174530029297
2014-02-28,121.89,120.87,117.55,102.79,121.64,123.77,123.11,606.47,108.825,109.04,102.56,94.3879,70.87701416015625
2014-03-03,124.07,123.07,119.85,104.72,123.64,125.93,125.25,618.51,111.305,110.96,104.78,94.3879,180.03085327148438
2014-03-04,122.66,121.64,118.33,103.31,122.47,124.65,123.9,608.33,109.19,108.88,103.23,94.6568,213.0656280517578
2014-03-05,122.35,121.36,118.18,102.18,121.95,124.17,123.45,600.91,108.505,107.84,101.35,94.4679,213.84420776367188
2014-03-06,121.09,120.14,117.16,101.16,120.38,122.68,121.92,598.89,108.085,107.25,101.8,93.9858,142.98854064941406
2014-03-07,122.11,121.16,118.14,101.11,120.26,122.66,121.78,601.18,109.19,108.44,102.63,94.2532,165.26113891601562
2014-03-10,122.01,121.08,118.14,101.12,120.34,122.68,121.85,601.27,108.385,107.69,101.12,94.3731,118.64496612548828
2014-03-11,122.06,121.1,118.02,101.7,120.39,122.74,121.89,600.38,108.495,107.79,99.73,94.387,115.1427230834961
2014-03-12,121.11,120.22,117.5,101.67,119.87,122.02,121.15,600.37,107.965,107.3,98.01,94.462,124.26982879638672
2014-03-13,120.88,120.0,117.33,102.2,119.43,121.61,120.64,604.74,107.115,106.89,98.28,94.1872,84.93763732910156
2014-03-14,120.22,119.36,116.78,102.31,119.06,121.29,120.24,604.99,108.145,108.2,99.12,94.243,103.85346984863281
2014-03-17,119.6,118.84,116.75,102.27,119.44,122.16,121.11,606.25,107.14,106.98,98.02,94.243,135.20684814453125
2014-03-18,117.98,117.21,115.08,100.98,117.84,120.97,119.97,601.19,106.85,106.85,99.68,94.2631,194.0785369873047
2014-03-19,118.25,117.45,115.17,101.04,118.23,121.23,120.26,603.42,106.05,106.07,100.27,94.3752,153.06887817382812
2014-03-20,117.41,116.61,114.29,101.35,118.26,121.17,120.14,603.8,105.715,105.83,99.23,94.9986,97.96873474121094
2014-03-21,119.26,118.34,115.41,101.97,119.31,122.25,121.17,605.56,107.285,107.47,99.89,94.8547,117.64946746826172
2014-03-24,118.99,118.05,115.01,102.08,119.41,122.26,121.18,603.27,106.655,106.85,99.86,94.759,122.18487548828125
2014-03-25,118.6,117.65,114.55,102.5,119.5,122.69,121.61,602.23,107.02,107.375,99.53,94.6379,140.58642578125
2014-03-26,118.55,117.61,114.56,101.97,119.87,122.93,121.93,604.21,106.005,106.74,100.28,94.5281,108.48175048828125
2014-03-27,118.59,117.68,114.79,102.04,119.53,122.61,121.61,604.23,106.595,107.44,101.3,94.3315,87.17283630371094
2014-03-28,120.29,119.34,116.27,102.77,120.32,123.21,122.21,605.62,106.695,107.75,101.6,94.3683,112.1636962890625
2014-03-31,119.69,118.76,115.79,103.27,120.2,123.04,121.93,603.18,106.025,106.98,101.45,94.2432,85.81781768798828
2014-04-01,120.53,119.4,115.43,104.21,120.07,123.04,121.88,596.24,105.735,106.72,99.58,94.1244,120.92815399169922
2014-04-02,118.47,117.34,113.36,101.52,118.67,121.81,120.56,593.74,103.225,104.17,99.63,94.3103,94.74890899658203
2014-04-03,118.08,116.93,112.85,100.66,117.61,120.76,119.59,590.25,104.855,105.19,100.32,94.512,63.2974739074707
2014-04-04,120.22,119.13,115.31,101.94,119.62,122.92,121.65,596.07,106.59,106.59,101.09,94.2191,59.551780700683594
2014-04-07,120.92,119.81,115.88,101.17,118.01,121.57,120.29,589.27,104.99,105.66,100.6,94.0881,56.96214294433594
2014-04-08,121.25,120.12,116.09,102.4,119.0,122.75,121.41,589.5,105.845,106.43,102.52,93.6579,115.93987274169922
2014-04-09,122.08,120.99,117.16,103.01,119.41,123.57,122.22,593.0,107.415,107.74,103.48,93.6716,142.43226623535156
2014-04-10,122.66,121.57,117.73,103.18,119.95,124.26,122.76,596.63,107.005,107.4,103.27,93.5123,85.1054916381836
2014-04-11,122.63,121.53,117.61,103.34,119.26,123.51,121.99,595.44,107.515,107.75,103.6,93.6395,52.940582275390625
2014-04-14,123.81,122.75,119.01,104.65,120.67,124.44,122.93,600.78,107.7,108.07,103.65,93.8046,125.00255584716797
2014-04-15,123.78,122.72,118.87,104.57,121.41,125.24,123.66,599.55,109.025,109.15,103.57,93.9486,129.5658721923828
2014-04-16,123.39,122.55,119.79,105.46,122.27,126.1,124.56,599.25,109.855,109.94,103.77,93.9461,143.8509521484375
2014-04-17,124.51,123.5,119.85,104.99,122.22,125.95,124.54,594.73,108.92,109.17,104.4,93.8936,82.81419372558594
2014-04-21,124.61,123.58,119.85,103.78,122.05,125.87,124.51,595.6,108.6975,109.01,104.29,94.0337,89.93396759033203
2014-04-22,124.54,123.54,119.97,104.89,122.48,126.38,125.01,601.93,108.475,108.85,101.96,94.0802,135.49290466308594
2014-04-23,124.13,123.1,119.36,105.85,122.16,126.21,124.71,601.19,108.455,108.87,101.79,94.149,114.79195404052734
2014-04-24,124.24,123.21,119.46,105.96,121.55,125.47,123.98,600.03,109.785,110.07,102.18,94.1294,66.78563690185547
2014-04-25,124.51,123.46,119.58,105.87,122.26,126.11,124.59,600.63,109.41,109.37,100.89,94.1623,125.74397277832031
2014-04-28,123.72,122.7,118.99,106.31,122.03,125.62,124.32,600.18,109.28,108.61,100.9,94.1374,116.31206512451172
2014-04-29,121.69,120.74,117.38,105.24,120.71,124.19,122.89,595.1,110.0,109.36,101.08,94.0295,125.793701171875
2014-04-30,121.39,120.43,117.0,104.88,120.36,124.0,122.79,594.38,108.475,107.82,99.77,93.8896,182.05270385742188
2014-05-01,120.82,119.84,116.29,104.595,120.105,123.855,122.625,592.0799999999999,108.305,107.08,99.47,93.8707,79.18489074707031
2014-05-02,120.25,119.25,115.58,104.31,119.85,123.71,122.46,589.78,109.645,108.34,99.79,93.8182,92.11811828613281
2014-05-05,119.64,118.65,115.04,104.15,120.07,123.91,122.8,591.21,109.0475,107.795,99.41,93.7334,63.878719329833984
2014-05-06,118.38,117.39,113.76,103.33,119.71,123.35,122.23,592.34,108.45,107.25,99.69,93.4324,111.76004791259766
2014-05-07,117.8,116.84,113.38,103.97,119.34,122.75,121.63,595.44,108.28,107.26,100.74,93.4337,80.20745086669922
2014-05-08,119.97,119.01,115.54,105.26,119.69,122.95,121.83,598.69,108.375,107.32,100.15,93.3686,121.40300750732422
2014-05-09,121.58,120.61,117.07,105.91,120.33,123.53,122.25,600.25,108.28,107.56,100.04,93.6614,119.73136138916016
2014-05-12,121.64,120.59,116.62,105.11,119.48,122.79,121.57,597.94,108.115,107.74,100.62,93.6537,93.84044647216797
2014-05-13,122.205,121.165,117.225,105.4,119.875,123.28,122.04,600.4100000000001,108.885,108.39,101.74,93.6755,114.07518005371094
2014-05-14,122.77,121.74,117.83,105.69,120.27,123.77,122.51,602.88,109.86,109.41,102.15,93.5968,113.31475067138672
2014-05-15,122.72,121.68,117.73,105.53,120.56,124.03,122.95,601.05,109.81,109.34,101.52,93.7065,60.22850036621094
2014-05-16,123.3,122.02,118.18,104.44,120.17,123.47,122.63,604.97,111.24,110.25,102.03,93.6073,79.4108657836914
2014-05-19,124.54,122.99,119.44,104.59,120.71,124.04,123.22,610.28,110.66,109.93,102.61,93.502,56.4642219543457
2014-05-20,124.09,122.68,119.22,104.37,120.09,123.48,122.6,607.99,110.36,109.71,102.79,93.6699,77.7395248413086
2014-05-21,123.28,121.95,118.87,105.47,120.58,123.83,122.86,609.63,111.21,110.75,104.3,93.7629,94.7530746459961
2014-05-22,123.95,122.61,119.47,106.27,120.26,123.52,122.73,616.27,111.3,110.97,104.29,93.6944,58.45708084106445
2014-05-23,124.95,123.59,120.33,106.27,119.67,123.01,122.39,617.5,110.76,110.65,105.0,93.7042,110.1740951538086
2014-05-26,124.96,123.58,120.23,106.68,119.48,122.88,122.19,616.15,110.4275,110.565,104.59,93.7042,43.230899810791016
2014-05-27,124.38,123.54,120.54,106.99,120.13,123.47,122.88,615.61,110.095,110.48,104.18,93.8418,68.70510864257812
2014-05-28,124.01,123.23,120.53,106.13,119.74,123.22,122.52,612.03,109.405,109.89,102.79,93.8793,96.48255157470703
2014-05-29,124.34,123.46,120.25,105.96,119.05,122.51,121.76,613.03,110.15,110.54,103.57,93.6973,114.96981048583984
2014-05-30,124.12,123.15,119.51,105.84,118.48,121.86,120.98,612.58,109.095,109.51,102.75,93.7606,64.87747955322266
2014-06-02,122.09,121.72,118.38,104.82,117.88,120.82,119.61,616.06,109.09,108.64,102.38,94.0006,57.27783203125
2014-06-03,120.93,120.3,116.88,103.13,116.8,119.45,118.26,613.73,108.785,108.27,102.77,94.0536,84.3966293334961
2014-06-04,120.37,119.83,116.87,103.02,116.88,119.28,118.25,613.56,109.185,108.655,102.52,94.1239,76.4748306274414
2014-06-05,119.36,118.78,115.62,102.8,116.09,118.37,117.3,606.47,108.335,107.945,102.57,93.9732,107.98065185546875
2014-06-06,120.94,120.3,116.83,103.82,117.8,119.56,118.44,609.34,108.81,108.06,102.82,93.9069,52.97283172607422
2014-06-09,120.08,119.51,116.72,104.05,117.77,119.21,118.14,607.53,110.255,109.54,104.41,93.9628,75.93278503417969
2014-06-10,120.88,120.34,117.77,104.8,118.05,119.41,118.27,609.42,109.075,109.1,104.38,94.0638,114.51898193359375
2014-06-11,120.22,119.74,117.48,105.13,118.09,119.75,118.54,610.66,109.77,109.52,104.48,93.9744,130.0640106201172
2014-06-12,122.19,121.07,118.71,105.57,119.63,121.51,120.25,614.62,112.16,111.76,106.43,93.8155,87.9742202758789
2014-06-13,124.84,123.67,121.07,107.74,122.56,124.34,123.17,624.26,112.845,112.78,106.66,93.9168,99.44561767578125
2014-06-16,123.33,122.43,120.34,107.29,122.39,123.67,122.45,620.12,113.25,113.26,106.76,93.8639,135.30911254882812
2014-06-17,124.81,124.41,120.45,106.62,121.64,122.92,121.7,618.01,113.935,114.02,106.27,94.0829,207.0354766845703
2014-06-18,126.65,126.18,122.15,107.54,123.58,124.54,123.41,624.08,114.26,114.23,106.16,94.0525,144.5634307861328
2014-06-19,127.19,126.72,122.96,107.84,124.34,124.73,123.8,626.19,115.315,115.34,106.62,93.752,104.74522399902344
2014-06-20,127.73,127.26,123.84,108.07,124.65,125.05,124.16,627.66,114.52,114.9,107.53,93.7591,143.6958465576172
2014-06-23,128.18,127.71,124.53,108.61,124.88,125.56,124.66,629.58,113.135,114.08,106.7,93.628,129.00125122070312
2014-06-24,126.37,125.9,122.72,107.49,123.15,124.28,123.44,624.07,113.74,114.91,106.54,93.7093,155.02163696289062
2014-06-25,127.55,126.98,123.29,107.74,123.43,124.79,123.65,624.06,112.755,113.82,107.27,93.5851,94.64479064941406
2014-06-26,128.28,127.62,123.46,107.61,123.11,124.55,123.47,622.96,112.41,113.3,105.66,93.5471,95.01924896240234
2014-06-27,129.55,128.8,124.21,107.97,122.66,124.29,123.1,620.15,112.085,113.22,105.71,93.3983,136.6387939453125
2014-06-30,130.06,129.32,125.42,107.98,121.5,123.06,121.93,618.75,111.02,112.46,105.4,93.2058,84.09903717041016
2014-07-01,130.07,129.37,126.22,108.54,121.78,123.33,122.23,617.01,110.46,111.79,105.32,93.1365,127.72338104248047
2014-07-02,128.36,127.55,124.56,108.71,121.63,123.65,122.34,613.11,109.925,111.45,104.36,93.2478,134.72164916992188
2014-07-03,126.43,125.63,122.67,107.54,119.75,121.7,120.27,605.87,109.04,110.44,103.84,93.3149,93.11001586914062
2014-07-04,127.69,126.92,124.13,107.96,119.98,121.83,120.36,607.23,109.035,110.44,103.65,93.3149,92.0157699584961
2014-07-07,126.14,125.46,123.1,106.74,119.22,121.25,119.79,603.91,108.94,110.25,103.46,93.3803,124.0274887084961
2014-07-08,125.05,124.39,122.4,106.24,118.81,120.86,119.28,600.07,107.71,109.28,103.54,93.323,114.51898193359375
2014-07-09,124.19,123.55,121.94,105.8,117.51,119.75,118.08,597.69,107.065,108.67,102.21,93.228,109.20553588867188
2014-07-10,123.76,123.09,121.34,105.35,117.66,119.51,117.86,598.87,105.885,108.09,102.98,93.3152,75.13040161132812
2014-07-11,125.04,124.35,122.46,106.13,118.61,120.42,118.74,601.09,105.3,107.52,100.65,93.4171,116.42811584472656
2014-07-14,123.87,123.15,121.13,106.21,118.23,119.94,118.26,596.35,104.69,107.39,101.04,93.4101,151.0289306640625
2014-07-15,124.2,123.48,121.46,107.77,118.36,119.99,118.34,596.08,103.105,105.75,99.84,93.5796,97.30403137207031
2014-07-16,123.86,123.13,121.08,107.1,118.05,119.6,118.04,596.98,105.415,107.57,101.24,93.5991,160.0869140625
2014-07-17,122.02,121.31,119.37,106.0,118.03,119.76,118.18,598.03,105.915,107.45,103.09,93.6586,147.45384216308594
2014-07-18,121.96,121.2,118.99,106.39,118.29,120.09,118.54,600.84,106.34,108.03,103.01,93.6608,207.27992248535156
2014-07-21,120.46,119.62,117.02,105.59,117.48,119.06,117.55,594.26,105.25,106.94,104.85,93.6069,203.44903564453125
2014-07-22,121.08,120.32,118.13,106.85,118.44,119.81,118.23,598.19,106.085,107.46,103.89,93.6306,208.98077392578125
2014-07-23,119.71,118.98,116.94,106.12,117.8,119.09,117.62,593.98,106.75,107.91,106.96,93.5951,217.15283203125
2014-07-24,118.57,117.81,115.6,106.15,118.81,119.94,118.5,597.87,105.88,107.14,105.46,93.6836,119.6003646850586
2014-07-25,117.81,117.03,114.71,105.54,118.52,119.86,118.41,597.92,106.52,107.62,105.82,93.8294,180.27578735351562
2014-07-28,117.575,116.86,114.87,105.61,118.725,120.21,118.7,599.275,106.24,107.26,101.72,93.83,149.43914794921875
2014-07-29,117.34,116.69,115.03,105.68,118.93,120.56,118.99,600.63,106.54,107.4,100.91,94.0443,169.99307250976562
2014-07-30,117.08,116.41,114.61,104.46,119.36,121.09,119.44,602.56,106.1,107.12,99.93,94.3473,202.2324676513672
2014-07-31,114.98,114.28,112.31,102.59,118.02,119.82,118.11,601.82,104.425,105.74,98.0,94.4467,141.76959228515625
2014-08-01,114.64,113.84,111.36,102.7,118.65,120.44,118.9,603.32,103.04,105.18,97.5,94.4754,151.29515075683594
2014-08-04,112.11,111.06,109.4,101.9,118.18,119.94,118.28,602.43,103.52,105.53,98.61,94.448,155.696044921875
2014-08-05,111.46,110.69,108.91,100.06,117.71,119.48,117.91,599.13,102.795,104.69,97.4,94.6754,172.57949829101562
2014-08-06,112.38,111.48,108.84,99.09,116.99,118.81,117.19,598.27,103.565,105.35,96.97,94.6092,159.5406494140625
2014-08-07,112.64,111.73,109.02,99.42,117.66,119.29,117.65,598.01,103.46,105.23,97.57,94.6364,177.72909545898438
2014-08-08,113.95,113.12,110.81,100.92,118.87,120.36,118.83,602.48,103.315,105.29,97.6,94.6027,212.3964385986328
2014-08-11,112.63,111.91,110.16,99.53,117.34,118.72,117.24,592.31,103.535,105.69,98.05,94.4767,206.7042236328125
2014-08-12,112.9,112.16,110.28,99.39,116.87,118.2,116.76,590.02,101.725,103.94,97.37,94.5211,150.57125854492188
2014-08-13,111.81,111.1,109.36,98.11,115.89,117.3,115.86,586.61,101.855,103.735,97.41,94.4681,165.8466033935547
2014-08-14,111.23,110.55,109.15,98.3,117.87,119.11,117.75,594.11,100.445,102.57,95.54,94.3508,106.74224090576172
2014-08-15,109.16,108.43,106.76,96.56,115.64,116.73,115.41,588.28,100.775,102.78,97.11,94.2941,131.8223419189453
2014-08-18,109.61,108.88,107.21,96.22,115.8,116.75,115.57,589.7,98.615,100.99,96.48,94.2519,115.86087036132812
2014-08-19,110.44,109.47,107.04,96.68,115.51,116.44,115.3,588.56,99.69,101.14,94.76,94.4356,216.1544952392578
2014-08-20,111.48,110.52,108.14,98.49,115.61,116.79,115.83,591.0,100.165,101.64,96.2,94.5937,123.02521514892578
2014-08-21,110.7,109.74,107.36,97.49,114.68,115.95,115.09,589.31,100.63,101.9,96.47,94.673,153.53732299804688
2014-08-22,112.69,111.73,109.35,98.27,115.5,116.76,115.99,592.3,100.635,101.95,95.72,94.8012,109.5760269165039
2014-08-25,112.71,111.41,109.01,98.1,115.3,116.58,115.64,589.28,100.9275,102.235,94.87,94.9159,167.60015869140625
2014-08-26,113.58,112.22,109.67,98.79,115.7,116.97,116.0,592.39,101.22,102.52,93.9,94.8617,118.14370727539062
2014-08-27,113.41,112.3,110.24,99.18,116.22,117.8,116.74,597.14,100.835,102.2,93.89,94.6863,143.0821075439453
2014-08-28,113.79,112.86,111.09,98.82,116.45,118.02,116.94,598.72,101.01,102.3,94.65,94.6947,97.53470611572266
2014-08-29,113.96,113.06,111.26,98.26,116.19,117.73,116.6,598.01,101.315,102.42,95.86,94.7251,157.33633422851562
2014-09-01,113.84,112.57,111.14,98.47,116.09,117.6,116.55,598.64,101.43,102.98,94.43,94.7251,227.84857177734375
2014-09-02,112.61,111.97,110.55,98.29,116.01,117.09,116.07,591.43,100.145,101.78,93.0,95.063,219.2826690673828
2014-09-03,112.01,111.37,109.46,96.65,115.02,115.68,114.66,586.0,100.925,102.48,95.39,94.8709,184.26419067382812
2014-09-04,113.35,112.88,110.76,98.06,116.37,117.04,116.01,589.98,101.195,102.58,94.52,95.2641,219.8441925048828
2014-09-05,113.36,112.52,110.86,97.75,115.9,116.57,115.43,590.35,99.605,101.12,93.45,95.2203,117.66925048828125
2014-09-08,111.45,110.6,108.91,95.98,114.4,114.75,113.61,583.29,98.38,100.24,92.89,95.4167,147.0210418701172
2014-09-09,111.66,110.53,108.88,95.56,114.19,114.8,113.63,584.37,98.43,100.24,92.7,95.8811,110.5606689453125
2014-09-10,112.14,110.99,109.22,94.94,113.41,114.19,113.02,583.5,96.45,98.37,91.62,95.8641,131.67970275878906
2014-09-11,111.58,110.39,108.34,93.61,111.8,112.56,111.39,581.66,96.435,98.12,92.98,95.9184,118.18185424804688
2014-09-12,112.99,111.76,109.47,94.65,112.71,113.54,112.31,581.15,96.29,97.73,92.17,96.0748,168.17050170898438
2014-09-15,110.77,110.03,108.2,93.24,111.19,112.1,110.84,570.99,96.36,97.71,92.97,96.1195,112.8726806640625
2014-09-16,110.54,110.14,108.53,93.6,111.17,112.04,110.8,569.26,97.495,98.69,94.84,95.8483,157.3469696044922
2014-09-17,111.06,110.64,109.2,94.47,112.06,112.95,111.75,574.19,97.73,98.84,94.16,95.9106,159.79791259765625
2014-09-18,110.54,110.1,108.66,93.79,111.68,112.38,111.24,574.46,96.745,97.86,93.12,96.1284,118.05796813964844
2014-09-19,109.16,108.68,107.04,93.27,110.6,111.17,110.03,568.21,96.645,97.7,92.5,96.3417,132.80625915527344
2014-09-22,108.88,108.48,107.13,93.68,110.62,111.12,109.95,569.27,95.315,96.64,91.67,96.4625,80.6785888671875
2014-09-23,108.94,108.52,107.07,93.02,110.58,110.92,109.74,569.96,95.065,96.51,92.43,96.5112,179.1758270263672
2014-09-24,110.57,109.82,107.28,92.43,109.87,110.16,109.0,568.54,94.585,95.8,94.11,96.6574,146.8816375732422
2014-09-25,111.43,110.58,107.57,91.96,109.83,110.23,109.05,569.73,95.465,96.74,94.21,96.8988,107.52838134765625
2014-09-26,110.94,110.09,107.08,91.24,110.07,110.3,109.12,567.87,95.25,96.5,93.47,97.208,151.3148193359375
2014-09-29,109.87,109.02,106.01,91.13,109.96,110.05,108.87,564.61,95.8,96.55,94.57,97.3523,101.27595520019531
2014-09-30,111.89,111.04,108.03,92.02,110.92,111.01,109.84,569.75,94.8,95.66,91.28,97.5261,97.30403137207031
2014-10-01,109.57,108.72,105.71,89.44,108.62,108.77,107.62,559.68,94.605,96.09,90.7,97.5387,108.3355484008789
2014-10-02,108.69,107.84,104.83,88.41,106.31,106.69,105.48,554.41,91.165,92.58,91.33,97.3062,57.60987091064453
2014-10-03,109.47,108.59,105.43,88.46,106.4,107.18,105.95,553.3,90.63,91.78,89.61,97.9846,103.98194122314453
2014-10-06,108.865,107.985,104.825,87.86,105.775,106.505,105.3,546.19,90.63,91.87,90.36,97.5513,95.29304504394531
2014-10-07,108.26,107.38,104.22,87.26,105.15,105.83,104.65,539.08,90.64,91.81,88.78,97.4459,67.60342407226562
2014-10-08,106.72,105.84,102.68,84.51,104.09,104.15,103.07,528.14,90.27,91.2,87.54,97.4945,80.9824447631836
2014-10-09,106.7,105.82,102.66,83.64,104.08,104.38,103.19,527.43,90.5,91.23,85.2,97.1711,75.36348724365234
2014-10-10,102.62,101.74,98.58,79.02,101.56,101.78,100.58,509.02,88.805,89.56,85.86,97.4144,121.7016830444336
2014-10-13,101.3,100.42,97.26,78.45,101.1,101.64,100.41,503.51,87.835,88.82,85.6,97.4144,80.6785888671875
2014-10-14,101.76,100.91,97.8,79.98,101.64,102.14,100.9,504.03,86.465,86.99,81.83,97.3943,70.293212890625
2014-10-15,98.51,97.66,94.55,76.31,97.34,97.76,96.54,471.16,84.235,84.56,81.49,97.3532,89.52886199951172
2014-10-16,98.14,97.29,94.18,73.83,96.87,96.97,95.68,466.98,83.415,83.9,82.86,97.2869,68.58318328857422
2014-10-17,100.52,99.65,96.45,75.84,99.43,99.02,97.62,483.66,85.085,85.72,83.09,97.3067,86.50884246826172
2014-10-20,99.59,98.82,96.22,77.21,100.36,99.48,98.09,484.62,84.465,84.88,82.85,97.2874,75.8603286743164
2014-10-21,98.63,97.91,95.31,77.61,99.28,99.07,97.65,480.88,85.36,85.54,83.43,97.2488,60.74390411376953
2014-10-22,97.73,97.01,94.41,76.61,98.995,98.745,97.32,478.255,86.535,86.52,81.34,97.459,78.49686431884766
2014-10-23,96.83,96.11,93.51,75.61,98.71,98.42,96.99,475.63,85.955,86.34,82.38,97.6047,74.2879638671875
2014-10-24,98.2,97.33,94.58,76.27,99.7,99.51,98.02,480.5,85.93,86.19,81.57,97.4772,91.68357849121094
2014-10-27,98.65,97.78,95.03,76.06,99.55,99.24,97.72,482.39,85.245,85.69,80.73,97.5423,96.68016815185547
2014-10-28,97.74,96.87,94.12,75.95,99.8,99.2,97.8,483.94,85.69,86.03,81.39,97.2173,139.37872314453125
2014-10-29,99.16,98.29,95.3,77.4,100.73,100.14,98.73,488.52,86.805,87.49,82.16,97.0145,92.36563873291016
2014-10-30,100.94,100.07,97.08,77.49,101.26,100.84,99.35,488.35,85.71,86.3,81.04,97.456,103.40233612060547
2014-10-31,100.39,99.52,96.53,76.93,100.68,100.17,98.64,485.86,84.285,84.78,80.76,98.1163,89.83234405517578
2014-11-03,97.35,96.48,94.68,76.86,101.03,100.51,98.98,480.75,84.835,85.65,78.3,98.5336,80.91041564941406
2014-11-04,94.25,93.38,91.57,75.24,99.83,99.04,97.5,468.88,82.3,83.03,77.21,98.5576,79.87751770019531
2014-11-05,92.39,91.52,89.73,73.6,98.36,97.42,95.87,464.19,83.0,83.75,78.87,98.8086,103.51773834228516
2014-11-06,94.07,93.11,90.87,73.15,99.14,97.52,95.97,464.05,82.08,82.92,78.06,99.1325,41.02251052856445
2014-11-07,94.91,93.93,91.58,73.28,99.14,97.67,96.13,467.04,83.225,84.05,78.68,99.0236,90.21154022216797
2014-11-10,95.6,94.63,92.36,73.05,101.44,100.21,98.51,477.79,82.555,83.67,77.36,98.9305,57.861446380615234
2014-11-11,93.07,92.1,89.85,69.75,99.62,98.12,96.37,472.49,80.24,81.59,77.83,98.9305,77.03646087646484
2014-11-12,92.27,91.3,89.05,71.2,99.62,97.94,96.09,469.63,80.355,81.76,76.79,98.8897,57.4178352355957
2014-11-13,91.34,90.37,88.12,71.59,97.95,96.64,94.61,466.17,77.8,79.02,74.25,99.1045,61.54497528076172
2014-11-14,88.71,87.69,85.21,68.32,93.78,93.79,91.23,443.64,76.75,78.13,75.97,99.0917,77.44579315185547
2014-11-17,88.93,87.91,85.43,70.02,94.77,94.69,91.95,442.23,76.955,78.31,75.56,99.2188,136.548583984375
2014-11-18,89.37,88.35,85.87,71.36,96.06,95.85,93.05,447.93,77.405,78.59,74.45,99.0185,87.40283966064453
2014-11-19,88.92,87.9,85.42,70.71,94.81,94.85,92.05,444.43,77.325,78.67,74.46,99.2424,92.23857116699219
2014-11-20,88.5,87.48,85.0,71.77,94.13,94.41,91.67,447.06,77.335,78.39,75.53,99.2554,89.15814208984375
2014-11-21,90.63,89.45,86.36,72.8,95.02,95.37,92.71,453.45,78.985,80.03,76.38,99.2894,110.541748046875
2014-11-24,93.74,91.93,88.28,73.24,95.63,95.77,93.55,460.82,79.34,80.36,75.85,99.4227,142.10719299316406
2014-11-25,93.23,91.42,87.77,72.11,94.74,94.97,92.75,452.37,77.55,78.44,73.97,99.2837,163.63818359375
2014-11-26,91.35,89.73,87.03,71.9,93.76,94.06,91.93,444.39,77.48,78.27,73.75,99.1893,119.0936508178711
2014-11-27,88.85,87.23,84.53,70.12,91.83,92.13,90.12,432.6,70.69,71.42,72.23666666666666,99.1893,80.7943344116211
2014-11-28,84.48,82.86,80.16,67.04,87.46,87.65,85.88,413.87,71.67,72.93,70.72333333333333,100.0719,90.86843872070312
2014-12-01,80.7,79.08,76.38,64.68,84.08,84.22,82.5,403.1,70.945,72.01,69.21,99.8964,57.56436538696289
2014-12-02,83.59,82.06,79.79,67.21,87.86,87.72,86.05,417.8,71.175,72.04,67.07,100.4478,108.90633392333984
2014-12-03,81.54,80.01,77.74,65.43,86.88,86.44,84.64,407.38,70.175,71.21,67.28,100.5696,88.44233703613281
2014-12-04,80.05,78.52,76.25,64.4,85.68,85.39,83.65,398.24,68.55,69.55,66.64,100.3931,89.80892944335938
2014-12-05,78.18,76.75,74.96,63.3,84.09,84.35,82.53,391.16,67.965,69.0,65.7,101.0989,62.501277923583984
2014-12-08,77.13,75.66,73.65,60.31,82.97,83.24,81.45,383.45,65.7,66.92,63.11,101.31,109.46703338623047
2014-12-09,74.82,73.35,71.32,58.27,80.9,81.04,79.27,367.58,66.1,67.12,63.77,100.8095,72.47573852539062
2014-12-10,74.9,73.43,71.39,58.19,80.71,81.27,79.56,367.97,63.17,64.29,60.99,101.0212,107.7931900024414
2014-12-11,73.49,72.02,69.98,54.8,79.07,79.86,78.11,357.67,63.625,64.51,59.85,101.4448,81.70773315429688
2014-12-12,72.17,70.65,68.34,54.6,77.23,78.13,76.42,345.6,61.625,62.31,57.73,101.3735,77.55175018310547
2014-12-15,71.96,70.44,68.13,54.97,77.12,77.93,76.22,341.69,61.0,61.37,55.54,101.674,66.97259521484375
2014-12-16,68.6,67.08,64.77,52.36,74.5,75.17,73.4,323.6,60.41,60.89,55.93,101.526,136.0686492919922
2014-12-17,68.62,67.1,64.79,52.37,74.08,74.59,72.8,317.97,59.955,60.5,56.16,101.5527,144.743896484375
2014-12-18,70.79,69.27,66.96,52.59,75.84,76.42,74.63,326.89,58.9,59.91,54.79,101.7531,122.81765747070312
2014-12-19,69.36,67.78,65.17,51.21,74.06,74.22,72.47,319.82,59.19,60.13,57.75,102.0483,110.96691131591797
2014-12-22,72.59,71.01,68.4,54.76,76.6,76.94,75.09,341.57,58.52,59.96,54.91,101.9942,74.2015151977539
2014-12-23,70.04,68.46,65.85,51.96,74.47,74.99,73.17,326.1,58.995,60.34,57.02,102.348,56.84593200683594
2014-12-24,71.89,70.31,67.32,53.09,75.56,76.22,74.38,333.62,58.57,59.76,55.61,102.3028,123.6417236328125
2014-12-29,69.64,68.16,65.68,51.46,73.32,74.13,72.5,326.48,57.68,59.09,53.58,102.3767,92.93777465820312
2014-12-30,65.93,64.48,62.15,48.37,70.09,71.39,69.75,307.03,55.83,56.93,53.77,102.1019,69.61613464355469
2014-12-31,66.03,64.58,62.14,48.55,70.38,71.86,70.51,306.92,54.975,56.12,53.05,102.2843,93.75191497802734
2015-01-02,67.08,65.58,62.99,48.88,70.55,72.69,71.28,312.08,54.98,56.88,53.0,102.9027,106.85701751708984
2015-01-05,64.13,62.67,60.26,46.56,69.0,70.88,69.46,296.08,51.3,53.56,49.95,103.4976,100.71996307373047
2015-01-06,61.28,59.82,57.41,44.67,66.5,67.69,66.31,279.08,50.075,52.27,48.22,103.2938,66.82413482666016
2015-01-07,58.82,57.36,54.95,42.47,63.73,65.01,63.71,265.87,49.07,51.31,48.56,103.6316,78.7603530883789
2015-01-08,59.93,58.12,55.6,42.84,64.6,65.64,64.43,279.1,49.29,51.58,48.61,103.2799,168.6398162841797
2015-01-09,59.68,57.89,55.47,43.63,64.4,65.82,64.57,283.21,47.655,49.91,48.36,103.1213,64.71438598632812
2015-01-12,57.42,55.4,52.98,43.04,62.93,64.17,62.72,271.7,46.805,48.72,46.01,103.2372,148.07835388183594
2015-01-13,54.69,52.69,50.38,41.76,60.54,61.37,59.98,263.12,45.22,47.09,46.09,103.27,151.55538940429688
2015-01-14,55.57,53.51,50.92,42.23,60.5,61.01,59.74,266.65,45.73,47.1,48.11,103.0903,88.3912582397461
2015-01-15,58.65,56.52,53.59,44.06,62.94,62.98,61.78,280.06,47.65,48.93,46.43,103.0829,132.78982543945312
2015-01-16,58.77,56.64,53.71,45.3,62.59,62.83,61.68,271.25,47.225,48.92,48.4,103.2189,156.10951232910156
2015-01-19,59.65,57.48,54.38,46.39,63.19,62.81,61.75,276.92,47.005,48.8,47.365,103.2189,120.25823974609375
2015-01-20,58.54,56.39,53.39,46.29,62.14,61.85,60.75,274.43,46.865,48.52,46.33,103.5233,175.2919158935547
2015-01-21,58.5,56.38,53.52,45.96,62.26,62.18,61.03,275.75,46.885,48.3,47.17,103.7858,148.50863647460938
2015-01-22,58.29,56.14,53.12,45.99,62.03,62.0,60.85,278.74,46.6,48.1,46.27,103.9271,98.54320526123047
2015-01-23,59.68,57.54,54.58,46.24,63.38,63.3,62.21,287.07,46.97,48.57,45.35,104.3676,109.11988067626953
2015-01-26,58.18,56.04,53.08,45.05,62.3,61.68,60.74,283.55,46.3,47.66,45.14,104.4818,135.92604064941406
2015-01-27,57.86,55.73,52.82,45.94,62.74,61.58,60.64,275.87,46.855,48.21,45.98,104.1646,95.16268157958984
2015-01-28,59.6,57.47,54.56,47.47,63.73,62.09,61.1,283.82,47.64,48.91,44.43,104.4737,146.4594268798828
2015-01-29,59.72,57.59,54.68,47.09,63.26,61.57,60.58,281.53,47.06,48.21,44.58,105.2763,105.28024291992188
2015-01-30,61.01,58.79,55.42,48.06,63.57,61.53,60.67,286.33,47.855,49.09,47.71,105.5884,126.52168273925781
2015-02-02,64.11,61.89,58.52,51.66,66.43,63.85,62.91,300.33,52.265,54.44,49.6,105.2058,101.14710235595703
2015-02-03,69.16,66.94,63.57,55.99,69.94,67.7,66.67,323.33,54.81,56.92,52.74,104.6063,141.2511749267578
2015-02-04,70.97,68.7,65.22,56.88,71.98,70.24,69.2,339.53,54.895,56.71,48.75,104.785,90.69612121582031
2015-02-05,67.21,64.86,61.61,52.87,69.24,67.52,66.42,322.72,55.99,57.55,50.64,104.4915,89.42814636230469
2015-02-06,71.43,68.21,64.87,55.42,72.71,70.47,69.4,345.68,56.705,58.14,52.05,105.1283,166.44029235839844
2015-02-09,73.06,69.85,66.57,57.06,73.26,71.57,70.47,340.64,57.16,59.06,52.78,104.9889,128.9940643310547
2015-02-10,72.77,69.55,66.22,57.34,73.3,72.49,71.38,344.3,55.835,57.74,50.3,105.2897,134.22850036621094
2015-02-11,72.09,68.9,65.71,56.69,72.48,71.95,71.0,342.31,54.0,55.98,49.13,105.7901,110.84524536132812
2015-02-12,71.73,68.54,65.35,56.79,72.25,71.59,70.67,344.43,56.315,57.76,51.48,104.9385,76.61225128173828
2015-02-13,75.55,72.29,68.75,58.98,75.72,75.02,74.1,367.26,60.105,61.31,52.84,104.8452,139.6398468017578
2015-02-16,75.89,72.63,69.09,58.76,76.21,74.95,73.95,364.38,61.2,61.58,53.185,104.8452,102.5166015625
2015-02-17,76.8,73.54,70.0,59.82,76.79,75.32,74.42,365.67,60.465,60.84,53.53,104.8452,123.7453384399414
2015-02-18,76.74,73.48,69.94,60.01,76.97,75.43,74.44,374.67,60.66,61.22,51.69,105.2514,154.67242431640625
2015-02-19,76.46666666666667,73.19333333333334,69.59,59.56,76.02333333333333,74.87333333333333,73.87333333333333,366.9066666666667,58.59,59.16,51.36,105.1407,143.86007690429688
2015-02-20,76.19333333333333,72.90666666666667,69.24,59.11,75.07666666666667,74.31666666666668,73.30666666666666,359.1433333333333,60.7,60.77,50.17,105.3387,136.84970092773438
2015-02-23,75.92,72.62,68.89,58.66,74.13,73.76,72.74,351.38,59.865,59.39,48.47,105.5359,168.176513671875
2015-02-24,74.6,71.37,67.91,57.57,72.66,72.58,71.55,341.2,60.075,59.745,48.47,105.5472,149.08883666992188
2015-02-25,74.85,71.81,68.42,58.07,73.18,72.71,71.67,341.69,59.645,58.93,50.22,105.0503,114.378173828125
2015-02-26,79.53,76.49,73.1,60.27,75.97,75.65,74.68,360.49,61.36,60.88,48.93,105.5021,95.06265258789062
2015-02-27,79.64,76.63,73.41,60.19,75.34,75.72,74.79,364.21,61.99,61.6,49.3,105.5981,105.93698120117188
2015-03-02,79.45,77.56,74.34,61.04,75.74,77.07,76.14,364.87,61.075,61.43,49.79,105.8151,105.46525573730469
2015-03-03,78.48,76.25,72.82,59.47,73.84,74.93,74.0,351.01,61.38,61.96,50.37,105.5562,149.37307739257812
2015-03-04,79.54,77.31,73.88,60.47,74.64,75.94,74.91,351.66,59.155,60.2,51.72,106.1333,218.31878662109375
2015-03-05,79.16,76.93,73.5,59.96,73.8,75.58,74.48,345.09,60.315,61.12,50.86,106.1333,77.4869613647461
2015-03-06,79.24,77.04,73.76,59.15,73.12,75.46,74.28,347.15,59.435,60.4,49.63,107.4337,86.04071807861328
2015-03-09,78.16,75.96,72.68,57.66,71.81,74.24,72.89,337.55,58.465,59.55,50.03,107.5199,79.82090759277344
2015-03-10,78.49,76.24,72.8,56.76,70.74,73.34,71.94,331.33,55.83,56.75,48.59,108.1165,89.771484375
2015-03-11,76.4,74.12,70.51,55.4,69.37,72.39,70.9,323.44,56.505,57.11,48.22,108.5235,78.04478454589844
2015-03-12,76.98,74.7,71.09,57.2,70.85,73.7,72.08,331.63,56.565,57.18,47.1,108.1741,105.60790252685547
2015-03-13,75.6,73.34,69.83,56.89,68.77,71.81,70.16,322.58,54.405,55.4,45.08,108.9174,67.84777069091797
2015-03-16,72.91,70.65,67.14,54.0,66.88,69.18,67.38,307.2,52.045,53.06,43.9,108.6422,109.26010131835938
2015-03-17,71.91,69.59,65.79,54.16,66.53,69.07,67.16,306.0,51.64,52.7,43.18,108.5805,97.29219818115234
2015-03-18,71.61,69.29,65.49,53.26,65.98,69.35,67.25,306.18,52.65,53.73,44.67,108.408,117.37445068359375
2015-03-19,73.8,71.48,67.68,54.77,68.47,71.65,69.58,313.03,52.935,54.01,43.92,108.1826,55.86671829223633
2015-03-20,73.64,71.37,67.84,54.73,66.74,69.97,67.93,308.48,53.875,54.81,45.38,107.1671,94.76250457763672
2015-03-23,74.01,71.74,68.21,55.49,67.29,70.17,68.02,310.63,53.87,55.17,46.81,106.5022,98.2957763671875
2015-03-24,74.96,72.69,69.16,57.68,68.64,70.86,68.75,319.19,53.8,55.02,47.0,106.4401,100.38084411621094
2015-03-25,74.79,72.52,68.99,57.71,67.84,70.18,68.15,316.09,54.255,55.6,48.56,106.2636,105.37905883789062
2015-03-26,78.91,76.66,73.23,62.06,71.54,73.77,71.71,340.8,57.16,58.37,51.36,106.5582,103.40631103515625
2015-03-27,77.54,75.29,71.86,59.81,70.3,72.67,70.59,333.06,56.625,57.68,48.47,106.8916,199.252197265625
2015-03-30,74.92,72.67,69.24,57.73,69.4,71.64,69.6,323.47,54.355,55.34,48.6,107.3941,123.23540496826172
2015-03-31,73.37,71.11,67.66,57.06,67.99,70.55,68.56,317.08,53.985,55.16,47.63,107.4396,131.05657958984375
2015-04-01,72.39,70.21,67.15,56.2,67.66,70.58,68.56,317.11,55.57,57.26,49.71,107.06,138.92813110351562
2015-04-02,73.68,71.5,68.44,57.29,69.02,70.96,69.58,324.09,54.18,55.85,49.48,106.6738,113.84656524658203
2015-04-06,71.62,69.84,66.95,56.04,68.45,70.37,69.09,324.36,55.8675,57.455,52.06,105.7876,116.78925323486328
2015-04-07,72.82,71.47,68.71,57.43,69.49,71.17,69.72,330.4,57.555,59.06,53.85,106.4488,110.12525177001953
2015-04-08,73.65,72.3,69.54,57.05,69.92,71.78,70.44,334.7,56.435,57.9,50.71,106.4231,166.75509643554688
2015-04-09,69.62,68.39,66.2,55.63,68.38,70.02,68.57,327.12,56.06,57.52,50.84,107.0335,134.8137969970703
2015-04-10,70.95,69.72,67.53,55.33,68.26,70.17,68.75,330.67,57.045,58.45,51.76,107.4526,142.1363983154297
2015-04-13,73.82,72.59,70.4,58.33,71.47,73.25,71.79,347.18,57.13,58.79,51.88,107.7508,79.2243423461914
2015-04-14,74.29,72.97,70.75,58.3,70.42,72.34,70.96,342.87,57.54,59.19,53.25,107.0547,121.64796447753906
2015-04-15,76.83,74.77,72.17,59.22,71.31,72.93,71.48,346.94,58.86,60.81,55.84,107.1855,143.6572723388672
2015-04-16,80.25,78.14,75.3,62.1,73.52,75.01,73.55,356.27,60.46,62.37,56.54,106.2761,104.71763610839844
2015-04-17,79.95,77.95,75.67,62.23,74.29,75.8,74.31,358.4,61.775,63.78,55.9,106.329,99.0600357055664
2015-04-20,79.44,77.94,75.82,61.87,74.3,75.45,74.02,360.39,61.16,63.52,56.32,106.4902,91.7326431274414
2015-04-21,78.32,76.84,74.8,60.22,73.86,75.18,73.68,358.01,60.64,62.6,55.5,106.5582,85.28290557861328
2015-04-22,76.99,75.5,73.41,58.77,72.49,74.05,72.55,352.23,60.755,62.7,55.19,106.5815,75.58879852294922
2015-04-23,79.76,77.7,75.46,60.12,73.29,74.85,73.29,356.79,62.975,64.87,56.31,106.1658,61.07770919799805
2015-04-24,84.09,82.03,79.79,62.97,75.85,77.63,75.95,369.75,62.865,65.11,55.98,105.905,156.40452575683594
2015-04-27,84.27,82.18,79.83,63.22,75.59,77.6,75.9,370.86,62.98,64.63,56.96,105.6891,76.0417251586914
2015-04-28,83.7,81.57,79.09,62.75,74.8,76.86,75.15,364.94,62.8,64.8,56.94,105.1234,46.00788497924805
2015-04-29,82.82,80.62,77.91,62.34,74.4,76.68,75.03,366.06,64.05,65.85,58.48,104.5634,84.09903717041016
2015-04-30,84.49,82.3,79.64,63.37,76.82,79.03,77.45,378.68,64.42,65.66,59.57,105.312,52.747894287109375
2015-05-01,85.02,82.845,80.265,63.385,77.28,79.37,77.75,382.51,64.39,66.46,59.28,105.6382,76.23860931396484
2015-05-04,85.55,83.39,80.89,63.4,77.74,79.71,78.05,386.34,65.2525,67.32,58.98,105.6679,70.595703125
2015-05-05,85.14,82.98,80.48,62.61,77.8,79.46,77.76,389.21,66.115,68.18,60.51,105.2396,44.76443099975586
2015-05-06,86.76,84.53,81.68,63.47,80.2,81.93,80.3,404.92,66.62,68.5,60.89,104.6935,99.69424438476562
2015-05-07,85.5,83.2,79.98,62.57,80.36,81.92,80.31,401.61,64.84,66.64,58.9,105.1941,64.28498840332031
2015-05-08,83.84,81.57,78.48,61.57,78.3,79.55,78.03,394.52,64.025,65.6,59.37,104.8424,71.75237274169922
2015-05-11,85.45,83.27,80.61,61.9,78.02,79.74,78.24,395.22,62.955,64.61,59.18,105.3075,118.67454528808594
2015-05-12,84.97,82.81,80.25,62.26,77.84,79.99,78.63,393.97,65.315,66.61,60.59,104.8924,62.16614532470703
2015-05-13,87.19,85.03,82.47,63.87,79.93,82.16,80.7,401.33,66.65,67.67,60.24,104.3608,114.38423919677734
2015-05-14,86.19,84.03,81.47,63.45,79.05,81.53,79.56,393.84,65.66,66.81,59.87,104.2359,77.46539306640625
2015-05-15,87.4,85.24,82.68,63.69,79.13,81.71,79.58,393.33,65.17,66.11,59.92,104.0202,95.23632049560547
2015-05-18,88.69,86.53,83.97,64.48,79.41,82.46,79.82,394.62,65.22,66.1,59.65,104.6068,112.11767578125
2015-05-19,87.47,85.3,82.7,62.43,77.13,80.32,77.55,377.53,63.525,64.35,57.3,105.3448,128.43557739257812
2015-05-20,86.54,84.37,81.77,61.64,76.44,79.57,76.81,374.37,63.59,64.51,58.38,105.5605,71.46401977539062
2015-05-21,86.21,84.07,81.51,61.48,76.82,79.71,76.96,380.88,65.65,66.4,59.99,105.3808,56.78687286376953
2015-05-22,87.53,85.39,82.83,61.93,78.06,81.1,78.29,394.1,64.29,65.4,59.09,105.8487,84.28925323486328
2015-05-25,86.11,84.15,81.69,59.84,76.26,79.43,76.61,388.55,63.1725,64.51,58.58,105.8487,86.68401336669922
2015-05-26,85.42,83.45,80.97,60.58,76.71,79.57,77.03,390.07,62.055,63.62,58.07,106.7294,37.399959564208984
2015-05-27,84.17,82.2,79.72,60.47,75.95,78.36,76.15,389.02,61.755,62.8,57.59,106.908,83.27684020996094
2015-05-28,82.21,80.21,77.59,59.06,74.02,76.79,74.78,380.07,60.725,61.9,57.78,106.92,55.8925895690918
2015-05-29,84.94,82.94,80.32,60.06,74.57,77.12,75.26,378.55,63.49,64.5,60.23,106.7388,55.4736213684082
2015-06-01,85.97999999999999,83.99000000000001,81.41999999999999,61.49,75.88,78.43,76.595,383.155,62.89,64.78,60.26,107.2238,106.23394775390625
2015-06-02,87.02,85.04,82.52,62.92,77.19,79.74,77.93,387.76,63.55,65.85,61.34,106.4507,65.3465576171875
2015-06-03,85.64,83.66,81.14,62.34,76.74,78.99,77.18,379.01,62.525,64.8,59.7,106.1443,129.118896484375
2015-06-04,84.75,82.77,80.25,60.7,74.42,76.64,74.67,364.93,60.355,62.525,58.13,106.4725,84.12870788574219
2015-06-05,83.07,81.09,78.57,58.78,72.42,75.01,73.06,354.22,60.18,62.38,59.0,107.1336,62.501277923583984
2015-06-08,86.74,84.19,81.07,59.89,73.48,76.28,74.16,358.87,61.155,63.04,58.2,106.7693,81.79179382324219
2015-06-09,87.1,84.55,81.43,61.03,73.81,76.54,74.4,360.22,63.33,64.87,59.98,106.2238,95.46304321289062
2015-06-10,90.69,88.14,85.02,64.53,76.88,79.64,77.51,372.43,63.87,65.65,61.23,105.8037,48.58432388305664
2015-06-11,90.63,88.08,84.96,64.25,76.4,79.12,76.97,375.37,63.475,65.04,60.65,106.0934,54.965171813964844
2015-06-12,88.63,86.1,83.08,63.11,75.09,77.63,75.48,367.18,63.05,64.74,60.0,105.9015,41.64371109008789
2015-06-15,88.0,85.47,82.45,62.03,74.06,76.74,74.39,361.46,61.59,63.38,59.62,105.9989,63.19683837890625
2015-06-16,88.53,86.0,82.98,61.14,74.2,76.5,74.06,365.31,61.465,63.37,60.03,106.0473,114.22647094726562
2015-06-17,89.33,86.8,83.78,61.08,74.94,77.14,74.67,364.67,61.35,63.42,59.94,106.058,79.92790985107422
2015-06-18,88.65,86.12,83.1,60.57,75.54,77.73,75.3,366.64,61.96,63.905,60.38,105.102,83.08512115478516
2015-06-19,86.92,84.39,81.37,60.85,75.19,77.41,75.0,364.12,60.47,62.18,59.63,105.4496,44.27490234375
2015-06-22,84.62,82.09,79.07,60.25,74.16,76.44,74.03,358.3,60.205,62.04,59.84,105.3846,90.68220520019531
2015-06-23,83.91,81.38,78.36,59.58,73.79,76.12,73.73,359.05,61.675,63.67,60.97,105.9678,103.51773834228516
2015-06-24,85.81,83.28,80.26,60.81,75.69,78.02,75.62,361.06,61.775,63.48,60.12,106.2522,84.81681060791016
2015-06-25,84.58,82.05,79.03,59.11,73.99,76.43,73.95,347.01,60.595,62.23,59.52,106.1515,131.0054931640625
2015-06-26,83.73,81.2,78.18,59.0,73.22,75.7,73.14,348.92,60.74,62.32,59.56,106.4116,81.48998260498047
2015-06-29,82.51,79.98,76.96,58.17,71.85,74.36,71.69,342.6,59.825,61.29,58.28,106.3785,136.92648315429688
2015-06-30,83.43,80.9,77.88,58.52,72.6,75.07,72.42,344.86,61.05,62.25,59.38,106.5191,169.31866455078125
2015-07-01,82.79,80.26,77.23,58.52,73.01,75.39,72.77,341.18,61.67,63.03,56.93,107.0101,93.14065551757812
2015-07-02,80.66,78.13,75.11,57.98,71.89,74.14,71.63,335.52,61.51,62.96,57.28,106.9106,84.56055450439453
2015-07-03,81.1,78.55,75.44,58.03,71.37,74.12,71.62,331.79,59.105,60.47,54.91,106.9106,86.95490264892578
2015-07-06,79.35,76.88,74.14,55.94,69.0,71.7,69.06,320.95,57.075,58.4,52.54,107.1343,109.32566833496094
2015-07-07,78.08,75.58,72.69,53.63,66.81,69.76,67.12,311.97,54.73,55.87,52.91,107.785,82.0898666381836
2015-07-08,77.95,75.45,72.56,52.16,65.25,68.2,65.58,307.11,55.705,56.64,51.66,107.4734,61.78390121459961
2015-07-09,81.89,79.33,76.13,52.81,66.61,69.51,66.8,315.28,58.025,58.58,52.88,107.5595,58.6295166015625
2015-07-10,82.81,80.21,76.81,53.56,67.16,70.3,67.45,322.99,57.455,58.07,52.71,107.213,107.38996887207031
2015-07-13,80.86,78.26,74.86,52.67,66.57,69.41,66.29,317.79,57.56,58.19,52.16,107.5849,123.0675277709961
2015-07-14,79.39,76.79,73.39,51.67,65.92,68.88,65.43,314.97,57.345,57.79,52.81,107.4843,67.70211029052734
2015-07-15,79.39,76.79,73.39,52.23,66.79,69.54,66.1,316.9,57.59,57.76,51.36,108.0149,229.97799682617188
2015-07-16,78.57,75.97,72.57,52.32,65.57,67.77,64.26,312.05,57.355,57.33,50.97,108.1726,117.64946746826172
2015-07-17,78.725,76.125,72.725,53.14,65.215,67.57,64.12,311.68,56.475,56.39,50.79,108.5374,146.96043395996094
2015-07-20,78.88,76.28,72.88,53.96,64.86,67.37,63.98,311.31,56.41,56.55,50.02,108.6944,125.31095123291016
2015-07-21,77.92,75.28,71.68,53.44,64.21,66.79,63.5,307.46,56.05,56.54,50.46,108.3893,193.97918701171875
2015-07-22,77.45,74.74,70.79,52.53,64.55,67.01,63.76,307.32,56.545,56.63,48.79,108.7817,152.95497131347656
2015-07-23,76.66,73.95,70.0,52.25,64.81,66.69,63.37,303.57,55.965,56.04,48.55,108.7565,87.72247314453125
2015-07-24,76.97,74.28,70.43,51.4,64.49,65.9,62.66,299.93,54.575,54.38,47.75,109.0174,113.35782623291016
2015-07-27,76.65,73.98,70.23,50.98,62.99,64.48,61.11,293.75,54.13,53.72,47.12,108.6924,171.43505859375
2015-07-28,74.81,72.16,68.51,50.54,61.17,62.51,59.23,283.81,54.425,53.82,47.77,108.6881,132.92807006835938
2015-07-29,74.15,71.51,67.91,50.01,61.11,62.97,59.38,281.17,54.38,54.03,48.67,108.604,99.94815826416016
2015-07-30,75.22,72.58,68.98,51.69,62.3,64.19,60.65,289.24,53.715,53.63,48.6,109.4328,74.9848861694336
2015-07-31,76.6,73.86,69.78,50.89,61.36,63.41,59.87,284.03,52.53,52.48,46.92,108.7819,72.27420043945312
2015-08-03,74.75,71.96,67.61,49.54,59.31,62.26,58.61,274.64,49.145,50.43,45.37,109.214,28.458484649658203
2015-08-04,73.46,70.67,66.32,49.67,58.84,62.5,58.76,272.38,48.86,50.28,45.73,109.2244,155.10350036621094
2015-08-05,74.99,72.2,67.85,49.78,58.45,62.06,58.33,273.68,49.32,50.47,45.17,109.842,77.82831573486328
2015-08-06,74.31,71.56,67.39,47.99,57.43,61.79,57.87,268.76,47.83,49.06,44.64,109.722,128.7997283935547
2015-08-07,74.17333333333333,71.41666666666667,67.21333333333334,48.36333333333334,58.07666666666667,62.39,58.486666666666665,269.63666666666666,47.685,49.06,43.76,109.4376,90.13789367675781
2015-08-10,74.03666666666668,71.27333333333333,67.03666666666666,48.736666666666665,58.72333333333333,62.99,59.10333333333333,270.5133333333333,48.475,49.79,44.75,109.1931,88.92799377441406
2015-08-11,73.9,71.13,66.86,49.11,59.37,63.59,59.72,271.39,47.525,48.8,43.23,109.9464,93.79849243164062
2015-08-12,73.07,70.21,65.47,48.2,58.05,62.5,58.79,264.76,48.24,49.37,43.32,109.4655,97.42845916748047
2015-08-13,73.5,70.7,66.26,48.89,59.67,63.68,59.87,266.51,48.015,49.13,42.24,109.9025,110.11305236816406
2015-08-14,72.58,69.74,65.1,47.53,58.07,61.81,57.98,259.04,47.79,48.81,42.34,109.9174,78.32218170166016
2015-08-17,70.05,67.32,63.24,46.7,57.79,61.3,57.37,255.9,47.845,48.63,41.92,110.1435,95.6089096069336
2015-08-18,69.57,66.84,62.76,46.42,57.61,61.33,57.67,251.91,47.275,48.14,42.4,110.2504,88.54347229003906
2015-08-19,68.92,66.28,62.64,47.14,58.5,62.03,58.28,251.61,46.125,47.07,40.72,110.4333,121.07337188720703
2015-08-20,65.59,63.03,59.7,45.19,56.84,59.98,56.28,239.1,45.74,46.77,40.81,110.1077,28.846744537353516
2015-08-21,64.42,61.83,58.35,44.17,55.96,59.17,55.7,231.3,44.06,44.86,40.06,110.1443,86.26477813720703
2015-08-24,62.29,59.76,56.57,41.53,53.96,57.56,54.13,209.79,41.855,42.56,37.82,109.9306,103.35624694824219
2015-08-25,61.32,58.7,55.05,40.42,53.13,56.51,53.09,202.5,42.03,42.93,39.09,110.3394,58.1152229309082
2015-08-26,60.66,58.08,54.61,39.15,53.12,56.75,53.33,199.94,42.055,42.87,38.85,110.5807,79.10609436035156
2015-08-27,61.68,58.93,54.62,40.15,53.87,57.09,54.26,210.62,44.735,45.27,41.97,110.4834,85.70679473876953
2015-08-28,64.5,61.77,57.56,42.79,56.29,59.45,56.63,226.85,48.27,49.06,45.34,110.6714,52.88569641113281
2015-08-31,66.11,63.38,59.17,45.15,58.18,61.4,58.54,243.36,48.620000000000005,49.845,48.66,110.5621,79.24803161621094
2015-09-01,69.45,66.74,62.63,47.76,60.82,64.5,61.65,261.47,48.97,50.63,45.25,110.4506,96.3266830444336
2015-09-02,67.09,64.4,60.39,44.19,58.05,61.12,58.66,244.57,47.385,48.94,46.0,110.7979,75.71583557128906
2015-09-03,68.88,66.24,62.46,46.14,60.36,62.77,60.86,255.4,50.43,52.02,46.82,110.8566,85.4856185913086
2015-09-04,69.83,67.1,62.86,46.8,61.01,63.42,61.51,252.8,48.695,50.26,45.96,111.1018,98.02912902832031
2015-09-07,69.18,66.43,62.11,46.4,59.89,62.35,60.56,246.65,46.605,48.21,45.83,111.1018,84.0753173828125
2015-09-08,68.24,65.49,61.17,45.79,58.8,61.16,59.47,238.42,49.01,49.99,45.7,110.7942,117.95494079589844
2015-09-09,68.99,66.3,62.29,47.48,60.63,62.9,61.26,242.82,47.99,49.14,44.35,110.9225,142.70852661132812
2015-09-10,66.72,64.11,60.5,45.6,58.36,60.88,59.14,229.74,47.625,48.81,45.61,110.6331,143.31256103515625
2015-09-11,66.75,64.15,60.6,45.8,58.275,60.78,59.085,231.27,47.045,48.23,44.76,110.6109,118.87203979492188
2015-09-14,66.78,64.19,60.7,46.0,58.19,60.68,59.03,232.8,46.035,47.24,44.11,110.5005,79.94129943847656
2015-09-15,64.74,62.23,59.14,45.75,57.33,59.85,58.18,229.14,45.94,46.77,44.67,110.6394,122.68769073486328
2015-09-16,66.91,64.27,60.53,47.34,58.07,60.32,58.45,234.37,48.795,49.45,47.03,110.1021,83.47319030761719
2015-09-17,67.96,65.32,61.58,48.1,59.41,61.48,59.63,238.33,48.08,48.45,46.99,110.1212,83.40997314453125
2015-09-18,67.65,65.01,61.27,47.8,59.0,61.23,59.3,236.74,46.915,47.42,44.87,109.8165,83.91305541992188
2015-09-21,66.61,64.04,60.66,47.05,57.68,60.06,58.25,226.69,47.09,48.15,46.44,110.6414,86.41481018066406
2015-09-22,67.64,65.13,62.06,47.62,57.95,60.14,58.45,225.53,46.79,47.54,46.09,111.1967,188.75030517578125
2015-09-23,70.11,67.52,64.07,48.4,60.07,61.95,60.6,236.91,48.25,49.11,44.6,111.6287,85.7754898071289
2015-09-24,69.035,66.445,62.995,47.665,59.425,61.18,59.875,235.395,47.14,47.68,44.88,111.4454,88.69506072998047
2015-09-25,67.96,65.37,61.92,46.93,58.78,60.41,59.15,233.88,47.235,48.04,45.52,111.3725,81.83991241455078
2015-09-28,68.27,65.68,62.23,47.4,58.59,59.98,58.77,233.89,46.475,47.05,44.58,111.3914,92.13209533691406
2015-09-29,66.95,64.45,61.46,46.72,58.15,59.27,58.11,228.03,47.585,47.96,45.24,111.5219,111.60942077636719
2015-09-30,67.2,64.7,61.71,46.83,58.73,59.74,58.53,231.23,47.285,47.87,45.17,111.3311,101.27595520019531
2015-10-01,69.05,67.42,64.67,48.14,59.7,60.82,59.1,236.86,47.785,48.87,44.98,111.0439,128.45445251464844
2015-10-02,67.78,66.06,62.87,47.54,59.23,60.28,58.32,235.9,46.505,47.42,45.64,110.7006,180.3509063720703
2015-10-05,67.28,65.77,62.97,47.9,59.98,60.95,58.99,244.37,49.32,50.12,46.37,110.4445,91.09561157226562
2015-10-06,67.05,65.54,62.74,48.86,60.49,61.36,59.47,246.66,51.24,51.8,48.52,110.1371,113.13414764404297
2015-10-07,68.81,67.3,64.5,51.9,63.81,64.9,62.98,263.36,51.45,52.06,47.84,109.8162,110.68245697021484
2015-10-08,66.91,65.4,62.6,51.02,62.19,63.76,61.92,256.31,51.91,52.67,49.64,109.6452,70.63836669921875
2015-10-09,67.12,65.61,62.81,52.21,62.42,64.76,62.92,259.67,51.87,52.6,49.62,109.0782,88.3863754272461
2015-10-12,67.79,66.28,63.48,52.09,62.36,64.38,62.5,258.97,51.08,51.93,47.27,109.0782,79.31500244140625
2015-10-13,66.19,64.68,61.88,49.85,59.68,61.67,59.79,245.54,49.32,50.24,46.72,109.4119,80.68500518798828
2015-10-14,65.43,63.89,61.06,49.11,58.26,60.44,58.58,243.57,48.305,49.21,46.63,109.1244,105.43982696533203
2015-10-15,65.48,63.94,61.11,49.17,58.41,60.37,58.51,241.06,48.035,48.61,46.63,108.6671,84.31990814208984
2015-10-16,65.48,63.94,61.11,49.59,59.41,60.98,59.12,243.5,49.125,49.71,47.32,108.9956,90.19367218017578
2015-10-19,63.92,62.37,59.5,48.96,58.77,60.65,58.79,241.28,47.33,48.48,46.09,109.3858,85.07396697998047
2015-10-20,61.06,59.64,57.04,47.38,57.59,59.38,57.52,235.24,47.185,48.14,45.84,109.3368,70.16028594970703
2015-10-21,60.41,59.16,56.9,47.12,57.23,59.13,57.33,237.51,46.975,47.77,44.75,109.7746,69.3731460571289
2015-10-22,62.02,60.74,57.7,47.33,57.84,59.85,58.15,238.09,46.585,47.63,44.87,110.0342,68.85244750976562
2015-10-23,62.56,61.28,58.24,47.86,58.36,60.27,58.57,237.04,46.65,47.21,43.92,110.4329,79.13984680175781
2015-10-26,62.17,60.91,57.97,47.87,57.6,59.66,57.94,236.68,46.955,47.24,43.97,110.2089,83.86247253417969
2015-10-27,61.56,60.28,57.24,47.01,56.55,58.35,56.63,235.45,45.93,46.26,43.19,110.4875,49.441307067871094
2015-10-28,61.79,60.53,57.6,47.04,57.07,58.64,56.92,236.05,48.165,48.48,45.63,110.2334,68.03733825683594
2015-10-29,63.53,62.28,59.39,49.12,58.65,60.11,58.39,243.78,48.45,48.66,45.85,110.8083,62.64903259277344
2015-10-30,62.88,61.63,58.74,49.27,58.5,60.04,58.32,242.35,48.16,48.68,46.38,110.2079,91.50739288330078
2015-11-02,63.05,61.8,58.91,50.44,59.99,61.29,59.57,246.18,47.305,49.31,46.15,110.2188,109.91929626464844
2015-11-03,61.94,60.69,57.8,50.06,59.67,61.1,59.38,243.19,47.98,50.29,47.86,110.244,53.27228927612305
2015-11-04,63.15,62.0,59.6,51.8,61.71,63.26,61.54,249.01,47.26,49.4,46.54,110.7139,96.48255157470703
2015-11-05,61.85,60.7,58.3,50.52,59.85,61.42,59.69,243.65,47.035,49.0,45.33,110.8302,60.44831085205078
2015-11-06,62.2,61.06,58.73,50.15,59.28,60.68,59.01,241.53,46.1,47.95,44.39,111.7603,89.18451690673828
2015-11-09,61.44,60.3,57.97,49.84,59.47,60.85,59.05,239.92,45.49,47.58,44.0,111.9112,87.3079833984375
2015-11-10,61.095,59.955,57.625,49.615,59.175,60.585,58.77,238.155,45.995,47.82,44.26,111.9919,85.30216979980469
2015-11-11,60.75,59.61,57.28,49.39,58.88,60.32,58.49,236.39,44.69,46.42,43.07,111.9919,51.980377197265625
2015-11-12,61.16,59.6,56.9,48.39,57.78,59.54,57.71,228.84,43.155,44.91,41.77,111.7965,44.11854934692383
2015-11-13,60.33,58.3,55.45,47.6,57.06,58.92,57.09,224.37,42.27,44.08,40.79,112.0264,61.5718879699707
2015-11-16,59.58,57.55,54.71,47.01,55.84,57.82,56.02,220.97,40.385,42.75,42.06,112.2199,291.9892578125
2015-11-17,58.62,56.59,53.75,47.54,55.71,57.7,56.07,222.8,41.545,43.55,40.75,112.3141,354.0518798828125
2015-11-18,58.83,56.82,54.03,47.57,55.74,57.46,55.9,217.52,41.675,43.33,40.95,112.3663,309.495361328125
2015-11-19,59.47,57.4,54.61,47.82,55.92,57.42,56.16,220.31,42.18,43.8,40.56,111.5749,242.89370727539062
2015-11-20,59.22,57.21,54.42,47.56,55.62,57.15,55.95,216.95,42.67,44.09,40.08,111.7799,212.1929473876953
2015-11-23,58.42,56.41,53.62,46.82,55.07,56.72,55.52,215.2,44.005,44.94,40.16,112.1125,170.00735473632812
2015-11-24,60.47,58.46,55.67,48.61,56.51,58.2,56.97,224.25,44.63,45.69,41.15,111.7638,246.838134765625
2015-11-25,62.08,60.07,57.28,49.67,56.95,58.23,57.04,227.49,43.955,45.0,41.56,111.8936,247.6171875
2015-11-26,61.51,59.5,56.71,49.27,56.57,57.89,56.7,226.06,43.985,44.96,41.58,111.8936,172.9800262451172
2015-11-27,61.03,59.02,56.23,49.27,55.91,56.94,55.75,220.05,43.845,44.61,41.6,112.2824,237.591064453125
2015-11-30,60.87,58.9,56.33,49.58,55.61,56.9,55.64,215.98,44.02,44.87,41.62,112.34,100.22897338867188
2015-12-01,60.6,58.63,56.06,49.59,54.75,56.12,54.86,218.17,43.245,44.75,41.59,112.1134,170.49981689453125
2015-12-02,60.25,58.28,55.71,50.03,54.02,55.52,54.21,216.41,41.71,43.6,40.07,112.3715,192.69784545898438
2015-12-03,58.42,56.45,53.88,48.38,52.82,54.29,52.93,202.81,41.885,43.45,41.13,111.6407,157.9247283935547
2015-12-04,59.08,57.11,54.54,48.43,53.37,55.2,53.88,206.08,41.785,43.25,40.06,111.5463,156.33291625976562
2015-12-07,58.24,56.27,53.7,46.97,52.0,53.86,52.55,196.61,39.76,41.18,37.58,112.3056,197.36715698242188
2015-12-08,56.3,54.33,51.76,45.8,49.62,50.92,49.66,186.73,39.62,40.755,37.52,112.5485,197.98146057128906
2015-12-09,56.63,54.63,51.92,46.02,49.31,50.44,49.19,185.16,39.105,40.19,37.32,112.1918,199.49636840820312
2015-12-10,58.02,56.02,53.31,46.13,49.37,50.44,49.17,186.02,38.61,39.74,36.72,112.2672,147.40721130371094
2015-12-11,59.23,57.26,54.71,46.35,48.5,49.14,47.96,184.87,37.125,38.18,35.59,112.7147,150.00306701660156
2015-12-14,59.63,57.68,55.25,45.85,47.12,47.21,45.95,176.63,36.8,37.45,36.28,112.7521,119.4185791015625
2015-12-15,56.74,54.79,52.36,44.49,45.51,45.67,44.34,173.13,38.02,38.49,37.22,112.8609,142.25750732421875
2015-12-16,57.61,55.57,52.69,44.75,46.11,45.72,44.19,170.91,36.935,37.28,35.6,112.9864,170.60433959960938
2015-12-17,57.04,55.0,52.12,44.28,45.38,44.2,42.75,163.73,36.65,36.98,34.89,113.8177,162.97996520996094
2015-12-18,58.55,56.45,53.29,44.59,45.3,44.25,42.91,163.24,37.28,37.14,34.58,113.2837,134.47500610351562
2015-12-21,57.32,55.22,52.06,44.04,44.61,44.4,43.06,155.8,35.76,35.94,34.59,113.4144,165.0172119140625
2015-12-22,55.82,53.72,50.56,43.86,44.63,44.57,43.36,158.23,35.635,36.29,35.42,113.211,143.2771453857422
2015-12-23,54.72,52.62,49.46,43.36,44.33,44.5,43.27,159.0,36.445,36.65,36.99,113.1847,73.7386703491211
2015-12-24,57.66,55.57,52.48,45.03,45.38,45.54,44.29,166.0,37.075,37.21,37.58,113.0496,111.12447357177734
2015-12-28,56.88,54.79,51.7,44.56,44.19,44.39,43.2,164.87,37.105,37.17,36.84,113.0461,147.82249450683594
2015-12-29,56.17,54.08,50.99,43.95,44.16,44.15,43.1,163.14,37.135,37.13,37.87,113.1664,109.34689331054688
2015-12-30,57.01,54.93,51.9,44.64,44.61,44.48,43.59,165.96,36.09,36.37,36.68,113.4707,141.56272888183594
2015-12-31,57.14,55.05,51.98,43.78,43.44,43.39,42.4,163.22,35.74,35.88,37.58,113.3429,70.10725402832031
2016-01-04,57.79,55.7,52.63,44.52,43.34,43.43,42.31,169.86,36.53,37.26,36.77,114.1595,133.57127380371094
2016-01-05,59.08,56.84,53.55,45.41,43.07,43.23,42.16,166.79,35.525,36.93,35.85,114.2649,205.15902709960938
2016-01-06,57.11,54.9,51.77,43.92,42.95,42.91,41.94,162.93,33.82,35.15,33.86,114.6177,161.46932983398438
2016-01-07,53.34,51.13,48.0,40.36,39.71,39.78,38.85,150.44,33.655,35.1,33.19,114.6516,205.20330810546875
2016-01-08,55.2,52.98,49.82,41.26,40.85,40.61,39.73,160.46,31.695,33.26,33.07,115.0095,181.01463317871094
2016-01-11,53.22,51.01,47.91,38.7,39.57,39.13,38.19,150.37,30.05,32.06,31.16,115.0139,95.24954986572266
2016-01-12,53.58,51.31,47.91,36.7,37.86,37.08,36.03,144.99,29.25,30.92,30.49,115.3128,106.3890380859375
2016-01-13,52.99,50.74,47.44,36.5,38.29,37.02,35.98,141.83,28.885,30.5,30.44,115.1425,139.33460998535156
2016-01-14,52.01,49.76,46.46,35.0,36.73,35.9,34.77,137.16,28.835,30.31,31.25,115.3846,125.4760513305664
2016-01-15,51.2,48.95,45.65,34.75,36.57,36.47,34.94,142.26,28.07,29.41,29.74,115.7404,112.73136138916016
2016-01-18,48.93,46.68,43.38,32.94,34.56,34.44,32.97,138.13,27.23,28.6,29.045,115.7404,147.984130859375
2016-01-19,50.54,48.3,45.05,34.27,35.71,35.37,33.72,136.07,28.01,29.43,28.35,115.8155,154.4204559326172
2016-01-20,49.28,47.02,43.65,33.58,33.07,33.08,31.21,132.71,25.985,27.54,26.54,116.3498,194.33729553222656
2016-01-21,49.57,47.31,43.94,32.49,32.26,32.24,30.29,139.72,27.625,28.68,28.47,115.9833,87.86651611328125
2016-01-22,52.11,49.85,46.48,34.57,35.39,35.33,33.38,152.12,30.21,31.38,30.88,115.9833,110.86237335205078
2016-01-25,52.4,50.16,46.89,34.35,37.36,37.14,35.18,158.74,29.83,31.03,28.7,115.9833,82.81419372558594
2016-01-26,49.69,47.45,44.18,30.74,34.71,34.48,32.48,145.58,30.99,31.81,31.27,115.9833,72.01234436035156
2016-01-27,49.81,48.37,44.49,31.4,36.9,36.34,34.54,148.3,31.515,32.45,31.82,115.5087,93.97354888916016
2016-01-28,50.45,49.11,45.43,34.08,38.96,38.3,36.49,157.79,33.065,34.17,33.6,115.2224,76.83790588378906
2016-01-29,52.21,50.88,47.27,36.49,40.24,39.25,37.86,170.63,33.11,34.14,33.73,115.5731,83.25235748291016
2016-02-01,51.22,49.91,46.39,36.64,40.66,39.8,37.53,170.83,32.74,34.87,31.42,115.3331,132.70687866210938
2016-02-02,48.65,47.34,43.82,35.13,39.98,38.8,36.64,155.63,31.34,33.3,29.97,115.553,103.51773834228516
2016-02-03,44.68,43.37,39.85,32.47,40.07,38.74,36.49,152.64,32.525,34.45,32.41,114.6144,104.03104400634766
2016-02-04,47.47,46.16,42.64,34.78,42.33,41.22,39.07,164.28,33.005,34.91,31.7,113.6012,96.6531753540039
2016-02-05,46.43,45.26,42.45,34.54,40.81,40.55,38.27,159.5,32.635,34.58,30.85,114.2935,109.37723541259766
2016-02-08,44.403333333333336,43.27666666666666,40.68666666666667,32.96666666666667,39.81,39.47,37.190000000000005,153.66333333333333,32.0,33.87,29.97,114.4351,139.5309295654297
2016-02-09,42.376666666666665,41.29333333333334,38.92333333333333,31.39333333333333,38.81,38.39,36.11,147.82666666666668,30.27,32.22,28.43,114.127,77.60041809082031
2016-02-10,40.35,39.31,37.16,29.82,37.81,37.31,35.03,141.99,29.49,31.01,27.69,114.2877,99.32736206054688
2016-02-11,41.02,39.97,37.79,30.82,37.63,36.89,35.11,143.93,28.66,30.1,26.82,114.1845,118.4752426147461
2016-02-12,44.25,42.98,39.68,32.86,39.3,38.7,36.99,145.45,31.575,32.86,29.18,114.2992,106.14369201660156
2016-02-15,46.85,45.61,42.45,35.22,41.33,40.62,39.16,157.62,32.68,33.72,29.17,114.2992,81.19038391113281
2016-02-16,47.63,46.41,43.35,35.93,43.01,42.47,41.02,165.15,31.375,32.41,29.16,114.4905,128.85191345214844
2016-02-17,43.36,42.15,39.14,32.44,40.17,39.64,38.13,146.34,33.715,34.62,30.58,113.8634,134.09194946289062
2016-02-18,45.18,43.97,40.96,34.23,42.86,42.3,40.72,159.0,33.57,34.65,30.57,113.8897,118.95960998535156
2016-02-19,44.32,43.11,40.1,33.47,42.91,41.85,40.28,152.91,32.14,33.16,29.84,113.9558,161.5886688232422
2016-02-22,44.65,43.44,40.43,33.46,41.47,40.88,39.2,152.47,34.35,34.95,31.27,113.8232,104.66248321533203
2016-02-23,44.93,43.72,40.71,33.88,41.4,41.0,39.3,151.82,32.385,33.32,30.06,114.177,150.35768127441406
2016-02-24,44.58,43.32,40.07,32.64,40.24,39.72,38.1,146.55,32.31,33.16,30.52,114.1716,115.6131362915039
2016-02-25,46.57,45.32,42.1,34.59,41.66,40.85,39.33,149.11,33.37,33.86,32.0,113.9222,57.1890869140625
2016-02-26,49.33,48.05,44.67,36.06,42.88,41.76,40.22,155.51,36.125,36.48,33.04,114.3708,88.87377166748047
2016-02-29,47.58,46.3,42.92,34.7,42.74,41.31,40.14,152.26,35.79,36.37,33.79,114.2418,59.73482894897461
2016-03-01,49.66,48.36,44.87,35.71,44.27,43.13,42.02,162.34,35.555,36.69,34.42,113.9265,123.23540496826172
2016-03-02,48.84,47.54,44.05,35.32,44.3,43.14,42.07,159.85,36.4,37.4,34.68,113.7965,81.85124206542969
2016-03-03,49.36,48.06,44.57,35.44,44.03,43.17,42.19,154.21,35.895,37.08,34.65,113.2482,131.77566528320312
2016-03-04,49.94,48.59,44.86,36.21,44.35,43.56,42.72,159.14,37.27,38.42,35.94,112.6387,72.01234436035156
2016-03-07,52.28,50.95,47.32,37.35,46.48,45.57,44.73,168.87,39.02,40.19,37.95,112.6219,67.18156433105469
2016-03-08,53.61,52.3,48.77,37.38,48.08,47.3,46.52,176.85,39.115,40.18,36.33,112.8465,103.05766296386719
2016-03-09,53.8,52.5,49.02,36.9,47.44,46.75,45.94,175.45,39.905,41.055,38.14,112.4268,91.76087188720703
2016-03-10,56.2,54.92,51.55,39.14,48.23,47.52,46.64,186.29,38.585,39.8,37.83,112.4191,99.94815826416016
2016-03-11,56.5,55.21,51.79,38.89,48.72,47.98,47.15,186.6,39.18,40.58,38.48,111.741,58.51002502441406
2016-03-14,55.31,54.02,50.6,37.78,47.98,47.25,46.26,184.6,37.89,39.19,37.3,112.1688,134.74850463867188
2016-03-15,53.75,52.15,49.1,37.22,46.92,45.93,44.97,173.33,37.42,38.79,36.49,112.5545,132.50270080566406
2016-03-16,53.95,52.34,49.29,38.06,47.51,46.32,45.33,171.19,38.705,40.07,38.45,112.7759,100.38084411621094
2016-03-17,55.65,54.02,50.94,40.18,49.52,48.68,47.69,186.27,40.035,41.51,40.23,110.445,79.66934967041016
2016-03-18,55.77,54.15,51.11,40.16,49.65,48.92,47.86,185.03,40.24,41.58,39.43,110.4002,104.46994018554688
2016-03-21,55.24,53.62,50.58,40.41,48.54,48.11,47.08,182.24,40.235,41.41,40.12,110.737,112.46371459960938
2016-03-22,56.46,54.85,51.86,41.16,48.99,48.33,47.39,186.91,40.16,41.73,40.09,110.7877,76.37043762207031
2016-03-23,57.51,55.93,53.1,41.98,49.31,48.61,47.72,186.74,39.255,40.89,38.45,111.5473,245.37538146972656
2016-03-24,55.67,54.16,51.69,41.15,48.08,47.33,46.41,182.21,38.52,39.89,38.51,111.816,141.8479766845703
2016-03-28,56.9,55.36,52.76,42.26,48.12,47.2,46.31,185.21,38.015,39.36,39.39,111.3578,157.18687438964844
2016-03-29,56.25,54.45,51.68,41.62,47.23,45.98,45.06,180.41,37.51,38.83,38.36,111.3736,168.95631408691406
2016-03-30,56.22,54.45,51.85,42.27,47.56,45.88,44.99,181.07,38.7,39.87,38.38,110.2301,140.47825622558594
2016-03-31,54.84,53.05,50.36,41.5,47.05,45.25,44.34,174.55,38.7,39.92,38.31,109.9191,131.27745056152344
2016-04-01,54.27,52.45,49.62,41.85,47.88,46.06,44.92,179.11,36.495,38.64,36.88,110.2977,156.7049102783203
2016-04-04,52.97,51.14,48.27,40.19,46.05,43.92,42.59,171.91,36.18,38.15,35.83,110.3987,113.1427230834961
2016-04-05,52.34,50.52,47.68,39.43,44.36,42.49,41.02,165.18,36.06,37.88,36.03,110.9478,89.26080322265625
2016-04-06,53.1,51.22,48.29,39.92,44.74,43.55,41.97,168.91,37.485,39.45,37.65,110.5347,101.51417541503906
2016-04-07,54.1,52.2,49.23,40.84,46.85,46.28,44.68,178.05,37.075,38.88,37.47,110.8876,93.87843322753906
2016-04-08,55.24,53.28,50.21,41.15,47.24,46.66,45.07,180.39,40.515,42.08,39.57,110.4213,46.477352142333984
2016-04-11,56.58,54.62,51.55,42.04,47.65,47.37,45.81,189.22,41.4,43.03,40.53,109.9758,95.73894500732422
2016-04-12,58.12,56.2,53.35,42.77,49.19,49.37,47.68,192.81,42.93,44.5,42.16,109.816,79.82090759277344
2016-04-13,57.7,55.74,52.71,43.15,50.22,50.48,48.69,193.29,42.755,44.52,41.68,110.1436,97.70214080810547
2016-04-14,57.06,55.16,52.42,42.35,50.09,49.9,48.24,192.39,42.815,44.41,41.32,110.1691,96.78153228759766
2016-04-15,56.36,54.35,51.05,42.4,49.52,49.79,48.12,191.32,41.49,43.07,40.33,110.1933,86.41481018066406
2016-04-18,53.54,51.54,48.31,40.43,47.17,47.78,46.08,178.93,41.605,43.0,39.81,109.9892,52.3036994934082
2016-04-19,54.67,52.66,49.37,42.34,49.25,49.82,48.34,190.25,42.455,44.27,41.02,109.2782,90.2462387084961
2016-04-20,55.49,53.48,50.19,42.09,48.96,49.79,48.34,191.02,42.82,44.74,42.6,109.3926,93.18052673339844
2016-04-21,57.77,55.76,52.47,43.51,51.92,53.24,51.95,204.4,43.19,45.37,42.44,109.8533,93.311767578125
2016-04-22,57.89,55.88,52.57,43.57,51.7,52.64,51.35,201.86,43.815,45.66,42.66,110.2331,76.72159576416016
2016-04-25,57.9,55.91,52.7,43.57,51.65,52.4,51.12,202.77,43.21,45.3,41.39,110.1865,80.2722396850586
2016-04-26,58.68,56.69,53.48,43.4,51.9,52.55,51.44,203.4,43.635,45.81,44.04,109.7496,80.30467224121094
2016-04-27,61.05,59.06,55.85,45.12,53.76,54.56,53.47,216.23,44.1,46.27,45.37,109.8483,74.1619644165039
2016-04-28,60.78,58.81,55.7,44.19,54.5,55.07,53.99,218.58,45.61,47.69,45.92,109.2148,105.86102294921875
2016-04-29,61.64,59.67,56.56,45.18,55.58,55.98,54.82,225.29,45.475,47.51,46.07,108.8274,77.53734588623047
2016-05-02,60.49,58.505,55.32,44.07,54.25,54.76,53.6,220.335,44.322500000000005,46.29,44.82,108.671,99.31861114501953
2016-05-03,59.34,57.34,54.08,42.96,52.92,53.54,52.38,215.38,43.17,45.07,43.76,109.3613,71.12875366210938
2016-05-04,58.22,56.22,52.96,41.96,51.74,52.22,50.94,212.88,43.055,44.9,43.81,109.9952,104.36856842041016
2016-05-05,58.58,56.58,53.32,41.84,52.36,53.28,52.0,216.96,44.365,45.82,44.31,110.2417,103.82675170898438
2016-05-06,57.55,55.53,52.19,41.12,51.09,52.24,50.96,209.67,44.62,45.99,44.68,110.3801,79.36795043945312
2016-05-09,58.71,56.59,53.09,42.32,52.14,53.43,52.15,217.03,42.42,43.8,43.43,110.9466,100.38084411621094
2016-05-10,57.88,55.43,51.41,40.81,50.69,52.2,50.81,207.1,44.02,45.32,44.67,110.8225,72.8036880493164
2016-05-11,58.49,56.04,52.02,41.72,51.9,53.65,52.31,213.17,46.06,47.26,46.1,110.2806,113.59468841552734
2016-05-12,61.37,59.07,55.8,44.74,54.2,56.24,54.9,227.92,46.525,47.23,46.51,110.6935,101.35812377929688
2016-05-13,60.78,58.57,55.75,44.35,53.84,55.61,54.35,225.72,47.435,47.99,46.21,111.2521,88.21751403808594
2016-05-16,62.45,60.22,57.28,45.49,55.36,56.87,55.61,231.5,48.6,49.21,47.8,111.1217,66.86859893798828
2016-05-17,62.76,60.55,57.69,46.02,56.33,57.28,56.02,230.33,48.955,49.45,48.53,111.0867,88.40447235107422
2016-05-18,63.25,61.02,58.05,45.71,56.75,57.58,56.22,227.18,49.25,49.78,48.07,111.4995,92.40077209472656
2016-05-19,62.2,59.97,57.0,44.62,56.01,57.1,55.74,223.04,47.49,47.89,48.15,112.2331,73.92061614990234
2016-05-20,63.07,60.84,57.87,45.39,57.32,58.11,56.75,230.33,48.545,49.03,47.81,112.1822,115.90248107910156
2016-05-23,62.56,60.33,57.36,44.81,57.08,57.84,56.49,229.08,47.91,48.58,47.48,112.284,121.707763671875
2016-05-24,63.86,61.63,58.66,45.0,56.89,57.52,56.08,224.68,48.48,49.0,48.28,112.2912,86.67697143554688
2016-05-25,64.34,62.14,59.22,45.96,58.93,59.48,58.02,229.88,48.77,49.25,49.23,112.2001,75.74468994140625
2016-05-26,64.14,61.94,59.02,45.99,58.78,59.26,57.96,231.64,49.51,49.9,49.3,111.8979,68.9161148071289
2016-05-27,62.74,60.54,57.62,44.49,57.85,58.17,56.93,226.8,49.075,49.44,49.4,112.0822,81.85124206542969
2016-05-30,63.24,61.04,58.12,44.51,58.03,58.59,57.35,229.3,49.1625,49.745,49.145,112.0822,108.72760772705078
2016-05-31,63.08,60.88,57.96,44.96,58.36,59.19,57.92,233.87,49.25,50.05,48.89,112.4276,141.11044311523438
2016-06-01,62.24,59.9,57.12,44.25,57.77,58.59,57.34,226.84,48.145,49.66,49.24,112.462,100.83919525146484
2016-06-02,63.14,60.83,58.18,45.61,58.39,59.35,58.15,230.98,48.395,49.82,49.04,112.4564,94.64479064941406
2016-06-03,62.87,60.59,58.09,45.9,58.5,59.62,58.46,233.67,48.165,49.64,48.73,111.4451,144.19883728027344
2016-06-06,62.46,60.18,57.68,45.64,58.08,59.15,58.07,233.69,49.01,50.52,49.76,111.2295,101.40513610839844
2016-06-07,61.66,59.38,56.84,45.61,58.41,59.61,58.59,236.52,49.685,51.32,50.44,110.8378,79.2243423461914
2016-06-08,61.95,59.63,56.91,45.86,60.04,61.4,60.32,244.49,50.715,52.18,51.19,110.1916,76.72159576416016
2016-06-09,64.14,61.78,58.88,46.77,60.72,61.66,60.9,248.29,50.625,52.08,50.52,110.6168,61.34384536743164
2016-06-10,63.63,61.28,58.41,46.19,59.87,60.57,59.77,245.59,49.615,51.05,48.99,111.1027,62.16614532470703
2016-06-13,61.75,59.4,56.53,44.83,58.67,59.07,58.29,239.83,49.16,50.77,48.79,111.5036,93.311767578125
2016-06-14,60.62,58.29,55.52,44.7,58.33,58.59,57.81,234.38,47.94,49.78,48.51,111.9826,108.35501861572266
2016-06-15,59.84,57.51,54.75,44.54,58.45,58.82,57.9,233.98,47.62,49.37,47.88,111.7671,129.708984375
2016-06-16,59.43,57.15,54.62,44.5,57.1,57.7,56.76,229.79,45.94,47.63,45.99,112.2347,78.98127746582031
2016-06-17,59.3,57.03,54.55,44.25,56.1,56.83,55.88,229.45,46.72,48.37,48.09,111.5332,99.28677368164062
2016-06-20,61.2,58.95,56.55,46.05,58.97,59.57,58.56,242.41,48.8,50.5,49.25,110.8693,90.8284683227539
2016-06-21,62.15,59.88,57.4,46.19,58.81,59.37,58.36,243.86,48.32,50.09,48.86,111.0077,116.31917572021484
2016-06-22,63.1,60.81,58.25,46.72,59.48,60.01,59.07,249.94,48.465,50.23,48.33,110.7681,104.51173400878906
2016-06-23,62.22,59.98,57.63,46.09,58.38,59.02,58.04,246.67,48.89,50.57,49.14,110.262,106.85701751708984
2016-06-24,60.46,58.23,55.95,45.11,56.88,57.67,56.71,241.01,47.48,48.81,46.92,112.1355,67.60342407226562
2016-06-27,60.4,58.09,55.39,44.64,56.91,57.43,56.64,240.69,45.87,47.22,46.46,113.1301,109.86957550048828
2016-06-28,59.24,56.93,54.23,44.42,56.57,57.37,56.6,241.62,46.58,47.8,47.86,112.7545,96.44184112548828
2016-06-29,59.8,57.49,54.79,45.03,57.57,58.62,57.87,255.61,48.885,50.01,49.51,111.8597,151.0141143798828
2016-06-30,60.11,57.8,55.1,45.0,58.47,59.72,59.0,261.29,48.44,49.59,48.53,112.1618,134.22850036621094
2016-07-01,58.5,56.18,53.41,44.73,57.28,58.45,57.86,253.11,48.06,49.86,48.99,111.6509,112.06250762939453
2016-07-04,59.71,57.39,54.62,45.83,58.77,59.77,59.14,256.36,48.01,50.19,47.795,111.6509,42.83492660522461
2016-07-05,58.11,55.79,53.02,44.33,57.02,57.85,57.3,247.6,45.81,48.0,46.6,112.4231,98.27861785888672
2016-07-06,56.995000000000005,54.725,52.21,44.39,57.375,58.175,57.65,251.07,45.455,47.62,47.43,112.5438,107.6462173461914
2016-07-07,55.88,53.66,51.4,44.45,57.73,58.5,58.0,254.54,45.86,47.91,45.14,112.5775,141.4793243408203
2016-07-08,52.97,50.75,48.49,42.36,55.81,56.35,55.83,247.2,44.615,46.63,45.41,112.3963,131.0286407470703
2016-07-11,52.22,50.02,47.84,41.84,54.98,55.56,54.99,245.23,44.735,46.73,44.76,112.5254,90.2462387084961
2016-07-12,54.41,52.18,49.83,42.27,55.74,56.19,55.68,247.32,46.09,47.83,46.8,112.1102,114.82037353515625
2016-07-13,54.35,52.12,49.77,42.43,55.82,56.41,55.88,251.3,44.78,46.37,44.75,112.0266,57.69348907470703
2016-07-14,54.11,51.9,49.65,41.46,53.8,54.62,54.06,246.77,46.11,47.45,45.68,111.7692,109.42415618896484
2016-07-15,54.99,52.78,50.53,41.93,53.81,54.27,53.68,246.55,46.55,47.7,45.95,112.2833,91.61395263671875
2016-07-18,55.85,53.61,51.22,42.91,54.56,54.95,54.24,249.13,45.71,46.82,45.24,112.2463,158.04234313964844
2016-07-19,54.29,52.05,49.66,41.91,53.78,54.08,53.38,243.58,45.75,47.0,44.65,112.638,190.2488250732422
2016-07-20,53.08,50.86,48.57,41.63,54.2,54.6,53.9,239.51,45.98,47.17,44.94,112.6743,104.29373168945312
2016-07-21,53.77,51.55,49.26,41.73,54.95,55.31,54.74,242.25,45.585,46.77,43.95,112.6239,146.57379150390625
2016-07-22,53.33,51.04,48.36,40.06,53.29,53.39,52.77,235.3,44.14,45.42,43.47,112.989,150.14471435546875
2016-07-25,53.31,51.02,48.34,40.48,53.34,53.55,52.81,236.1,43.765,44.88,42.43,113.1784,100.5713119506836
2016-07-26,51.7,49.43,46.83,39.35,51.71,51.85,51.11,228.82,43.63,44.71,42.92,113.0593,81.79179382324219
2016-07-27,52.43,50.16,47.56,38.44,51.49,51.78,51.08,228.26,42.985,44.02,41.92,113.217,99.42936706542969
2016-07-28,51.16,48.89,46.29,37.67,50.59,50.94,50.25,223.29,41.89,42.95,41.14,112.7393,90.89362335205078
2016-07-29,49.67,47.4,44.78,36.81,49.03,49.59,48.9,218.88,41.62,42.44,41.6,111.874,107.76387023925781
2016-08-01,50.84,48.59,46.07,37.39,49.21,50.04,49.37,222.26,40.26,42.14,40.06,111.9757,98.58832550048828
2016-08-02,49.74,47.86,45.75,36.33,47.67,48.14,47.43,212.76,40.295,42.1,39.51,111.7124,126.30240631103516
2016-08-03,49.58,47.67,45.41,36.11,47.83,48.04,47.34,209.65,40.715,42.51,40.83,111.9419,118.50753784179688
2016-08-04,51.51,49.57,47.16,37.39,49.12,49.56,48.84,220.35,41.69,43.37,41.93,111.9149,154.44447326660156
2016-08-05,52.02,50.1,47.81,36.72,49.99,50.59,49.91,225.13,42.01,43.65,41.8,112.3589,93.311767578125
2016-08-08,52.82,50.89,48.53,37.47,50.7,51.41,50.73,226.74,43.63,45.25,43.02,112.1456,116.02689361572266
2016-08-09,52.495000000000005,50.865,48.345,37.31,50.59,51.285,50.6,226.265,43.655,45.31,42.77,111.722,114.03922271728516
2016-08-10,52.17,50.84,48.16,37.15,50.48,51.16,50.47,225.79,42.69,44.25,41.71,111.3238,116.2304458618164
2016-08-11,50.65,49.35,46.72,36.87,49.96,50.53,49.84,220.8,44.36,45.84,43.49,111.1954,97.57951354980469
2016-08-12,53.45,52.75,50.3,38.54,52.85,53.54,52.82,234.16,45.485,46.8,44.49,111.1787,112.60853576660156
2016-08-15,55.65,54.41,51.53,39.12,54.42,55.25,54.55,241.91,47.24,48.15,45.74,110.9212,97.81204223632812
2016-08-16,57.14,55.91,53.08,40.26,55.39,56.07,55.47,248.93,48.285,49.02,46.58,110.4295,95.1244125366211
2016-08-17,57.2,55.8,52.9,40.54,55.37,55.99,55.39,253.53,48.675,49.29,46.79,110.9459,61.155094146728516
2016-08-18,58.74,57.44,54.75,42.74,56.98,57.64,57.06,260.05,49.77,50.65,48.22,110.3134,118.65913391113281
2016-08-19,59.3,57.95,55.02,42.95,57.58,58.27,57.74,264.43,49.7,50.65,48.52,110.8163,78.40396881103516
2016-08-22,59.17,57.82,54.89,42.74,57.31,57.93,57.38,263.53,48.55,49.49,47.05,110.9997,84.60388946533203
2016-08-23,57.42,56.27,53.65,42.13,55.82,56.52,56.01,253.99,49.24,50.0,47.65,110.9414,89.98486328125
2016-08-24,58.35,57.16,54.35,42.35,56.18,56.83,56.33,255.88,48.11,48.89,46.42,111.2958,139.23226928710938
2016-08-25,58.78,57.6,54.85,42.06,56.0,56.48,56.04,253.92,49.125,49.57,46.98,111.1726,176.9652099609375
2016-08-26,60.18,59.0,56.25,42.95,56.37,56.78,56.33,259.14,49.54,50.29,47.64,111.2035,80.30467224121094
2016-08-29,60.78,59.55,56.89,42.11,55.94,56.33,55.84,258.28,48.61,49.38,46.98,111.8775,151.196044921875
2016-08-30,60.49,59.2,56.25,42.49,56.74,56.96,56.45,264.18,47.68,48.47,46.35,112.2928,79.74700164794922
2016-08-31,58.66,57.35,54.3,40.46,55.5,55.56,55.12,258.18,46.27,46.87,44.7,112.4036,86.18061828613281
2016-09-01,57.94,56.65,53.7,39.51,54.26,54.12,53.61,250.29,44.905,46.01,43.16,112.1733,72.01234436035156
2016-09-02,56.41,55.15,52.36,39.43,53.14,52.83,52.4,243.77,45.84,46.82,44.44,112.0009,77.37384033203125
2016-09-05,59.0,57.74,54.95,42.09,55.92,55.83,55.32,260.39,46.785,47.54,44.635,112.0009,52.6999397277832
2016-09-06,57.97,56.71,53.92,41.3,54.57,54.73,54.15,256.62,46.205,46.94,44.83,110.9613,91.33917999267578
2016-09-07,58.59,57.35,54.64,42.03,54.96,55.16,54.68,255.74,46.8,47.58,45.5,110.9717,91.87398529052734
2016-09-08,61.0,59.77,57.1,43.14,56.06,56.39,55.96,261.12,49.32,49.89,47.62,111.2609,60.41156768798828
2016-09-09,61.66,60.43,57.76,43.58,56.71,56.82,56.49,264.79,48.295,48.98,45.88,111.9879,116.9141616821289
2016-09-12,60.67,59.425,56.685,42.76,56.025000000000006,56.03,55.645,259.09000000000003,47.91,48.635,46.29,112.1516,137.5460662841797
2016-09-13,59.68,58.42,55.61,41.94,55.34,55.24,54.8,253.39,46.57,47.23,44.9,112.5207,122.2564468383789
2016-09-14,59.48,58.2,55.31,41.67,55.4,55.38,54.9,255.14,45.935,46.47,43.58,112.4678,115.55469512939453
2016-09-15,58.59,57.35,54.67,40.94,53.37,53.59,53.08,248.29,46.295,46.75,43.91,112.4753,99.23526000976562
2016-09-16,59.63,58.39,55.71,42.11,54.03,54.17,53.58,252.67,45.805,46.24,43.03,113.1765,51.03395462036133
2016-09-19,59.62,58.4,55.8,42.67,54.38,54.68,53.98,254.58,46.565,46.94,43.3,112.903,255.72784423828125
2016-09-20,57.8,56.63,54.28,41.82,53.43,53.65,52.84,255.12,45.64,46.15,43.44,113.1848,183.1067657470703
2016-09-21,59.07,57.95,55.86,43.58,55.08,55.17,54.38,260.66,46.545,46.88,45.09,112.9842,162.7410430908203
2016-09-22,59.52,58.4,56.31,44.58,55.62,55.63,54.82,262.57,47.285,47.8,46.17,112.2592,95.46304321289062
2016-09-23,59.77,58.55,55.95,44.19,55.73,55.97,55.17,262.39,46.86,47.46,44.28,112.7166,100.2487564086914
2016-09-26,58.14,56.95,54.5,43.19,54.01,54.52,53.59,256.16,46.61,47.35,45.93,112.7112,133.84112548828125
2016-09-27,58.95,57.65,55.6,43.63,55.03,55.71,54.79,258.37,44.885,45.75,44.67,112.5515,83.86247253417969
2016-09-28,59.52,58.24,55.5,42.17,54.52,55.16,54.24,253.32,45.2,46.16,47.05,112.6283,115.8915786743164
2016-09-29,61.48,60.2,57.45,43.75,56.79,57.47,56.76,264.82,48.355,49.24,47.83,112.2879,104.65530395507812
2016-09-30,61.22,59.93,57.12,42.98,57.39,58.01,57.41,263.29,48.115,48.92,48.24,112.2795,120.28876495361328
2016-10-03,61.13,59.93,57.55,44.58,59.19,59.87,59.16,273.17,48.17,50.28,48.81,112.5077,64.83673858642578
2016-10-04,61.22,60.05,57.83,44.51,58.72,59.35,58.6,266.58,49.04,51.19,48.69,112.6579,147.34649658203125
2016-10-05,62.94,61.77,59.54,46.04,60.48,61.19,60.44,276.67,49.755,51.89,49.83,112.7946,119.91195678710938
2016-10-06,62.07,60.87,58.5,46.29,60.41,60.98,60.26,276.98,50.225,52.38,50.44,113.0066,92.69335174560547
2016-10-07,63.43,62.23,59.86,47.67,61.81,62.24,61.52,288.27,50.295,52.29,49.81,113.2915,25.318988800048828
2016-10-10,62.67,61.47,59.1,46.48,60.67,61.14,60.39,282.53,51.37,53.39,51.35,113.2915,90.01542663574219
2016-10-11,63.68,62.48,60.11,47.2,61.81,62.38,61.62,289.75,50.455,52.46,50.79,113.4461,85.37545776367188
2016-10-12,64.14,62.92,60.44,47.05,62.05,62.87,62.2,288.44,49.79,51.8,50.18,113.7442,101.61250305175781
2016-10-13,63.3,62.07,59.54,46.16,61.18,62.02,61.53,282.93,49.78,51.73,50.44,113.6238,112.53922271728516
2016-10-14,65.15,63.77,60.66,47.83,61.99,62.51,62.18,289.95,49.785,51.59,50.35,113.7119,93.18052673339844
2016-10-17,64.96,63.54,60.21,47.58,61.12,61.48,61.28,286.79,49.985,51.29,49.94,113.5488,128.75704956054688
2016-10-18,65.39,63.97,60.64,47.99,61.22,61.64,61.48,287.16,50.085,51.41,50.29,113.1393,114.42375946044922
2016-10-19,66.08,64.66,61.34,48.5,61.98,62.52,62.3,292.0,51.615,52.91,51.6,113.0547,112.19987487792969
2016-10-20,65.99,64.55,61.15,48.49,61.4,62.2,62.05,292.41,50.065,51.37,50.43,113.4033,115.55469512939453
2016-10-21,65.61,64.17,60.75,49.13,60.77,61.7,61.5,288.9,50.235,51.65,50.55,113.9015,78.98127746582031
2016-10-24,66.8,65.36,61.94,49.78,61.63,62.57,62.34,293.26,49.56,51.16,50.12,113.8571,86.04071807861328
2016-10-25,66.83,65.32,61.53,49.78,61.83,62.83,62.58,293.27,49.075,50.92,49.51,113.6801,71.29698944091797
2016-10-26,65.41,63.9,60.11,48.56,60.53,61.09,60.88,288.33,48.905,50.46,49.18,113.8131,96.95320129394531
2016-10-27,65.94,64.45,60.76,49.12,60.93,61.53,61.38,287.23,49.18,50.59,49.72,114.1998,99.09390258789062
2016-10-28,65.26,63.84,60.5,48.28,60.85,61.6,61.3,286.41,48.92,50.16,48.7,114.0931,82.20970916748047
2016-10-31,63.54,62.27,59.7,47.59,60.51,61.16,60.93,286.11,46.615,47.59,46.86,114.0188,63.814788818359375
2016-11-01,64.61,63.36,60.89,49.09,59.28,60.51,60.28,279.3,45.925,48.24,46.67,113.9915,89.67141723632812
2016-11-02,61.24,60.03,57.74,46.87,56.84,58.33,58.16,270.18,44.18,46.6,45.34,113.9206,77.03646087646484
2016-11-03,60.47,59.26,56.96,47.04,56.13,57.67,57.49,270.94,43.95,46.4,44.66,113.7664,62.05097961425781
2016-11-04,60.33,59.04,56.34,46.02,55.49,56.96,56.88,271.3,43.11,45.58,44.07,113.5828,48.217872619628906
2016-11-07,59.49,58.18,55.37,45.83,55.49,56.7,56.64,270.86,43.14,45.57,44.89,113.5443,66.01131439208984
2016-11-08,59.04,57.73,54.92,45.08,55.63,56.4,56.34,270.86,43.74,46.12,44.98,113.3017,89.67141723632812
2016-11-09,58.83,57.52,54.71,45.47,55.38,56.09,56.0,266.38,43.76,45.97,45.27,114.6956,50.19042205810547
2016-11-10,59.71,58.44,55.81,46.47,56.48,57.04,56.94,273.64,43.845,45.89,44.66,115.9375,71.2380142211914
2016-11-11,59.15,57.88,55.25,46.36,55.62,56.25,56.19,266.58,42.46,44.4,43.41,115.9375,94.90303039550781
2016-11-14,57.62,56.35,53.73,45.76,54.68,55.22,55.1,262.71,41.91,43.76,43.32,117.2245,153.25045776367188
2016-11-15,57.19,55.96,53.56,44.93,54.39,54.95,54.82,263.23,44.405,46.19,45.81,116.7724,81.45658111572266
2016-11-16,58.93,57.66,55.04,46.34,55.68,56.41,56.14,272.92,45.11,46.94,45.57,116.8062,106.85701751708984
2016-11-17,59.07,57.84,55.44,46.72,55.66,56.1,55.87,273.85,44.635,46.55,45.42,116.8952,59.95597839355469
2016-11-18,58.88,57.68,55.44,46.28,55.26,55.52,55.27,271.66,44.44,46.415,45.69,117.5936,92.14374542236328
2016-11-21,60.57,59.37,57.13,47.25,57.2,57.35,57.09,283.76,47.07,48.72,47.49,117.4762,118.51763153076172
2016-11-22,62.52,61.16,58.78,48.44,59.07,58.75,58.52,291.49,47.075,48.59,46.58,117.4508,100.06166076660156
2016-11-23,62.27,60.94,58.62,47.94,59.08,59.01,58.71,291.83,47.53,48.91,46.66,118.0356,75.68257141113281
2016-11-24,62.6,61.27,58.95,47.86,58.48,58.57,58.11,288.35,47.675,49.02,46.8,118.0356,67.71858978271484
2016-11-25,61.92,60.59,58.27,47.79,58.49,58.59,57.99,290.0,46.36,47.5,46.94,118.02,76.48912811279297
2016-11-28,59.77,58.43,56.07,45.8,56.19,55.93,55.26,281.96,47.59,48.44,47.08,117.7278,111.19926452636719
2016-11-29,61.16,59.82,57.46,47.02,57.58,57.58,56.88,289.61,45.785,46.7,45.23,117.644,145.42979431152344
2016-11-30,59.82,58.53,56.4,46.74,56.91,57.11,56.47,286.72,49.08,50.04,49.44,117.7636,120.1720199584961
2016-12-01,63.41,62.12,59.99,49.56,60.06,59.8,58.54,309.83,52.435,54.24,51.06,117.6642,146.6143341064453
2016-12-02,65.17,63.95,62.19,50.33,62.23,62.0,60.64,310.04,52.52,54.26,51.68,117.3116,64.86146545410156
2016-12-05,66.6,65.3,63.15,50.86,63.19,63.13,61.91,316.63,53.445,55.06,51.79,117.1008,85.22901153564453
2016-12-06,66.73,65.43,63.28,50.19,63.0,62.8,61.63,322.84,52.38,54.11,50.93,116.9225,68.572265625
2016-12-07,65.58,64.34,62.48,49.55,62.25,62.0,60.91,319.35,51.905,53.69,49.77,116.672,103.3477554321289
2016-12-08,65.1,63.86,62.0,49.19,62.31,62.2,61.1,314.47,51.95,53.66,50.84,117.0327,75.39987182617188
2016-12-09,66.64,65.31,63.0,49.8,63.27,63.06,61.97,320.56,52.44,54.15,51.5,117.2834,71.08514404296875
2016-12-12,69.05,67.68,65.18,51.86,66.07,65.92,64.93,336.82,54.275,55.89,52.83,116.9161,95.49745178222656
2016-12-13,67.85,66.46,63.84,50.66,64.77,64.45,63.57,326.65,54.08,55.54,52.98,116.8029,137.07176208496094
2016-12-14,67.47,66.12,63.69,50.82,64.35,64.07,62.97,326.21,53.645,55.08,51.04,116.7332,110.9472427368164
2016-12-15,67.46,66.1,63.61,51.24,63.66,63.59,62.4,324.94,52.185,53.45,50.9,118.8072,108.9334716796875
2016-12-16,67.19,65.77,62.98,51.15,63.64,63.78,62.57,328.78,53.93,55.08,51.9,118.3584,107.91650390625
2016-12-19,69.08,67.64,64.75,51.66,65.09,65.48,64.17,337.03,54.11,54.93,52.12,118.3875,85.88137817382812
2016-12-20,69.08,66.88,64.0,51.12,64.3,64.76,63.4,331.07,55.055,55.93,52.23,118.63,114.6426010131836
2016-12-21,70.4,68.14,65.32,52.12,65.28,65.43,64.05,332.17,54.125,55.05,51.59,118.581,195.18496704101562
2016-12-22,70.69,68.43,65.61,51.92,63.87,64.15,62.63,328.53,54.19,55.15,52.05,118.8209,125.21733856201172
2016-12-23,70.28,68.11,65.76,52.06,64.29,64.59,63.04,328.34,53.64,54.51,51.97,118.7856,182.83653259277344
2016-12-27,70.98,68.87,66.66,52.56,65.14,65.41,63.82,330.17,54.5225,55.455,53.9,118.9506,90.86843872070312
2016-12-28,71.54,69.43,67.22,53.5,66.66,66.98,65.38,336.82,55.405,56.4,54.06,119.2305,127.40645599365234
2016-12-29,72.28,70.04,68.08,53.41,66.92,67.36,65.94,339.02,55.265,56.09,53.77,118.6637,98.7843246459961
2016-12-30,72.52,70.7,68.01,53.47,66.56,67.17,65.81,338.52,54.94,55.7,53.72,118.3466,206.6664276123047
2017-01-03,72.68,70.86,68.17,53.95,66.88,67.73,66.37,336.87,54.855,56.39,52.33,119.0903,121.9743881225586
2017-01-04,71.68,69.86,67.17,53.62,65.82,66.76,65.5,337.63,54.48,55.86,53.26,118.8803,108.89063262939453
2017-01-05,72.2,70.35,67.49,54.26,65.64,66.59,65.51,343.61,54.845,56.19,53.76,117.9999,68.13825988769531
2017-01-06,71.91,70.03,67.01,55.0,66.32,67.21,66.24,345.67,55.83,57.03,53.99,118.3495,129.0610809326172
2017-01-09,71.28,69.69,66.63,55.28,66.31,67.08,66.12,341.76,54.22,55.64,51.96,118.4111,161.02760314941406
2017-01-10,69.27,67.79,64.87,54.49,64.68,65.58,64.71,330.9,53.21,54.39,50.82,118.5386,66.47293090820312
2017-01-11,68.1,66.7,64.28,53.71,63.46,64.28,63.4,319.58,53.815,55.09,52.25,119.0219,137.6140899658203
2017-01-12,70.42,68.97,66.38,56.65,65.49,66.12,65.32,331.49,54.92,55.98,53.01,117.8001,129.81033325195312
2017-01-13,72.14,70.65,67.85,56.59,65.85,66.23,65.59,340.29,54.5,55.61,52.37,117.9884,127.04450225830078
2017-01-16,70.97,69.84,66.77,55.54,65.15,65.48,64.9,336.64,54.34,55.46,52.425,117.9884,72.58614349365234
2017-01-17,71.3,70.24,67.54,55.91,65.31,65.81,65.21,334.29,54.77,55.935,52.48,117.2656,100.71996307373047
2017-01-18,71.5,70.45,67.79,56.24,65.19,65.78,65.1,334.02,54.2,55.23,51.08,117.7242,102.49857330322266
2017-01-19,69.85,68.83,66.3,55.28,64.28,64.8,64.07,324.42,53.305,54.31,51.37,118.3182,125.66645050048828
2017-01-20,70.03,68.89,66.05,55.74,63.8,64.71,63.95,318.64,54.715,55.58,52.42,118.3182,104.65530395507812
2017-01-23,70.55,69.45,66.55,56.23,64.77,65.6,64.71,326.09,54.83,55.49,51.95,117.2479,111.45087432861328
2017-01-24,70.71,69.78,67.31,56.79,65.08,66.07,65.15,324.68,55.04,55.75,52.53,117.0516,96.97809600830078
2017-01-25,69.85,68.92,66.45,56.29,64.62,65.76,64.93,317.43,54.85,55.63,52.25,116.9355,104.37609100341797
2017-01-26,70.21,69.28,66.81,56.23,64.84,66.32,65.48,322.78,55.885,56.5,53.78,117.2766,111.43194580078125
2017-01-27,71.09,70.12,67.45,56.51,65.05,66.8,65.85,323.21,54.88,55.47,53.17,117.0735,119.15711212158203
2017-01-30,70.68,69.71000000000001,67.03999999999999,56.22,64.71000000000001,66.28999999999999,65.315,317.04,54.85,55.44,52.63,116.7325,166.4895477294922
2017-01-31,70.27,69.3,66.63,55.93,64.37,65.78,64.78,310.87,55.745,56.26,52.81,116.2241,188.69056701660156
2017-02-01,72.06,71.03,68.04,56.61,65.08,66.11,65.15,311.2,55.8,56.71,53.88,116.3914,150.57125854492188
2017-02-02,72.89,71.95,69.19,57.71,66.75,67.71,66.77,316.93,56.17,57.15,53.54,115.903,166.10296630859375
2017-02-03,71.51,70.57,68.07,57.59,66.88,67.87,66.89,325.72,56.165,57.13,53.83,115.6259,184.0315399169922
2017-02-06,72.14,71.17,68.53,57.42,66.97,68.21,67.16,324.2,55.13,56.19,53.01,116.0504,83.56026458740234
2017-02-07,70.91,69.92,67.2,56.7,65.82,67.28,66.26,319.84,54.045,55.04,52.17,116.4082,184.3418731689453
2017-02-08,69.99,69.0,66.28,55.57,64.94,66.85,65.87,315.69,54.39,55.44,52.34,116.1382,101.92516326904297
2017-02-09,72.13,71.14,68.42,56.75,66.0,67.43,66.52,319.43,54.34,55.56,53.0,116.306,92.30064392089844
2017-02-10,72.6,71.61,68.89,57.15,65.93,67.09,66.41,320.89,55.625,56.89,53.86,116.148,212.408935546875
2017-02-13,72.99,72.0,69.28,57.98,66.79,67.89,67.3,328.34,54.425,55.68,52.93,116.3427,132.0226287841797
2017-02-14,72.33,71.34,68.62,57.82,65.79,66.91,66.31,321.92,55.24,56.2,53.2,116.3949,185.8536376953125
2017-02-15,71.96,70.99,68.36,57.4,65.85,66.76,66.24,323.39,54.68,55.85,53.11,116.2162,118.85968017578125
2017-02-16,71.61,70.74,68.61,57.47,66.33,67.23,66.71,328.22,54.34,55.36,53.36,116.0067,127.40645599365234
2017-02-17,69.96,68.17,66.45,56.24,65.85,67.13,66.64,321.86,54.44,55.55,53.4,116.4035,88.52149963378906
2017-02-20,70.85,69.05,67.27,56.17,66.4,67.71,67.27,323.02,55.13,56.3,53.73,116.4035,110.41893005371094
2017-02-21,70.99,69.2,67.45,55.66,66.66,67.68,67.24,323.79,56.3,57.03,54.06,116.5921,139.23226928710938
2017-02-22,68.95,67.15,65.37,54.48,66.41,67.56,67.21,320.81,55.05,55.73,53.19,116.2136,95.24954986572266
2017-02-23,69.9,68.14,66.54,55.35,66.8,67.97,67.58,323.1,56.11,56.76,54.05,115.6527,59.775657653808594
2017-02-24,70.41,68.56,66.51,55.15,66.49,67.55,67.21,322.93,55.28,56.08,53.59,115.8143,90.82076263427734
2017-02-27,70.73,68.88,66.82,55.45,66.9,67.97,67.52,330.09,55.27,56.1,54.05,115.6764,81.36131286621094
2017-02-28,69.56,67.68,65.47,55.21,66.49,67.44,67.03,328.27,54.31,55.15,54.01,116.0032,69.56926727294922
2017-03-01,68.61,66.78,64.81,54.48,65.91,67.43,67.24,324.36,55.265,56.605,53.83,116.438,130.10084533691406
2017-03-02,67.21,65.39,63.46,52.54,65.49,66.86,66.75,317.08,54.055,55.46,52.61,116.8429,114.5424575805664
2017-03-03,66.98,65.13,63.07,52.49,64.59,66.0,65.88,315.74,54.07,55.61,53.33,116.6438,64.7708740234375
2017-03-06,66.5,64.69,62.83,52.79,64.49,65.95,65.88,313.71,54.59,55.98,53.2,116.4313,117.259033203125
2017-03-07,68.4,66.53,64.36,52.95,65.26,66.63,66.56,319.54,54.875,56.09,53.14,116.4303,141.88922119140625
2017-03-08,68.84,66.95,64.7,52.68,65.02,66.19,66.12,318.75,53.795,55.03,50.28,116.875,111.12447357177734
2017-03-09,67.47,65.6,63.43,51.02,62.98,64.51,64.41,311.94,50.76,51.99,49.28,116.9959,123.0382308959961
2017-03-10,66.56,64.6,61.96,50.02,61.61,62.9,62.82,301.4,50.675,51.75,48.49,116.616,71.80421447753906
2017-03-13,64.36,63.19,60.5,49.27,60.43,61.85,61.76,295.41,50.15,51.52,48.4,116.4004,78.47029876708984
2017-03-14,63.73,62.64,60.33,49.74,60.12,61.67,61.56,290.48,49.205,50.48,47.72,116.5646,59.832916259765625
2017-03-15,63.34,62.37,60.67,50.24,60.52,61.98,61.85,291.29,50.46,51.66,48.86,116.3584,95.8620834350586
2017-03-16,64.11,63.09,61.16,50.43,61.07,62.48,62.29,298.39,50.48,51.53,48.75,115.4456,80.57597351074219
2017-03-17,64.02,62.95,60.75,50.02,60.42,61.7,61.53,294.41,50.71,51.78,48.78,115.2783,97.03926849365234
2017-03-20,63.82,62.75,60.55,49.83,60.44,61.69,61.5,292.28,50.86,51.95,48.22,115.0426,140.57020568847656
2017-03-21,64.82,63.75,61.55,50.21,61.02,62.17,61.97,292.59,50.18,51.11,47.34,114.8119,81.21882629394531
2017-03-22,64.05,62.95,60.6,48.97,59.79,60.79,60.62,287.94,49.59,50.32,47.34,114.7937,156.499267578125
2017-03-23,64.4,63.3,60.95,48.86,59.83,60.54,60.35,288.24,49.925,50.71,47.0,114.7899,131.1907958984375
2017-03-24,64.22,63.03,60.25,48.46,59.63,60.44,60.17,286.25,49.95,50.67,47.27,114.6372,177.37338256835938
2017-03-27,63.95,62.76,59.98,48.54,59.55,60.58,60.21,284.88,50.045,50.8,47.73,114.2347,116.55330657958984
2017-03-28,64.71,63.52,60.74,49.34,60.36,61.44,61.08,287.99,50.785,51.57,48.37,114.419,87.32604217529297
2017-03-29,65.89,64.7,61.92,50.24,61.33,62.35,62.02,292.19,51.4,52.22,49.51,114.7167,93.54426574707031
2017-03-30,66.79,65.6,62.82,51.12,61.93,62.83,62.42,296.69,52.235,53.0,50.35,114.5245,75.62940216064453
2017-03-31,67.5,66.27,63.27,50.95,62.27,63.13,62.72,299.41,51.915,52.56,50.6,114.7938,118.13721466064453
2017-04-03,68.42,67.19,64.19,52.04,62.66,63.75,63.34,302.4,52.075,53.225,50.24,114.8734,79.89495086669922
2017-04-04,68.13,66.91,63.94,51.79,61.97,62.91,62.6,300.96,53.205,54.1,51.03,115.0038,150.57125854492188
2017-04-05,69.53,68.32,65.39,52.76,64.11,64.8,64.46,312.72,53.475,54.39,51.15,114.9494,125.19940948486328
2017-04-06,69.13,67.89,64.83,52.17,64.0,64.82,64.43,311.99,53.63,54.75,51.7,115.0181,124.10195922851562
2017-04-07,70.27,69.05,66.08,53.31,65.33,66.02,65.75,320.85,54.12,55.13,52.24,115.0547,143.82296752929688
2017-04-10,69.76,68.55,65.65,53.65,65.3,66.08,65.72,320.38,54.975,55.93,53.08,115.11,134.95645141601562
2017-04-11,70.45,69.24,66.34,53.37,65.76,66.7,66.36,321.75,54.665,55.59,53.4,115.009,97.26019287109375
2017-04-12,71.1,70.06,67.58,54.06,66.52,67.51,67.17,324.72,54.845,55.98,53.11,114.9162,171.33970642089844
2017-04-13,70.84,69.71,66.78,54.01,65.92,67.18,66.94,321.91,54.935,55.895,53.18,114.5059,156.74610900878906
2017-04-17,70.1,68.9,66.36,53.36,65.46,66.56,66.35,319.39,54.2175,55.432500000000005,52.65,114.3283,111.51217651367188
2017-04-18,69.91,68.73,66.23,53.17,65.25,66.21,65.98,317.75,53.5,54.97,52.41,114.2575,106.6658706665039
2017-04-19,69.82,68.6,66.03,52.83,65.33,66.21,65.97,319.81,52.905,54.42,50.44,114.7923,152.96888732910156
2017-04-20,68.7,67.44,64.65,51.34,63.88,64.81,64.42,310.98,51.39,53.01,50.27,114.6205,178.77349853515625
2017-04-21,69.18,67.87,64.85,51.42,63.43,64.61,64.2,308.82,50.455,51.88,49.27,114.8128,130.75924682617188
2017-04-24,67.91,66.66,63.92,51.0,63.0,64.54,64.18,306.79,50.155,51.55,48.88,114.3659,142.7318115234375
2017-04-25,67.14,65.79,62.93,50.58,61.95,63.59,63.13,302.15,50.415,51.64,49.21,114.5111,61.82086181640625
2017-04-26,66.86,65.51,62.67,50.85,61.88,63.55,63.2,303.51,51.005,52.31,49.62,114.9479,92.1579818725586
2017-04-27,65.68,64.24,61.21,49.55,61.0,62.87,62.55,300.34,49.485,50.47,48.97,114.9946,104.49739837646484
2017-04-28,66.0,64.6,61.73,49.72,61.0,62.65,62.39,303.69,50.39,51.5,49.33,114.7877,126.36498260498047
2017-05-01,65.525,64.07499999999999,61.165,49.215,60.59,62.175,61.91,303.96000000000004,50.04,51.315,48.84,114.5921,126.25030517578125
2017-05-02,65.05,63.55,60.6,48.71,60.18,61.7,61.43,304.23,49.69,51.13,47.66,114.6792,126.7417221069336
2017-05-03,64.79,63.1,59.94,47.88,59.31,60.79,60.42,301.33,48.865,50.37,47.82,114.6637,109.7222671508789
2017-05-04,63.65,62.03,58.97,47.47,58.7,59.67,59.26,300.09,47.47,48.99,45.52,114.9076,95.95024108886719
2017-05-05,62.42,60.55,57.76,46.88,57.57,58.39,58.0,290.92,47.735,49.21,46.22,114.7725,76.30575561523438
2017-05-08,63.66,61.75,58.9,47.44,58.33,59.32,59.02,296.61,47.065,48.61,46.43,115.0895,72.8036880493164
2017-05-09,64.57,62.65,59.74,47.05,58.31,59.51,59.24,295.05,47.405,48.85,45.88,115.3933,77.81199645996094
2017-05-10,65.375,63.455,60.545,47.715,58.875,60.275,59.96,299.42,48.79,50.08,47.33,115.1145,123.99986267089844
2017-05-11,66.18,64.26,61.35,48.38,59.44,61.04,60.68,303.79,49.73,50.92,47.83,115.0669,99.90283203125
2017-05-12,65.96,64.04,61.13,48.08,59.42,60.67,60.26,303.46,49.47,50.57,47.84,114.7479,78.98820495605469
2017-05-15,67.37,65.45,62.54,49.6,60.84,61.86,61.38,308.05,51.39,52.26,48.85,114.3504,75.4284896850586
2017-05-16,66.73,64.81,61.9,49.32,60.84,61.54,61.06,309.73,51.17,51.94,48.66,113.9923,74.9207534790039
2017-05-17,66.62,64.7,61.79,48.65,60.3,61.15,60.6,307.31,51.585,52.46,49.07,113.7506,97.42845916748047
2017-05-18,66.89,64.97,62.06,48.55,60.99,62.18,61.3,312.37,51.82,52.54,49.35,114.2683,97.73103332519531
2017-05-19,67.78,65.99,63.67,49.56,62.28,63.55,62.68,316.5,52.79,53.44,50.33,113.7001,75.71583557128906
2017-05-22,68.59,66.8,64.48,50.25,63.24,64.44,63.58,316.77,53.385,54.11,50.73,113.5442,143.4822235107422
2017-05-23,67.96,66.13,63.61,49.77,63.0,63.95,63.12,312.08,53.425,54.04,51.17,113.6862,139.23226928710938
2017-05-24,68.77,66.94,64.42,50.22,64.03,64.78,63.97,320.04,53.525,54.13,51.06,113.675,181.95040893554688
2017-05-25,68.38,66.49,63.68,49.86,64.18,64.76,64.01,323.36,52.555,53.09,48.7,113.3719,146.43972778320312
2017-05-26,65.91,64.72,62.03,47.86,61.69,62.28,61.44,307.71,51.21,51.74,49.8,113.4839,218.0687255859375
2017-05-29,66.19,65.0,62.31,48.02,61.76,62.39,61.53,306.62,50.9125,51.515,49.73,113.4839,103.30252838134766
2017-05-30,66.11,64.92,62.23,48.19,61.67,62.28,61.29,305.83,50.615,51.29,49.66,113.5552,128.18490600585938
2017-05-31,65.91,64.72,62.03,47.92,60.91,61.68,60.69,303.27,49.26,49.8,48.32,113.2956,157.74131774902344
2017-06-01,65.58,64.45,62.08,48.2,60.66,61.3,60.3,304.15,50.06,51.35,48.36,113.3017,90.67247772216797
2017-06-02,63.61,62.53,60.42,46.48,58.23,59.48,58.63,298.59,48.85,49.98,47.66,113.1908,88.57132720947266
2017-06-05,63.99,62.89,60.68,46.79,58.87,60.07,59.09,303.18,48.045,49.2,47.4,112.9755,276.6095275878906
2017-06-06,63.08,62.0,59.88,46.12,57.69,59.1,58.15,297.32,48.235,49.29,48.19,112.7095,227.27735900878906
2017-06-07,63.66,62.51,60.03,45.97,57.74,59.19,58.27,299.64,47.215,48.43,45.72,112.8191,245.9568328857422
2017-06-08,62.36,61.23,58.85,44.83,56.97,58.36,57.44,295.83,46.585,47.99,45.64,112.8351,182.93284606933594
2017-06-09,61.85,60.7,58.2,44.57,56.46,57.69,56.87,294.51,46.985,48.36,45.83,112.9562,121.29351043701172
2017-06-12,61.97,60.85,58.52,45.49,57.25,58.56,57.72,294.53,47.425,48.79,46.08,112.9837,144.54840087890625
2017-06-13,61.7,60.56,58.14,45.63,57.32,58.81,57.99,296.9,46.795,48.18,46.46,112.6271,107.03875732421875
2017-06-14,60.74,59.62,57.28,45.25,57.1,58.82,57.95,295.61,45.62,46.88,44.73,112.0734,77.39643859863281
2017-06-15,58.88,57.76,55.42,44.25,56.44,57.56,56.85,289.76,45.805,46.96,44.46,112.8708,108.01850891113281
2017-06-16,59.25,58.22,56.35,44.6,56.72,58.15,57.42,290.91,46.015,47.13,44.74,112.6155,105.61810302734375
2017-06-19,59.25,58.15,55.94,44.29,56.56,58.15,57.35,292.34,46.145,47.36,44.2,112.7576,171.01210021972656
2017-06-20,59.13,58.07,56.07,44.33,56.65,58.0,57.21,292.06,44.28,45.63,43.23,113.2698,204.19937133789062
2017-06-21,57.87,56.78,54.63,43.47,55.52,56.67,55.93,286.96,44.6,45.77,42.33,113.3327,180.24266052246094
2017-06-22,57.49,56.36,54.0,42.56,54.51,55.59,54.85,283.53,44.65,45.67,42.54,113.1654,210.32177734375
2017-06-23,59.52,58.29,55.41,42.87,55.17,56.28,55.54,286.33,44.465,45.6,42.81,112.8665,107.30852508544922
2017-06-26,59.44,58.225,55.415,43.065,55.525000000000006,56.69,55.925,288.905,44.62,45.61,43.38,112.7633,128.3940887451172
2017-06-27,59.36,58.16,55.42,43.26,55.88,57.1,56.31,291.48,46.175,46.98,44.24,112.55,106.09647369384766
2017-06-28,59.29,58.05,55.11,43.26,56.39,57.88,57.03,292.51,46.465,47.19,44.74,112.0747,110.05207824707031
2017-06-29,61.07,59.81,56.75,44.17,57.85,59.56,58.74,295.69,47.075,47.75,44.93,111.998,103.35624694824219
2017-06-30,60.87,59.58,56.38,44.34,57.9,59.7,58.89,299.02,47.39,47.75,46.04,111.9896,102.60165405273438
2017-07-03,61.57,60.35,57.5,45.52,59.13,60.96,60.2,304.15,48.95,49.64,45.736666666666665,112.4268,120.5723876953125
2017-07-04,62.39,61.17,58.32,45.64,59.98,62.18,61.29,302.61,49.285,49.86,45.43333333333334,112.4268,77.9427719116211
2017-07-05,62.37,61.16,58.35,45.3,60.25,62.86,61.93,304.58,47.625,48.14,45.13,112.6534,208.90066528320312
2017-07-06,61.55,60.44,58.09,44.62,59.56,61.82,61.12,299.09,48.6,49.07,45.52,112.4199,177.17137145996094
2017-07-07,61.52,60.3,57.39,43.76,57.87,59.95,59.28,292.84,46.525,46.97,44.23,112.3137,115.72289276123047
2017-07-10,60.74,59.54,56.72,43.46,57.21,58.94,58.33,290.17,46.78,47.32,44.4,112.1587,98.00495910644531
2017-07-11,60.25,59.14,56.77,43.51,57.07,58.99,58.52,284.63,46.525,47.17,45.04,112.1434,112.50230407714844
2017-07-12,62.18,61.02,58.41,44.62,59.01,60.64,60.21,295.63,47.005,47.82,45.49,111.5904,94.16999053955078
2017-07-13,60.89,59.7,56.93,43.46,57.32,59.16,58.84,291.62,47.895,48.59,46.08,111.5365,55.37727355957031
2017-07-14,61.78,60.55,57.57,44.15,58.43,60.32,60.04,297.59,48.03,48.73,46.54,110.9075,93.1047134399414
2017-07-17,63.1,61.85,58.76,45.34,59.43,60.81,60.65,299.95,48.005,48.94,46.02,110.9304,113.9952392578125
2017-07-18,62.55,61.32,58.33,45.12,58.95,60.19,60.0,295.48,47.79,48.78,46.4,110.4356,140.66104125976562
2017-07-19,63.07,61.88,59.1,45.67,59.15,60.33,60.18,299.06,48.605,49.58,47.12,110.4339,67.03340911865234
2017-07-20,64.58,63.41,60.71,46.48,60.97,62.35,62.08,307.06,48.68,49.62,46.79,110.2512,114.76612091064453
2017-07-21,64.94,63.8,61.23,46.99,60.76,62.28,61.97,301.82,47.91,48.74,45.62,110.191,80.10476684570312
2017-07-24,62.44,61.37,58.66,45.21,59.03,60.57,60.24,293.76,47.965,48.63,46.19,110.2004,53.321006774902344
2017-07-25,62.63,61.58,58.99,45.65,59.56,61.2,60.92,298.43,49.355,50.04,47.74,110.2835,100.20222473144531
2017-07-26,64.35,63.29,60.61,47.21,61.71,63.25,62.94,307.01,50.09,50.66,48.75,110.3811,125.10517883300781
2017-07-27,64.3,63.38,61.38,48.26,62.49,64.2,63.82,307.89,50.74,51.39,49.04,110.216,107.20284271240234
2017-07-28,66.26,65.21,62.54,49.15,62.93,64.43,64.03,307.25,51.705,52.48,49.71,109.92,113.88499450683594
2017-07-31,67.34,66.28,63.54,50.34,64.28,65.87,65.42,312.18,51.785,52.44,50.17,109.8177,170.75091552734375
2017-08-01,68.23,67.15,64.32,51.46,64.66,66.2,65.77,315.1,50.915,51.38,49.16,109.8495,198.3933563232422
2017-08-02,66.87,65.83,63.22,49.98,63.28,64.87,64.3,305.19,52.17,52.26,49.59,109.7503,145.28805541992188
2017-08-03,67.33,66.25,63.42,50.59,63.94,65.25,64.69,307.11,52.905,52.92,49.03,109.8332,135.8093719482422
2017-08-04,67.5,66.2,63.36,50.11,63.0,64.02,63.41,304.97,52.46,52.54,49.58,110.2808,95.55484008789062
2017-08-07,68.36,66.86,64.24,50.5,63.36,64.39,63.49,310.44,51.455,51.67,49.39,110.373,127.92436218261719
2017-08-08,69.32,67.67,64.76,50.45,63.46,64.78,63.79,314.32,52.145,52.51,49.17,110.396,169.71409606933594
2017-08-09,69.41999999999999,67.77000000000001,64.86,50.665000000000006,63.75,65.185,64.175,314.21000000000004,51.97,52.3,49.56,110.3671,136.29527282714844
2017-08-10,69.52,67.87,64.96,50.88,64.04,65.59,64.56,314.1,52.385,52.595,48.59,110.1886,215.31689453125
2017-08-11,68.66,67.01,64.1,49.13,62.22,63.84,62.95,303.44,51.485,51.98,48.82,110.0422,145.5007781982422
2017-08-14,69.17,67.52,64.61,49.91,63.03,64.68,63.83,306.89,51.19,51.94,47.59,110.095,202.68099975585938
2017-08-15,68.34,66.67,63.66,49.13,62.06,63.32,62.5,301.3,49.765,50.56,47.55,110.4846,232.3563690185547
2017-08-16,68.92,67.25,64.24,49.33,62.34,63.64,62.74,304.22,50.32,50.94,46.78,110.4394,159.36752319335938
2017-08-17,67.77,66.11,63.16,48.61,60.98,62.02,61.15,298.1,50.13,50.77,47.09,110.1673,102.84115600585938
2017-08-18,68.84,67.27,64.74,49.72,61.7,62.7,61.85,302.78,50.915,51.39,48.51,110.041,138.9141387939453
2017-08-21,70.01,68.39,65.66,50.55,62.95,63.92,63.15,309.7,51.605,51.85,47.37,109.7349,177.33230590820312
2017-08-22,69.13,67.57,65.15,50.13,61.86,63.06,62.37,305.56,51.89,52.19,47.64,109.8386,250.00511169433594
2017-08-23,67.83,66.41,64.2,49.8,61.85,62.96,62.32,303.55,52.075,52.48,48.19,109.8095,149.3144073486328
2017-08-24,69.39,67.83,64.92,50.64,63.08,64.41,63.86,306.96,51.91,52.35,47.28,109.7524,95.28536224365234
2017-08-25,69.31,68.02,65.51,51.1,63.65,64.84,64.08,308.47,52.075,52.37,47.63,109.3415,86.63638305664062
2017-08-28,70.36,68.93,65.71,51.38,63.69,64.9,64.05,308.16,51.9125,52.12,46.57,109.1815,126.38310241699219
2017-08-29,69.06,67.73,65.03,51.28,63.52,64.55,63.55,307.69,51.75,51.87,46.44,109.0946,85.88137817382812
2017-08-30,71.09,69.78,67.18,51.77,64.85,65.41,64.41,309.12,51.865,51.85,45.96,109.4052,142.64645385742188
2017-08-31,71.13,69.83,67.27,50.71,64.37,65.12,64.23,305.28,52.735,52.52,47.23,109.3686,121.707763671875
2017-09-01,71.87,70.095,67.455,51.345,65.01,65.95,65.22,308.80999999999995,53.015,52.75,47.29,109.0504,133.69107055664062
2017-09-04,72.61,70.36,67.64,51.98,65.65,66.78,66.21,312.34,52.66,52.59,47.975,109.0504,253.09506225585938
2017-09-05,72.78,70.48,67.53,52.07,65.5,67.33,66.74,313.56,53.835,53.54,48.66,108.8664,188.14927673339844
2017-09-06,73.3,70.95,67.73,53.33,66.71,68.38,67.78,321.23,54.695,54.37,49.16,108.4897,202.4923858642578
2017-09-07,72.81,70.46,67.24,54.29,67.71,69.47,68.84,328.36,53.965,54.12,49.09,107.9224,152.65289306640625
2017-09-08,73.42,71.07,67.85,54.71,68.23,69.99,69.37,325.63,54.43,54.23,47.48,107.808,132.6992950439453
2017-09-11,72.79,70.44,67.22,53.69,66.58,68.35,67.83,320.32,53.97,53.56,48.07,108.153,63.70322799682617
2017-09-12,72.54,70.19,66.97,53.8,65.97,67.53,67.16,319.19,55.03,54.49,48.23,108.3239,125.10517883300781
2017-09-13,72.96,70.61,67.39,54.25,66.41,67.92,67.48,325.74,55.86,55.15,49.3,108.6628,138.88095092773438
2017-09-14,73.31,70.96,67.74,54.14,67.61,68.87,68.43,334.31,56.735,55.96,49.89,108.618,84.80172729492188
2017-09-15,73.34,70.99,67.77,54.25,67.39,68.71,68.28,332.42,56.595,55.87,49.89,108.3147,120.09308624267578
2017-09-18,73.55,71.23,68.15,55.16,68.09,68.91,68.25,335.22,55.365,54.95,49.91,108.6401,172.77781677246094
2017-09-19,72.87,70.55,67.47,54.93,68.09,69.05,68.26,333.91,56.075,55.4,49.48,108.6142,129.6927032470703
2017-09-20,72.13,69.84,66.93,54.61,68.14,69.33,68.35,333.76,57.035,56.25,50.41,108.4329,162.99935913085938
2017-09-21,71.59,69.34,66.63,55.46,68.72,69.8,68.73,335.28,57.23,56.32,50.2,108.9267,139.58956909179688
2017-09-22,72.08,69.83,67.12,55.87,69.27,70.14,68.81,333.96,57.66,56.84,50.31,108.7542,107.4874496459961
2017-09-25,72.42,70.2,67.65,56.59,68.97,69.82,68.33,336.34,59.27,58.59,51.92,109.3302,55.39410400390625
2017-09-26,73.99,71.78,69.28,57.79,70.64,71.42,70.06,337.39,59.17,58.465,51.88,109.7769,133.39198303222656
2017-09-27,73.06,70.83,68.23,57.37,70.84,71.68,70.23,336.5,58.785,58.07,52.14,110.0722,132.11126708984375
2017-09-28,72.18,69.93,67.24,56.97,70.52,71.52,70.04,336.39,58.425,57.88,51.56,110.2415,150.35079956054688
2017-09-29,72.85,70.59,67.85,56.97,70.28,71.93,70.37,338.6,57.17,57.33,51.67,110.0867,72.12433624267578
2017-10-02,71.45,69.19,66.45,56.17,69.02,71.03,69.39,334.28,55.815,55.79,50.58,110.3686,148.87945556640625
2017-10-03,70.31,68.02,65.15,55.13,67.35,69.4,67.61,330.2,56.325,56.22,50.42,110.3281,90.38383483886719
2017-10-04,70.17,67.88,65.01,54.5,66.22,68.43,66.52,325.94,56.175,56.14,49.98,110.2425,108.68004608154297
2017-10-05,71.94,69.65,66.78,56.0,67.45,69.85,67.87,329.21,57.185,57.15,50.79,110.5823,83.91305541992188
2017-10-06,72.45,70.16,67.29,56.98,68.15,70.67,68.64,333.13,55.185,55.26,49.29,110.7841,151.4772186279297
2017-10-09,70.35,68.06,65.19,55.2,66.29,68.74,66.82,324.1,55.365,55.59,49.58,110.7841,61.34384536743164
2017-10-10,71.27,68.98,66.11,55.59,66.07,68.91,66.95,326.07,56.475,56.75,50.92,110.3034,95.95598602294922
2017-10-11,71.57,69.28,66.41,56.42,67.04,69.89,67.94,331.34,55.78,56.35,51.3,110.3037,115.2568588256836
2017-10-12,71.77,69.48,66.61,56.92,67.16,69.75,67.84,333.78,55.345,56.15,50.6,110.3152,85.92912292480469
2017-10-13,72.2,69.91,67.04,57.14,67.89,70.32,68.58,336.04,56.53,57.18,51.45,110.2669,68.34180450439453
2017-10-16,73.48,71.19,68.32,57.84,68.58,70.89,69.15,339.74,57.455,57.88,51.87,110.5432,111.01097869873047
2017-10-17,73.51,71.22,68.35,57.89,68.94,71.2,69.41,342.23,57.335,57.61,51.88,110.9141,108.01850891113281
2017-10-18,73.045,70.78,68.03999999999999,57.63,68.38,70.545,68.815,339.32000000000005,57.68,57.79,52.04,110.7214,118.03402709960938
2017-10-19,72.58,70.34,67.73,57.37,67.82,69.89,68.22,336.41,57.505,57.63,51.29,110.4577,121.04388427734375
2017-10-20,72.09,69.87,67.37,57.28,67.83,69.28,67.76,335.92,57.595,57.73,51.47,111.0375,72.2603759765625
2017-10-23,72.42,70.2,67.7,58.47,69.02,70.41,68.9,342.37,57.68,57.6,51.72,111.2134,104.00526428222656
2017-10-24,71.58,69.36,66.86,58.23,68.05,69.55,68.04,338.89,57.79,57.82,52.27,111.4027,110.12525177001953
2017-10-25,73.27,71.05,68.55,59.49,69.49,70.79,69.57,343.25,58.305,58.28,51.87,111.3904,119.0936508178711
2017-10-26,73.32,71.1,68.6,59.38,69.09,70.3,69.07,341.97,58.805,58.695,52.64,111.6418,83.75645446777344
2017-10-27,74.15,71.91,69.32,60.44,70.35,71.38,70.22,346.3,60.335,60.34,53.9,112.1495,94.87067413330078
2017-10-30,75.4,73.16,70.57,61.36,71.44,72.32,71.21,355.54,60.405,60.5,54.15,111.901,97.42845916748047
2017-10-31,75.02,72.76,70.05,61.41,71.32,72.25,71.17,359.54,60.93,61.1,54.38,111.8052,68.25345611572266
2017-11-01,77.31,74.97,71.88,62.87,72.3,73.11,72.05,366.4,60.88,60.81,54.3,111.7942,75.8603286743164
2017-11-02,75.44,73.49,70.91,62.02,71.05,71.6,70.45,358.92,60.475,60.36,54.54,111.5474,188.31134033203125
2017-11-03,75.64,73.84,71.46,63.03,71.45,71.21,70.09,361.34,61.315,61.24,55.64,111.9383,88.22819519042969
2017-11-06,77.13,75.78,72.94,64.17,73.44,72.82,71.75,372.08,64.07,63.71,57.35,111.7197,132.50270080566406
2017-11-07,78.8,77.45,74.61,65.98,74.98,74.7,73.52,381.42,64.045,63.79,57.2,111.9446,113.52740478515625
2017-11-08,78.01,76.67,73.9,64.84,74.47,73.98,72.74,372.66,64.04,63.69,56.81,111.6935,181.0870361328125
2017-11-09,78.16,76.82,74.05,64.79,74.42,73.86,72.64,373.46,64.465,64.19,57.17,111.5626,109.60702514648438
2017-11-10,78.69,77.35,74.58,65.64,75.0,74.56,73.33,377.15,64.215,64.18,56.74,111.5626,107.6008071899414
2017-11-13,78.45,77.13,74.48,65.64,74.59,74.26,72.96,374.21,63.045,63.47,56.76,111.7833,83.04486846923828
2017-11-14,77.29,76.03,73.7,65.42,74.36,74.34,73.04,371.28,60.98,61.57,55.7,111.5097,111.65958404541016
2017-11-15,75.53,74.27,71.94,63.65,73.0,73.21,72.0,362.62,61.26,62.03,55.33,111.4809,71.92547607421875
2017-11-16,75.8,74.54,72.2,64.2,73.74,73.97,72.97,366.18,61.135,61.81,55.14,111.2568,119.26782989501953
2017-11-17,75.41,74.09,71.44,63.23,73.2,73.46,72.61,362.7,61.91,62.41,56.55,111.0016,49.271602630615234
2017-11-20,76.67,75.37,72.82,63.89,74.48,74.77,74.09,368.02,61.375,61.95,56.09,111.2599,57.03129577636719
2017-11-21,76.46,75.18,72.75,63.61,74.49,74.93,74.28,365.37,62.04,62.43,56.72,110.9828,144.8372344970703
2017-11-22,77.36,76.04,73.41,64.39,75.15,75.59,74.98,367.86,62.58,62.985,57.95,110.5632,143.44000244140625
2017-11-23,76.86,75.54,72.91,64.49,74.67,74.79,74.26,367.4,62.92,63.38,58.00333333333334,110.5632,48.649192810058594
2017-11-24,77.39,76.12,73.74,65.21,75.46,75.35,74.81,369.11,63.435,63.6,58.056666666666665,110.0253,74.12738800048828
2017-11-27,77.23,75.97,73.64,65.52,75.03,74.86,74.4,369.15,63.205,63.3,58.11,110.1136,164.1797332763672
2017-11-28,77.69,76.53,73.92,65.43,74.98,75.11,74.61,366.66,63.665,63.58,57.99,110.3018,101.45014190673828
2017-11-29,77.09,75.93,73.32,64.85,74.58,74.71,74.21,364.52,63.265,63.26,57.3,110.3265,99.85459899902344
2017-11-30,76.78,75.65,73.18,64.32,73.98,74.06,73.46,364.89,63.22,63.52,57.4,110.4648,111.56315612792969
2017-12-01,76.95,75.82,73.35,63.88,73.79,73.94,73.34,366.68,64.515,64.12,58.36,110.1413,110.03947448730469
2017-12-04,76.68,75.55,73.08,64.34,74.53,74.7,74.1,367.51,63.41,62.94,57.47,110.397,64.41104125976562
2017-12-05,75.7,74.57,72.1,63.17,73.22,73.62,73.02,359.24,63.34,62.81,57.62,110.4905,133.23780822753906
2017-12-06,75.96,74.88,72.55,64.0,74.03,74.54,73.84,358.8,62.125,61.69,55.96,110.8711,109.0212173461914
2017-12-07,74.85,73.8,71.6,63.51,72.53,73.07,72.48,350.31,62.56,62.03,56.69,111.0178,64.61444854736328
2017-12-08,75.8,74.75,72.55,64.76,74.01,74.55,73.94,353.66,63.955,63.33,57.36,111.2273,89.091064453125
2017-12-11,76.22,75.17,72.97,65.29,74.88,75.32,74.67,358.99,65.165,64.56,57.99,111.0827,142.69522094726562
2017-12-12,78.38,77.32,75.05,66.34,76.69,77.22,76.59,370.82,64.69,64.01,57.14,111.5214,97.67827606201172
2017-12-13,77.05,76.0,73.78,65.18,75.58,76.05,75.41,362.07,63.275,62.78,56.6,111.2759,80.26045227050781
2017-12-14,75.37,74.39,72.51,64.18,74.04,74.78,74.18,358.89,63.645,63.23,57.04,111.0893,104.08340454101562
2017-12-15,76.28,75.3,73.42,64.73,74.51,75.3,74.68,364.0,63.735,63.48,57.3,111.1286,90.98188018798828
2017-12-18,75.93,74.95,73.07,64.07,74.74,75.28,74.69,366.03,63.815,63.68,57.16,110.9086,67.39183044433594
2017-12-19,75.45,74.54,72.99,64.19,75.28,75.82,75.28,368.01,63.41,63.52,57.46,111.1255,78.6366195678711
2017-12-20,76.04,75.04,73.02,64.41,75.75,76.22,75.81,368.7,64.415,64.47,58.02,110.8361,93.0496597290039
2017-12-21,75.96,74.95,72.89,65.05,76.02,76.48,76.1,371.09,64.545,64.68,58.33,110.8786,94.13250732421875
2017-12-22,76.4,75.39,73.33,65.5,76.23,76.84,76.34,372.53,64.29,64.52,58.42,111.0997,69.98382568359375
2017-12-26,76.52,75.51,73.45,65.89,76.69,77.27,76.77,372.86,65.1825,65.47,59.97,110.9758,97.9522705078125
2017-12-27,77.52,76.51,74.45,67.06,78.6,78.84,78.27,379.88,66.075,66.42,59.64,110.8553,115.55469512939453
2017-12-28,77.43,76.42,74.36,67.14,78.5,78.59,78.0,376.12,66.14,66.37,59.84,110.5154,128.48069763183594
2017-12-29,77.31,76.44,74.61,67.56,79.44,79.35,78.7,377.36,66.535,66.67,60.42,110.0783,121.5621109008789
2018-01-02,77.5,76.49,74.43,67.72,79.13,79.6,78.72,378.84,66.6,66.35,60.37,109.6445,188.69056701660156
2018-01-03,76.37,75.39,73.46,66.52,78.84,79.56,78.58,375.85,68.065,67.56,61.63,109.6751,138.02365112304688
2018-01-04,77.59,76.66,74.98,66.98,80.16,81.09,80.0,378.97,68.72,68.115,62.01,109.4777,146.35792541503906
2018-01-05,77.53,76.6,74.92,66.56,79.59,80.89,79.63,378.22,68.165,67.62,61.44,109.3496,66.51741790771484
2018-01-08,77.41,76.48,74.81,66.19,79.19,80.41,79.15,376.93,68.345,67.71,61.73,109.5681,82.1722183227539
2018-01-09,78.33,77.4,75.73,66.91,79.34,80.43,79.24,379.97,69.115,68.33,62.96,109.9025,77.14198303222656
2018-01-10,80.18,79.21,77.35,67.58,80.66,81.51,80.18,380.78,69.94,69.27,63.57,109.628,71.72000122070312
2018-01-11,79.87,78.9,77.04,66.32,80.82,81.64,80.18,381.25,70.71,70.01,63.8,109.4888,95.51309204101562
2018-01-12,79.03,78.06,76.2,66.12,81.04,81.73,80.27,381.12,69.925,69.3,64.3,108.901,167.51290893554688
2018-01-15,80.19,79.19,77.19,66.77,81.7,82.34,80.98,384.75,70.495,70.05,64.015,108.901,58.96156311035156
2018-01-16,80.01,79.0,76.99,66.83,81.82,82.61,81.25,382.43,69.665,69.37,63.73,108.3218,58.74949645996094
2018-01-17,79.36,78.34,76.48,66.16,81.22,82.15,80.82,378.07,69.355,69.29,63.97,108.1526,128.2569580078125
2018-01-18,79.96,78.92,76.98,66.72,80.72,82.01,80.65,383.45,69.525,69.44,63.95,108.0655,82.81419372558594
2018-01-19,79.73,78.66,76.55,66.16,80.07,81.1,79.84,381.72,68.56,68.54,63.37,107.9455,102.11367797851562
2018-01-22,80.15,79.08,76.97,65.87,80.5,81.48,80.35,385.12,69.53,69.6,63.49,108.107,129.9990234375
2018-01-23,80.48,79.38,77.13,65.27,81.09,81.96,81.11,383.7,69.99,70.01,64.52,107.9979,129.00125122070312
2018-01-24,80.98,79.88,77.62,65.79,81.75,82.74,81.96,385.25,69.905,69.92,65.73,107.0802,136.3526611328125
2018-01-25,81.77,80.73,78.79,66.34,83.28,84.27,83.54,393.92,70.58,70.71,65.63,106.5052,82.48857879638672
2018-01-26,81.45,80.41,78.47,65.42,83.12,83.85,83.19,389.41,70.025,70.47,66.14,106.6911,65.83985137939453
2018-01-29,82.97,81.82,79.31,65.27,83.59,84.36,83.64,389.69,68.59,69.22,65.56,107.1142,76.4438705444336
2018-01-30,82.01,80.82,78.11,63.8,81.81,82.65,81.87,384.99,67.985,68.63,64.5,107.1064,95.8901138305664
2018-01-31,81.18,79.97,77.14,63.65,81.46,82.03,81.25,384.6,68.09,68.69,64.73,106.7696,102.40994262695312
2018-02-01,82.87,81.6,78.49,65.47,82.83,82.73,82.04,389.69,68.49,69.07,65.8,106.4877,52.32488250732422
2018-02-02,84.11,82.86,79.85,65.68,84.45,83.68,82.97,390.24,67.59,68.2,65.45,107.1151,30.99478530883789
2018-02-05,81.76,80.5,77.45,63.4,82.08,81.12,80.37,380.04,67.855,68.45,64.15,107.33,84.5761947631836
2018-02-06,79.54,78.79,76.12,62.37,81.56,80.13,79.46,378.06,66.735,66.99,63.39,107.5204,56.73699188232422
2018-02-07,79.42,78.67,76.0,60.86,81.73,79.98,79.3,376.78,65.655,65.98,61.79,107.7175,76.4438705444336
2018-02-08,77.39,76.53,73.58,59.6,79.02,77.58,76.93,363.96,64.145,64.62,61.15,108.3025,93.48350524902344
2018-02-09,77.06,76.2,73.25,59.66,77.84,76.79,76.11,359.28,62.98,63.36,59.2,108.2582,72.09941864013672
2018-02-12,76.19,75.33,72.38,58.88,76.56,75.5,74.83,357.3,62.425,63.17,59.29,108.0332,124.49918365478516
2018-02-13,74.6,73.77,70.86,58.42,76.22,74.62,73.99,359.92,61.52,62.2,59.19,107.7574,73.42066192626953
2018-02-14,73.82,73.0,70.09,58.33,75.4,73.54,72.96,358.25,62.47,63.17,60.6,107.4691,37.50076675415039
2018-02-15,76.0,74.96,72.26,60.82,77.86,75.83,75.37,365.57,63.02,63.71,61.34,106.9867,69.69510650634766
2018-02-16,76.35,75.28999999999999,72.53,60.85,78.21000000000001,76.25,75.80000000000001,367.505,64.145,64.97,61.68,107.0359,53.116973876953125
2018-02-19,76.7,75.62,72.8,60.88,78.56,76.67,76.23,369.44,64.915,65.65,61.79,107.0359,91.53900146484375
2018-02-20,77.18,76.1,73.28,60.71,78.44,76.89,76.42,368.78,64.33,65.07,61.9,107.6249,91.38117980957031
2018-02-21,75.9,74.82,72.0,59.79,78.33,76.22,75.75,361.72,64.76,65.26,61.63,107.8679,72.11685943603516
2018-02-22,76.31,75.23,72.41,60.0,79.31,76.61,76.05,365.39,65.86,66.35,62.72,107.8668,53.79000473022461
2018-02-23,77.21,76.15,73.39,61.2,81.45,77.85,77.29,371.59,66.375,67.02,63.5,107.6804,74.92713165283203
2018-02-26,78.5,77.47,74.76,62.28,83.81,79.33,78.77,375.68,67.64,67.69,63.91,107.7347,90.38383483886719
2018-02-27,78.8,77.77,75.06,62.56,83.17,79.66,79.11,373.65,67.175,66.9,63.043,108.1731,65.59539794921875
2018-02-28,78.49,77.5,75.01,62.53,81.84,78.43,77.82,369.44,65.73,65.46,61.64,108.3903,70.12908172607422
2018-03-01,77.31,76.26,73.65,61.6,80.15,76.41,75.88,362.39,64.06,63.77,61.02,108.5358,93.70771789550781
2018-03-02,76.09,75.04,72.43,60.77,79.28,75.18,74.73,359.49,64.195,63.92,61.28,108.5358,151.3148193359375
2018-03-05,76.91,75.86,73.25,61.9,79.54,76.06,75.66,364.14,65.85,65.59,62.58,108.3614,108.14913177490234
2018-03-06,77.09,76.06,73.55,61.93,78.67,75.97,75.56,367.43,65.615,65.47,62.61,107.7969,88.45307922363281
2018-03-07,76.97,75.9,73.17,61.51,78.76,76.38,75.85,365.75,65.25,65.33,61.17,108.0911,134.17996215820312
2018-03-08,76.07,75.0,72.27,61.23,77.77,76.5,75.84,361.87,64.02,64.09,60.15,108.2671,106.09647369384766
2018-03-09,75.63,74.35,71.53,60.26,76.85,75.99,75.31,359.38,65.315,65.41,62.04,107.923,101.20653533935547
2018-03-12,76.7,75.42,72.6,61.63,77.55,77.27,76.6,371.53,64.43,64.84,61.41,107.9438,135.9002227783203
2018-03-13,76.49,75.21,72.39,60.65,76.72,76.62,75.99,369.23,64.09,64.57,60.73,107.7384,119.58728790283203
2018-03-14,76.15,74.8,71.8,61.38,76.73,76.86,76.09,365.41,63.46,64.62,60.97,107.8623,94.99882507324219
2018-03-15,76.69,75.39,72.59,62.06,76.32,77.24,76.47,365.36,63.68,65.11,61.22,108.2032,189.4098358154297
2018-03-16,77.17,75.87,73.07,62.2,76.39,77.31,76.55,367.36,64.62,65.97,62.36,108.4332,173.33203125
2018-03-19,77.92,76.62,73.82,62.45,77.3,78.13,77.39,368.78,65.015,66.3,62.06,108.3145,95.18872833251953
2018-03-20,78.51,77.15,74.07,62.96,78.27,78.8,78.05,370.77,66.13,67.32,63.44,108.4953,134.78366088867188
2018-03-21,79.87,78.45,75.07,63.66,79.23,79.71,78.96,372.26,68.315,69.35,65.06,108.4953,171.2620086669922
2018-03-22,81.04,79.75,76.57,64.76,80.9,81.21,80.48,379.96,68.235,69.16,64.17,107.9935,162.07073974609375
2018-03-23,81.83,80.49,77.08,65.27,80.83,81.04,80.28,381.2,68.95,70.1,65.85,107.7495,84.1159896850586
2018-03-26,82.2,80.9,77.75,65.85,81.56,81.9,81.19,384.74,68.655,70.02,65.55,107.1819,81.37810516357422
2018-03-27,81.99,80.72,77.72,65.84,82.24,82.63,81.89,381.27,68.61,70.13,65.26,107.3359,90.82076263427734
2018-03-28,81.39,80.15,77.31,66.1,81.86,82.29,81.63,378.58,68.145,69.93,64.41,107.5733,91.53147888183594
2018-03-29,81.74,80.5,77.66,66.82,81.97,82.39,81.73,377.39,67.315,69.15,64.94,107.665,176.90615844726562
2018-04-02,82.08,80.84,78.0,66.82,83.32,83.45,82.71,381.36,67.17750000000001,68.67,63.04,107.7033,139.22386169433594
2018-04-03,80.28,79.04,76.2,65.42,82.17,81.88,81.19,376.14,67.04,68.19,63.51,107.5624,105.72024536132812
2018-04-04,79.63,78.42,75.71,64.58,81.91,81.23,80.6,375.99,66.505,67.83,63.37,107.6361,70.6681137084961
2018-04-05,80.62,79.52,76.4,64.9,81.79,81.12,80.47,385.26,67.165,68.3,63.57,107.7281,69.10179901123047
2018-04-06,80.02,78.92,75.8,64.19,81.41,80.69,80.05,387.16,66.48,67.54,62.08,107.7886,100.5026626586914
2018-04-09,79.57,78.47,75.35,63.8,81.26,80.56,79.95,385.86,67.86,68.69,63.42,107.5316,102.21106719970703
2018-04-10,81.45,80.33,77.11,65.29,83.21,82.42,81.88,390.14,70.265,70.81,65.51,107.3659,213.29278564453125
2018-04-11,81.94,80.82,77.6,66.18,84.93,83.72,83.21,389.62,72.545,72.66,66.82,107.1224,102.49281311035156
2018-04-12,83.24,82.08,78.65,66.92,86.41,85.12,84.67,397.0,71.46,71.59,67.07,107.2905,296.52142333984375
2018-04-13,83.41,82.23,78.7,67.44,86.25,84.86,84.47,399.25,72.705,72.74,67.43,107.2368,117.60595703125
2018-04-16,82.01,80.86,77.46,66.55,85.64,84.06,83.64,397.55,71.9,71.69,66.22,107.0595,194.28549194335938
2018-04-17,81.86,80.76,77.59,66.14,85.2,83.88,83.4,396.63,71.85,71.57,66.52,107.0344,178.36903381347656
2018-04-18,82.55,81.45,78.28,66.64,85.35,84.38,83.96,399.29,73.415,73.22,68.5,107.1096,234.35853576660156
2018-04-19,83.78,82.72,79.74,68.0,86.97,86.33,85.9,408.4,75.03,74.77,68.34,107.5197,214.136962890625
2018-04-20,83.07,82.06,79.32,67.77,86.71,86.02,85.53,406.18,73.895,73.64,68.41,108.1787,71.06819915771484
2018-04-23,84.28,83.17,80.21,67.65,87.02,86.01,85.5,404.05,74.295,74.15,68.5,108.9332,88.52149963378906
2018-04-24,85.89,84.78,81.83,68.97,88.12,87.11,86.61,407.8,75.255,75.11,67.66,108.7906,150.57125854492188
2018-04-25,84.42,83.34,80.52,68.84,87.68,86.39,85.66,403.93,73.995,73.9,68.06,109.3447,193.12814331054688
2018-04-26,84.29,83.22,80.45,69.02,87.93,86.91,86.09,412.07,74.81,74.71,68.19,109.3646,146.26922607421875
2018-04-27,85.49,84.21,81.24,69.68,87.95,87.2,86.44,414.55,74.445,74.64,68.1,109.1735,91.80326080322266
2018-04-30,85.09,83.82,80.9,69.49,87.21,86.58,85.81,415.05,75.105,74.9,68.6,109.3363,134.5440673828125
2018-05-01,84.77000000000001,83.535,80.79,69.68,87.21,86.62,85.80000000000001,419.085,74.37,73.8,67.25,109.7445,155.34799194335938
2018-05-02,84.45,83.25,80.68,69.87,87.21,86.66,85.79,423.12,73.075,72.71,67.93,110.1625,186.62353515625
2018-05-03,83.58,82.44,80.16,69.87,86.66,86.65,85.78,413.6,73.56,73.23,68.43,110.1803,125.34039306640625
2018-05-04,83.28,82.2,80.13,70.05,85.93,86.17,85.32,410.69,74.55,74.23,69.73,110.25,139.01663208007812
2018-05-07,84.96,83.89,81.89,72.07,88.32,88.56,87.8,422.12,74.42750000000001,74.11500000000001,70.73,110.5721,79.70087432861328
2018-05-08,84.74,83.66,81.59,72.46,88.09,88.45,87.62,423.97,74.305,74.0,69.06,111.063,125.366455078125
2018-05-09,87.32,86.18,83.81,74.26,89.5,90.06,89.18,433.37,77.305,77.17,71.14,110.8818,284.1881103515625
2018-05-10,88.31,87.17,84.78,74.88,89.99,90.47,89.54,436.85,77.215,77.19,71.36,110.405,233.39476013183594
2018-05-11,88.82,87.24,85.04,74.82,89.75,90.48,89.45,442.22,77.3,77.51,70.73,110.2847,163.6328582763672
2018-05-14,88.42,86.67,84.46,74.55,89.44,90.2,89.14,438.6,78.08,77.9,70.99,110.408,125.73249816894531
2018-05-15,90.03,88.26,85.95,75.96,90.96,91.91,90.85,447.3,78.755,78.81,71.31,111.2292,112.64398956298828
2018-05-16,90.8,89.03,86.72,75.55,90.4,91.38,90.22,447.96,78.24,78.27,71.49,111.3068,150.57125854492188
2018-05-17,93.62,92.25,89.42,77.0,92.09,93.14,92.04,459.18,80.29,80.46,71.49,111.3547,152.6919708251953
2018-05-18,93.05,91.75,89.26,77.32,92.75,93.58,92.46,460.29,78.43,79.08,71.28,111.7171,92.46244812011719
2018-05-21,92.27,91.01,88.73,76.69,92.5,92.89,91.88,459.13,78.59,78.8,72.27,111.6394,125.66645050048828
2018-05-22,93.2,91.96,89.78,77.91,92.63,93.28,92.25,462.98,80.225,80.28,72.17,111.1945,81.85124206542969
2018-05-23,92.06,90.82,88.64,77.19,91.96,92.52,91.43,459.18,78.8,78.9,71.84,111.6933,179.17031860351562
2018-05-24,92.29,91.04,88.81,77.47,92.51,93.11,92.04,460.54,79.035,78.98,70.74,111.4885,153.59022521972656
2018-05-25,90.97,89.74,87.6,75.9,91.02,91.69,90.66,451.03,76.425,76.41,67.92,111.5843,140.5561981201172
2018-05-28,88.28,87.01,84.65,73.63,88.39,89.33,88.25,440.11,75.4925,75.7825,67.325,111.5843,102.57495880126953
2018-05-29,87.955,86.685,84.33000000000001,73.505,88.57,89.475,88.34,441.67,74.56,75.155,66.73,112.2127,71.2380142211914
2018-05-30,87.63,86.36,84.01,73.38,88.75,89.62,88.43,443.23,75.95,77.02,68.24,111.6731,141.90927124023438
2018-05-31,88.98,87.71,85.36,74.09,89.99,90.89,89.7,455.5,76.47,77.65,67.08,111.9894,92.13764190673828
2018-06-01,89.22,87.92,85.4,73.95,89.52,90.17,89.34,459.25,74.875,76.5,65.86,111.8265,186.23287963867188
2018-06-04,88.06,86.76,84.24,73.2,88.39,89.16,88.46,454.17,73.755,75.38,64.75,111.8247,146.1427001953125
2018-06-05,86.74,85.44,82.92,71.76,87.59,88.53,87.83,450.5,73.19,74.59,65.54,112.264,178.0370330810547
2018-06-06,86.66,85.45,83.36,71.38,87.1,88.23,87.66,452.63,73.65,75.05,64.79,111.7525,108.60877227783203
2018-06-07,85.74,84.51,82.31,70.64,86.81,87.68,87.06,445.16,75.545,77.01,65.95,112.0725,88.7294921875
2018-06-08,86.69,85.49,83.43,71.44,88.41,89.07,88.5,453.25,75.035,76.64,65.74,112.1066,116.16471099853516
2018-06-11,86.64,85.4,83.16,71.05,88.0,88.56,88.0,451.97,75.035,76.61,66.1,112.1106,135.01004028320312
2018-06-12,86.51,85.3,83.19,71.52,88.47,89.06,88.52,453.78,74.915,76.44,66.39,112.2138,155.8855438232422
2018-06-13,84.44,83.3,81.53,70.91,87.05,87.83,87.29,444.06,74.905,76.32,66.64,112.2577,140.87469482421875
2018-06-14,86.27,85.08,83.06,71.89,87.89,88.65,88.16,447.21,74.835,76.06,66.89,112.8593,188.4875030517578
2018-06-15,84.32499999999999,83.13,81.095,70.16,86.11500000000001,86.68,86.215,439.315,72.255,73.36,65.06,113.3379,69.98382568359375
2018-06-18,82.38,81.18,79.13,68.43,84.34,84.71,84.27,431.42,73.495,74.75,65.87,113.4899,47.07783508300781
2018-06-19,82.6,81.4,79.34,69.25,85.74,86.05,85.68,438.69,73.53,74.83,65.1,113.639,99.42222595214844
2018-06-20,82.67,81.49,79.54,69.24,86.45,86.8,86.41,446.52,73.635,75.36,66.24,113.4784,121.3394775390625
2018-06-21,80.96,79.78,77.83,67.8,84.52,84.73,84.34,436.95,72.43,73.62,65.89,113.6109,93.59835052490234
2018-06-22,81.79,80.61,78.66,68.28,84.83,85.01,84.75,439.91,73.24,74.67,71.43,113.3047,57.31085968017578
2018-06-25,82.41,81.31,79.75,69.17,85.75,85.95,85.54,447.37,72.925,74.34,71.58,113.286,87.7807388305664
2018-06-26,82.39,81.27,79.61,69.3,85.36,85.49,85.04,449.14,73.68,75.1,70.53,113.3016,137.2349395751953
2018-06-27,83.19,82.05,80.29,70.3,86.44,86.55,86.06,458.54,76.265,77.82,72.76,113.8971,130.60302734375
2018-06-28,84.52,83.38,81.62,71.5,87.64,87.69,87.09,466.4,75.74,77.62,73.5,113.8405,88.44233703613281
2018-06-29,85.12,83.94,82.0,72.27,88.3,88.04,87.51,468.47,77.9,79.55,74.15,113.2586,141.04144287109375
2018-07-02,85.49,84.35,82.61,72.62,88.69,88.14,87.43,470.66,76.645,77.84,73.94,114.1673,123.02521514892578
2018-07-03,84.16,82.98,81.03,72.29,87.84,87.21,85.94,465.35,75.905,77.06,74.14,113.3222,146.81739807128906
2018-07-04,84.67,83.5,81.58,73.11,88.37,87.83,86.39,461.14,77.065,78.3,73.565,113.3222,49.220916748046875
2018-07-05,84.74,83.53,81.5,73.07,88.84,88.1,86.67,460.77,77.01,78.28,72.99,112.9759,119.5712890625
2018-07-06,84.62,83.45,81.64,72.54,89.01,88.28,86.85,463.7,75.69,77.12,73.8,112.6428,128.33192443847656
2018-07-09,85.1,83.93,82.13,73.17,89.49,88.66,87.26,466.84,76.825,78.13,73.9,112.6425,170.4659423828125
2018-07-10,86.68,85.54,83.87,74.13,90.76,89.71,88.31,470.36,77.67,78.91,74.16,112.5794,121.88159942626953
2018-07-11,85.28,84.16,82.61,73.05,89.37,88.41,86.99,463.34,75.135,76.63,70.43,112.8582,125.24701690673828
2018-07-12,83.19,82.08,80.57,71.41,86.64,85.84,84.49,453.67,72.165,73.34,70.38,112.779,172.8645782470703
2018-07-13,82.17,81.02,79.31,70.52,85.32,84.79,83.43,449.38,74.27,75.44,71.0,113.0705,125.4760513305664
2018-07-16,84.15,83.01,81.34,71.85,86.65,86.28,84.98,456.75,71.165,72.53,68.08,112.8437,168.76254272460938
2018-07-17,80.82,79.64,77.78,69.11,84.14,83.72,82.41,438.3,70.71,72.23,68.08,113.1504,100.79735565185547
2018-07-18,80.48,79.22,76.97,68.38,83.4,83.02,81.73,433.35,70.54,71.88,68.76,113.3348,88.57132720947266
2018-07-19,81.74,80.48,78.23,69.13,84.82,84.23,82.91,444.94,72.155,73.33,69.46,113.9463,143.0528564453125
2018-07-20,83.06,82.01,79.67,70.74,85.94,85.64,84.29,455.21,72.155,72.97,70.49,113.3213,54.0997200012207
2018-07-23,84.05,82.69,80.27,71.12,85.98,85.67,84.32,453.49,73.615,73.99,69.64,113.4246,161.70819091796875
2018-07-24,84.64,83.2,80.93,71.81,86.25,86.09,84.66,451.0,73.735,73.81,70.51,113.2045,161.12632751464844
2018-07-25,86.0,84.54,82.19,72.51,87.32,87.23,85.74,456.44,73.98,73.93,71.35,112.9221,105.160888671875
2018-07-26,86.38,84.92,82.57,73.73,88.26,88.31,86.86,461.92,74.71,74.62,69.63,112.9179,107.8719482421875
2018-07-27,86.22,84.76,82.41,73.82,88.32,88.31,86.86,466.42,74.93,74.91,68.69,112.8125,119.3347396850586
2018-07-30,86.46,84.99,82.63,73.84,88.31,87.94,86.49,465.59,75.125,75.1,70.13,112.6044,118.85968017578125
2018-07-31,86.62,84.97,82.78,73.94,88.19,88.05,86.64,464.42,74.46,74.37,68.76,112.7299,109.94091796875
2018-08-01,84.87,83.27,81.31,73.57,86.66,86.94,85.44,463.71,72.475,72.72,67.66,112.8899,140.02928161621094
2018-08-02,83.6,82.0,80.02,72.46,85.47,85.67,84.2,454.16,73.175,73.225,68.96,113.1679,121.88159942626953
2018-08-03,84.68,83.02,80.76,72.76,86.4,86.75,85.38,453.64,72.44,73.42,68.49,113.012,147.8824920654297
2018-08-06,85.09,83.43,81.19,72.64,87.04,87.5,86.26,453.83,72.625,74.13,69.06,113.229,162.54562377929688
2018-08-07,86.2,84.54,82.3,71.9,87.7,88.27,87.02,453.43,72.745,74.39,69.22,112.9759,200.45794677734375
2018-08-08,87.75,86.0,83.32,72.38,88.1,88.9,87.72,460.99,70.495,72.18,66.94,113.1411,129.0610809326172
2018-08-09,86.3,84.555,81.905,70.82499999999999,86.71,87.685,86.545,453.445,70.625,72.3,66.81,113.3806,170.8864288330078
2018-08-10,84.85,83.11,80.49,69.27,85.32,86.47,85.37,445.9,71.27,72.82,67.63,114.3005,121.93501281738281
2018-08-13,85.93,84.21,81.67,70.16,86.32,87.67,86.66,446.93,70.975,72.63,67.21,114.851,142.4760284423828
2018-08-14,86.15,84.43,81.89,70.68,86.68,88.15,87.24,447.8,71.09,72.56,67.04,114.658,136.3998565673828
2018-08-15,88.26,86.5,83.75,70.25,85.71,87.05,86.23,439.31,68.865,70.38,65.01,115.1526,111.38750457763672
2018-08-16,85.94,84.19,81.5,69.42,85.09,86.14,85.38,435.79,69.825,71.23,65.46,114.6416,128.16482543945312
2018-08-17,85.25,83.5,80.81,69.32,85.55,86.82,86.04,438.75,70.625,71.94,65.91,114.5339,107.13349151611328
2018-08-20,84.58,82.92,80.67,69.54,85.96,87.09,86.48,439.16,70.83,72.12,66.43,114.3504,106.85701751708984
2018-08-21,85.62,83.92,81.45,70.18,85.87,87.25,86.71,439.28,71.275,72.53,67.35,113.8604,152.000732421875
2018-08-22,86.34,84.64500000000001,82.19,70.825,86.76,88.245,87.685,443.665,73.175,74.34,69.11,113.663,119.32880401611328
2018-08-23,87.06,85.37,82.93,71.47,87.65,89.24,88.66,448.05,73.82,74.69,68.68,114.0932,120.28876495361328
2018-08-24,87.86,86.16,83.68,71.73,88.82,90.63,90.03,450.87,75.06,76.12,69.92,113.5985,44.46399688720703
2018-08-27,87.65,86.02,83.87,71.76,88.63,90.76,90.13,447.25,75.525,76.35,68.88,113.2721,109.45875549316406
2018-08-28,88.68,86.97,84.4,72.61,89.66,91.72,91.09,451.26,75.99,76.58,68.57,113.3444,134.43862915039062
2018-08-29,87.38,85.75,83.6,72.66,89.18,90.89,90.38,450.26,75.94,76.44,69.51,113.6461,139.90408325195312
2018-08-30,89.41,87.77,85.57,74.11,90.51,92.45,91.94,458.54,76.885,77.46,70.25,114.0899,86.16505432128906
2018-08-31,89.85,88.22,86.06,74.16,90.25,92.37,91.75,455.75,77.46,77.66,69.81,114.2755,62.03310012817383
2018-09-03,90.34,88.71,86.55,74.43,91.3,93.54,92.92,452.02,77.785,78.35,69.86500000000001,114.2755,94.16999053955078
2018-09-04,91.25,89.63,87.52,75.76,92.62,94.93,94.28,455.89,77.525,78.44,69.92,114.8584,14.36084270477295
2018-09-05,89.6,87.98,85.87,74.07,90.92,92.8,92.1,442.9,76.89,77.65,68.74,114.7477,85.92912292480469
2018-09-06,89.14,87.56,85.65,73.2,90.39,92.36,91.59,440.18,75.59,76.4,67.78,114.6479,97.68965911865234
2018-09-07,88.46,86.9,85.11,72.59,89.72,91.5,90.83,443.4,75.51,76.49,67.78,114.5816,87.86651611328125
2018-09-10,89.2,87.65,85.93,73.96,90.7,92.52,91.85,449.85,76.635,77.45,67.59,114.6802,55.42262268066406
2018-09-11,89.78,88.23,86.51,73.72,90.61,92.54,91.71,452.91,77.93,78.64,69.25,114.7051,81.84497833251953
2018-09-12,91.22,89.67,87.97,74.52,91.43,93.5,92.55,456.2,79.185,79.915,70.37,114.2192,80.89298248291016
2018-09-13,90.85,89.29,87.55,74.45,91.17,93.2,92.21,455.75,77.595,78.22,68.6,113.9268,68.56543731689453
2018-09-14,90.58,89.0,87.16,74.04,90.62,92.4,91.41,452.13,77.795,78.17,68.99,114.0657,118.30599212646484
2018-09-17,91.14,89.44,86.98,74.25,90.56,92.17,91.15,454.1,78.29,78.4,68.91,113.9158,91.08362579345703
2018-09-18,90.55,88.85,86.39,74.27,89.89,91.51,90.41,450.19,79.095,78.97,69.85,113.7739,105.00934600830078
2018-09-19,91.79,90.09,87.63,75.25,91.22,93.24,92.09,457.71,79.22,79.3,71.12,113.6532,58.6295166015625
2018-09-20,91.9,90.27,88.17,75.57,92.04,94.18,93.04,463.97,78.755,78.92,70.84,113.4989,107.92826843261719
2018-09-21,91.59,89.97,87.92,75.53,91.69,93.93,92.77,465.0,78.8,78.88,72.06,113.5099,113.79048919677734
2018-09-24,92.86,91.24,89.19,76.42,92.37,94.93,93.88,470.67,80.905,80.92,73.28,113.5301,143.44000244140625
2018-09-25,93.22,91.63,89.72,77.3,93.7,96.16,95.19,478.98,82.36,82.38,72.68,113.7202,95.44012451171875
2018-09-26,92.8,91.21,89.3,78.03,94.22,96.67,95.66,480.84,81.72,81.63,71.59,113.6739,110.15664672851562
2018-09-27,93.47,91.87,89.93,78.42,94.36,97.17,96.23,484.44,81.835,81.61,72.12,113.9784,73.69881439208984
2018-09-28,93.52,91.84,89.52,78.26,93.96,96.68,95.73,484.42,83.645,83.41,73.25,113.8077,81.45658111572266
2018-10-01,94.51,92.9,90.91,79.82,94.93,98.32,97.35,490.11,84.685,84.29,75.32,113.8235,120.77069091796875
2018-10-02,96.1,94.49,92.5,81.39,97.19,100.83,100.05,503.28,85.81,85.44,75.24,113.8954,36.00617218017578
2018-10-03,95.68,94.09,92.19,81.31,97.59,100.9,100.14,508.03,85.73,85.25,76.43,114.1569,94.41998291015625
2018-10-04,95.3,93.71,91.81,80.42,98.74,100.94,100.12,518.81,86.155,85.83,74.34,114.6867,69.01182556152344
2018-10-05,95.15,93.45,91.0,79.42,97.58,99.52,98.66,510.62,85.155,85.11,74.34,114.561,78.21883392333984
2018-10-08,93.95,92.25,89.8,77.93,96.29,98.04,97.03,502.56,83.985,83.74,74.29,114.561,49.10814666748047
2018-10-09,95.21,93.52,91.1,78.63,97.92,99.81,98.82,517.52,85.205,84.87,74.96,114.6583,95.87750244140625
2018-10-10,95.04,93.4,91.23,77.86,98.14,100.06,99.02,514.04,83.93,83.71,73.17,114.6072,104.19609832763672
2018-10-11,92.08,90.44,88.27,75.8,96.16,98.07,96.98,497.23,81.29,80.96,70.98,114.4074,130.70550537109375
2018-10-12,91.71,90.03,87.65,74.75,95.28,97.32,96.14,496.54,80.855,80.75,71.34,114.3691,87.06867980957031
2018-10-15,90.45,88.77,86.39,74.82,94.85,96.81,95.59,501.25,81.035,80.79,71.8,114.045,122.86271667480469
2018-10-16,89.16,87.48,85.1,74.44,94.22,96.06,94.48,495.69,81.0,80.7,71.94,113.8963,134.61813354492188
2018-10-17,89.49,87.89,85.92,75.7,95.55,97.82,95.99,504.52,80.5,79.97,69.8,114.1755,117.82046508789062
2018-10-18,86.31,84.72,82.81,73.2,94.33,96.4,94.57,497.66,80.21,79.73,68.65,114.8164,127.05738830566406
2018-10-19,86.33,84.76,82.93,72.53,93.96,95.93,94.07,498.59,80.635,80.15,69.12,114.8567,106.1982192993164
2018-10-22,87.03,85.46,83.63,73.33,95.54,97.33,95.43,504.41,80.295,79.81,69.17,115.1782,83.91838073730469
2018-10-23,85.03,83.46,81.63,71.54,94.61,96.53,94.62,492.22,78.09,77.4,66.28,115.1651,108.8228530883789
2018-10-24,82.75,81.14,79.09,68.62,91.8,93.66,91.95,480.56,77.555,76.98,66.72,115.3755,127.58169555664062
2018-10-25,82.89,81.28,79.23,69.31,91.72,94.24,92.34,484.15,77.61,76.99,67.28,115.4831,141.05126953125
2018-10-26,82.31,80.75,78.96,69.08,92.71,95.29,93.56,490.25,77.64,77.18,67.64,115.473,159.10116577148438
2018-10-29,82.51,80.92,78.98,69.08,93.33,95.3,93.63,496.75,77.84,77.55,67.04,115.8936,94.36099243164062
2018-10-30,82.79,81.23,79.44,69.52,92.67,94.0,92.9,492.98,75.835,76.23,66.21,116.2357,109.74150848388672
2018-10-31,83.0,81.46,79.79,69.24,93.07,93.66,92.82,491.67,75.495,75.72,65.32,116.5281,81.52692413330078
2018-11-01,79.98,78.44,76.77,65.93,91.31,92.07,91.36,489.67,71.675,72.85,63.69,115.8657,101.45014190673828
2018-11-02,77.74,76.2,74.53,64.04,88.95,89.9,89.0,482.47,71.44,72.67,63.17,115.643,103.39347076416016
2018-11-05,76.96,75.42,73.75,63.29,87.33,88.34,87.46,483.78,72.325,73.47,63.11,115.703,114.6827621459961
2018-11-06,76.41499999999999,74.88499999999999,73.265,62.715,87.66,88.43,87.57499999999999,483.185,70.24,71.6,62.21,115.5622,62.58562469482422
2018-11-07,75.87,74.35,72.78,62.14,87.99,88.52,87.69,482.59,70.215,71.56,61.7,115.2519,140.43304443359375
2018-11-08,74.59,73.07,71.5,59.89,89.64,89.74,88.94,485.47,69.595,71.43,60.69,115.6478,60.81825637817383
2018-11-09,73.01,71.49,69.92,58.06,86.68,86.74,86.08,464.13,67.955,70.03,60.19,116.4778,114.37254333496094
2018-11-12,73.95,72.43,70.86,58.53,88.8,88.53,87.83,470.56,69.02,70.82,59.93,116.4778,42.7428092956543
2018-11-13,72.46,71.0,69.75,57.75,87.23,87.02,86.32,457.55,65.065,66.85,55.69,116.6694,142.2847900390625
2018-11-14,69.38,67.78,65.81,54.78,83.24,82.91,82.26,436.51,64.7,66.43,56.26,116.498,33.37599563598633
2018-11-15,70.03,68.5,66.87,56.08,84.61,84.09,83.48,445.2,65.585,67.09,56.48,116.3861,106.85701751708984
2018-11-16,71.0,69.48,67.88,58.27,84.61,83.93,83.32,450.26,65.575,67.12,56.46,115.9258,44.5455322265625
2018-11-19,71.53,70.01,68.41,58.49,84.04,83.2,82.59,447.17,64.47,66.11,56.76,115.9859,55.67340850830078
2018-11-20,71.45,69.85,67.85,57.73,82.97,82.22,81.61,451.56,62.265,63.72,53.23,116.2367,58.04248809814453
2018-11-21,68.76,67.13,64.98,53.97,80.11,78.82,78.26,428.76,61.88,63.29,54.38,116.092,84.62763977050781
2018-11-22,67.89,66.24,63.99,53.44,78.95,77.96,77.43,429.22,61.425,62.87,53.46333333333334,116.092,58.45708084106445
2018-11-23,66.21,64.56,62.31,52.26,78.07,76.29,75.89,418.77,57.655,58.88,52.54666666666667,116.4713,135.29591369628906
2018-11-26,63.02,61.54,60.15,50.88,76.87,74.62,74.22,408.42,59.605,60.78,51.63,116.6208,101.25752258300781
2018-11-27,63.2,61.67,60.05,51.63,75.71,73.86,73.46,406.61,59.38,60.58,51.58,116.9001,129.9046173095703
2018-11-28,63.12,61.58,59.92,52.19,76.6,74.77,74.42,405.72,58.355,59.57,50.31,116.8343,100.890380859375
2018-11-29,61.33,59.74,57.83,50.49,74.15,72.17,71.82,381.39,58.55,59.65,51.45,116.1961,96.0164566040039
2018-11-30,62.4,60.94,59.7,52.16,73.93,72.39,72.04,391.75,57.3,58.14,50.93,116.413,142.18678283691406
2018-12-03,65.3,63.71,61.82,54.96,76.07,74.6,74.19,406.98,60.345,61.35,52.98,115.9057,50.19042205810547
2018-12-04,64.45,62.87,61.03,55.23,75.34,74.35,73.94,414.42,61.085,62.12,53.26,116.0028,99.66178131103516
2018-12-05,62.9,61.31,59.4,53.0,73.36,72.34,71.91,397.67,61.255,62.38,52.92,116.0028,103.38850402832031
2018-12-06,63.41,61.84,60.02,52.5,73.02,72.16,71.48,390.74,57.345,58.86,51.49,116.3991,131.27745056152344
2018-12-07,63.26,61.69,59.87,52.3,72.31,71.6,70.77,378.52,61.6,62.87,52.61,116.0847,196.083984375
2018-12-10,64.35,62.78,60.96,53.94,73.96,73.31,72.43,391.13,60.065,60.96,51.0,116.6746,90.9520034790039
2018-12-11,62.11,60.57,58.91,51.78,72.64,71.21,70.38,376.82,59.74,60.91,51.65,116.7564,95.38807678222656
2018-12-12,62.98,61.44,59.78,52.75,72.93,71.62,70.97,379.58,60.23,61.29,51.18,116.2214,85.98194885253906
2018-12-13,62.07,60.53,58.87,52.36,72.74,71.4,70.54,373.85,59.3,60.63,52.58,116.3974,132.15029907226562
2018-12-14,64.66,62.95,60.46,54.25,73.33,72.48,71.59,378.14,59.155,60.34,51.2,116.79,120.08057403564453
2018-12-17,63.82,62.11,59.62,53.48,72.89,71.51,70.62,362.79,58.17,59.65,49.88,116.4532,72.8036880493164
2018-12-18,62.15,60.44,57.95,51.73,70.84,69.8,68.84,348.55,55.475,57.03,46.25,116.4127,72.2216796875
2018-12-19,60.13,58.42,55.93,50.09,68.97,67.96,66.87,334.64,55.83,57.62,47.2,116.0676,62.3332633972168
2018-12-20,59.38,57.67,55.18,49.71,68.88,67.59,66.14,339.09,52.965,54.79,45.64,116.0183,162.69090270996094
2018-12-21,58.35,56.64,54.15,49.53,67.49,66.2,64.58,339.63,51.23,52.81,45.41,116.2227,210.32177734375
2018-12-26,55.03,53.4,51.31,45.86,63.27,62.08,60.3,316.92,51.4075,52.97,46.22,116.1162,63.09653091430664
2018-12-27,57.55,55.98,54.19,48.89,66.43,65.41,63.55,339.36,51.585,53.13,44.61,115.9927,30.22415542602539
2018-12-28,57.56,55.92,53.78,49.28,65.74,64.59,62.61,337.32,50.21,51.29,45.33,115.7232,102.00775909423828
2019-01-02,56.6,54.96,52.82,46.86,64.53,63.6,61.6,327.26,53.85,55.69,46.54,115.7689,189.860595703125
2019-01-03,58.97,57.36,55.36,47.05,66.25,65.67,63.88,336.05,53.235,54.87,47.09,115.4622,9.491598129272461
2019-01-04,62.35,60.68,58.36,49.3,68.58,68.85,66.94,355.71,55.475,56.74,47.96,114.9821,99.0169677734375
2019-01-07,63.93,62.26,59.94,50.46,70.75,71.15,69.22,365.84,57.035,58.28,48.52,114.5628,83.16069793701172
2019-01-08,61.99,60.32,58.0,49.43,70.39,70.78,68.85,361.18,56.94,58.23,49.78,114.7281,67.88048553466797
2019-01-09,62.59,60.97,58.92,50.59,71.8,71.97,70.04,371.35,59.56,60.68,52.36,114.1406,106.42787170410156
2019-01-10,63.51,62.0,60.5,51.78,73.13,73.46,71.53,380.5,60.46,61.41,52.59,114.0496,76.83790588378906
2019-01-11,65.51,63.9,61.88,53.55,74.83,75.4,73.47,386.1,59.465,60.72,51.59,114.0404,101.2398452758789
2019-01-14,63.19,61.65,59.97,52.05,72.64,73.2,71.25,372.59,59.025,60.33,50.51,114.0404,89.27487182617188
2019-01-15,62.39,60.82,58.98,51.47,72.07,72.98,71.03,367.22,58.74,59.96,52.11,114.3402,102.54247283935547
2019-01-16,63.94,62.37,60.53,53.23,72.63,73.76,71.85,376.58,59.925,61.0,52.31,114.137,92.7673568725586
2019-01-17,63.81,62.22,60.26,52.87,72.71,73.93,72.02,377.05,59.85,60.97,52.07,114.4115,160.6356658935547
2019-01-18,63.99,62.58,60.84,53.28,73.44,74.42,72.51,382.32,61.99,62.83,53.8,114.558,112.82587432861328
2019-01-21,64.59,63.15,61.24,53.12,73.63,74.78,73.46,389.23,62.34,62.63,53.185,114.558,70.80297088623047
2019-01-22,63.98,62.54,60.63,52.52,73.4,74.71,73.13,391.61,60.975,61.19,52.57,114.7541,144.76516723632812
2019-01-23,63.15,61.76,59.91,51.81,73.13,74.44,72.74,390.69,60.98,61.18,52.42,114.5759,58.188140869140625
2019-01-24,61.92,60.62,58.68,50.95,72.09,73.6,71.8,387.86,61.115,61.03,52.89,114.617,91.32392120361328
2019-01-25,62.42,61.18,59.53,52.83,72.72,74.47,72.79,388.7,61.495,61.59,53.45,114.0197,91.13523864746094
2019-01-28,61.85,60.61,58.96,52.55,71.76,73.3,71.65,385.77,59.705,59.77,51.99,114.0522,101.14710235595703
2019-01-29,60.73,58.97,57.35,51.67,71.33,72.59,70.94,380.91,61.4,61.45,53.31,114.026,101.45014190673828
2019-01-30,61.65,60.0,58.48,53.9,73.54,74.78,73.16,392.49,62.345,62.33,54.23,114.0731,173.69268798828125
2019-01-31,63.27,61.67,59.68,55.2,74.6,75.24,73.62,397.64,62.195,62.21,53.79,113.5504,148.13967895507812
2019-02-01,62.75,61.1,58.88,54.38,74.02,74.19,72.54,391.4,62.14,62.17,55.26,113.7548,113.57374572753906
2019-02-04,65.87,64.16,61.66,55.5,75.68,75.84,74.11,403.05,62.295,62.47,54.56,113.8766,179.9779815673828
2019-02-05,65.69,64.00333333333333,61.62,54.986666666666665,75.64333333333333,75.83666666666667,74.13333333333334,404.6566666666667,61.695,62.24,53.66,114.0431,106.4093017578125
2019-02-06,65.51,63.84666666666666,61.58,54.473333333333336,75.60666666666667,75.83333333333333,74.15666666666667,406.2633333333333,62.305,62.61,54.01,114.2305,103.09750366210938
2019-02-07,65.33,63.69,61.54,53.96,75.57,75.83,74.18,407.87,60.965,61.34,52.64,114.4339,92.48285675048828
2019-02-08,63.86,62.35,60.85,52.45,75.0,75.14,73.84,403.65,61.96,61.97,52.72,114.5003,62.35421371459961
2019-02-11,65.21,63.66,61.98,53.73,75.42,76.1,74.8,403.38,61.31,61.41,52.41,115.031,96.53187561035156
2019-02-12,64.73,63.17,61.45,54.28,74.83,75.67,74.45,402.58,62.57,62.7,53.1,114.7297,69.21783447265625
2019-02-13,65.76,64.19,62.4,55.02,75.97,76.86,75.73,410.76,63.475,63.84,53.9,114.9407,88.7294921875
2019-02-14,66.99,65.45,63.81,55.89,77.85,78.76,77.7,422.98,63.895,64.2,54.41,115.1007,76.54199981689453
2019-02-15,67.69,66.13,64.39,56.39,78.53,79.45,78.36,416.33,65.785,66.05,55.59,114.9923,145.10621643066406
2019-02-18,70.12,68.54,66.69,58.15,80.57,81.57,80.7,427.84,66.43,66.61,55.84,114.9923,67.14663696289062
2019-02-19,69.8,68.22,66.37,57.95,80.09,81.07,80.38,427.24,65.935,66.11,56.09,114.57,116.57129669189453
2019-02-20,69.27,67.75,66.2,58.26,79.33,80.48,79.89,424.1,66.865,67.04,56.92,114.57,171.33970642089844
2019-02-21,70.4,68.85,67.16,58.73,80.24,81.41,80.76,425.68,66.95,67.11,56.74,114.5091,116.54501342773438
2019-02-22,71.41,69.79,67.76,58.63,80.59,82.05,81.35,426.81,67.065,67.175,57.03,114.2716,69.43730163574219
2019-02-25,71.11,69.5,67.52,58.25,80.52,82.13,81.32,419.76,64.155,64.91,55.33,114.1457,139.0223846435547
2019-02-26,69.02,67.45,65.65,56.53,78.15,80.03,79.23,413.37,64.405,65.37,55.5,114.0687,124.9152603149414
2019-02-27,70.55,68.96,67.06,58.06,79.31,81.25,80.5,420.19,65.375,66.475,56.94,114.0363,160.55812072753906
2019-02-28,70.96,69.37,67.47,58.98,79.76,81.85,81.09,425.32,65.065,66.02,57.22,114.1991,162.6325225830078
2019-03-01,72.19,70.54,68.35,59.32,80.82,82.64,81.86,436.87,63.905,65.22,55.8,114.537,184.49745178222656
2019-03-04,71.07,69.51,67.77,58.02,79.34,81.04,80.12,432.99,64.59,65.97,56.59,114.6925,62.95815658569336
2019-03-05,71.18,69.7,68.38,57.66,79.17,81.09,80.23,431.9,64.4,65.84,56.56,114.804,103.0784912109375
2019-03-06,72.62,71.01,69.65,58.17,79.66,81.05,80.18,430.44,64.265,65.5,56.22,114.9714,81.01388549804688
2019-03-07,75.08,73.33,71.29,58.91,80.21,81.38,80.62,435.31,64.645,65.97,56.66,115.4919,91.09561157226562
2019-03-08,73.66,72.0,70.4,58.0,79.01,80.89,80.12,426.1,63.51,64.81,56.07,115.3599,55.01298904418945
2019-03-11,75.37,73.71,72.11,58.98,79.83,81.57,80.93,433.42,65.215,66.315,56.79,115.2967,44.899261474609375
2019-03-12,75.98,74.32,72.72,59.22,79.79,81.41,80.75,436.42,65.54,66.64,56.87,114.939,101.31523895263672
2019-03-13,75.84,74.18,72.58,59.49,79.45,80.86,80.11,432.93,66.125,67.165,58.26,114.7372,115.2568588256836
2019-03-14,77.81,76.15,74.55,61.16,80.68,81.39,80.68,439.06,66.275,67.28,58.61,114.79,66.66802978515625
2019-03-15,77.02,75.34,73.62,60.85,80.26,81.25,80.67,432.75,66.28,66.93,58.52,114.5815,61.11748123168945
2019-03-18,76.98,75.3,73.58,60.36,79.18,80.4,79.92,430.07,66.86,67.395,59.09,114.4375,79.94129943847656
2019-03-19,78.13,76.45,74.73,61.47,79.51,80.86,80.36,430.89,67.39,67.67,59.03,114.2324,107.43463134765625
2019-03-20,77.94,76.31,74.83,61.58,80.21,81.45,80.95,433.25,68.215,68.385,59.83,114.1509,60.30682373046875
2019-03-21,78.77,77.14,75.65,61.79,81.06,82.11,81.59,430.27,68.11,68.15,59.58,114.1684,88.87377166748047
2019-03-22,78.38,76.76,75.3,61.18,79.79,80.69,80.15,425.52,66.31,66.58,58.94,114.6856,122.84458923339844
2019-03-25,77.47,75.85,74.37,60.43,79.05,79.7,79.16,416.88,67.005,67.26,58.72,114.4171,51.393856048583984
2019-03-26,78.21,76.59,75.09,61.54,80.15,80.69,80.08,423.91,67.73,67.9,59.94,114.6414,88.7294921875
2019-03-27,78.63,77.04,75.69,61.49,80.15,80.71,80.0,425.1,67.68,67.94,59.41,115.1243,80.89817810058594
2019-03-28,77.67,75.5,73.89,60.34,79.39,80.04,79.25,424.2,66.52,67.19,59.3,115.2581,81.34545135498047
2019-03-29,78.42,76.29,74.88,60.76,79.71,80.25,79.46,424.39,67.99,68.25,60.14,115.1371,77.67399597167969
2019-04-01,79.7,77.54,75.99,61.45,80.46,81.08,80.47,428.04,69.18,69.01,61.59,114.9362,65.44586181640625
2019-04-02,79.95,77.7,75.72,61.2,80.3,80.91,80.39,425.69,69.62,69.58,62.58,115.1173,60.65264892578125
2019-04-03,79.5,77.61,76.02,61.64,81.08,81.69,81.21,432.3,69.23,69.27,62.46,114.7211,83.96876525878906
2019-04-04,79.22,77.33,75.74,60.39,79.94,80.66,80.18,427.25,69.74,69.76,62.1,114.9697,72.56913757324219
2019-04-05,79.11,77.2,75.5,60.14,80.05,80.93,80.42,421.0,70.1,70.03,63.08,114.9726,71.19298553466797
2019-04-08,80.81,78.95,77.51,61.82,82.18,83.05,82.54,431.01,71.185,71.05,64.4,114.6893,96.82890319824219
2019-04-09,81.79,79.87,78.11,61.77,82.51,83.39,82.89,435.04,70.82,70.84,63.98,114.5321,167.5431671142578
2019-04-10,82.77,80.8,78.79,62.52,82.07,82.84,82.33,424.27,71.56,71.58,64.61,114.4269,76.34598541259766
2019-04-11,84.31,82.34,80.31,63.18,83.04,84.06,83.44,430.05,71.195,71.43,63.58,114.6303,104.19609832763672
2019-04-12,84.95,82.93,80.66,62.99,82.93,83.92,83.23,432.94,71.585,71.76,63.89,114.3531,103.63340759277344
2019-04-15,84.41,82.37,80.02,62.96,82.58,83.58,82.78,429.37,70.87,71.25,63.4,114.495,56.66912078857422
2019-04-16,82.21,80.79,78.47,62.28,82.28,83.32,82.49,422.67,70.915,71.26,64.05,114.6756,124.46063232421875
2019-04-17,83.4,82.04,80.03,63.45,83.46,84.22,83.65,430.81,71.185,71.93,63.76,114.5141,67.70211029052734
2019-04-18,82.92,81.69,79.52,63.35,82.9,83.59,82.97,429.99,71.0,72.025,64.0,114.7073,54.60276794433594
2019-04-22,84.76,83.54,81.43,65.49,84.62,85.12,84.51,442.17,72.345,73.2775,65.7,114.7694,95.9346694946289
2019-04-23,84.47,83.26,81.19,66.32,84.67,85.43,84.75,439.39,73.69,74.53,66.45,115.1578,156.499267578125
2019-04-24,83.53,82.32,80.25,66.2,84.51,85.49,84.81,443.91,73.735,74.52,65.99,115.4187,88.273193359375
2019-04-25,84.4,83.24,81.42,66.99,85.07,85.59,84.95,459.3,74.31,75.1,65.21,115.7709,99.6260986328125
2019-04-26,83.83,82.65,80.75,66.02,84.28,84.49,83.91,449.8,71.2,71.97,63.3,115.4767,129.5658721923828
2019-04-29,82.12,80.96,79.14,63.82,82.3,82.53,81.91,438.21,71.59,72.05,63.5,115.5227,68.80704498291016
2019-04-30,82.01,80.83,78.92,63.64,82.87,83.24,82.67,445.35,72.45,72.8,63.91,115.3281,49.37431716918945
2019-05-01,81.81,80.64,78.78,62.855,82.96000000000001,83.52,83.00999999999999,441.0,71.915,71.78,63.6,115.0022,61.51911544799805
2019-05-02,81.61,80.45,78.64,62.07,83.05,83.8,83.35,436.65,70.355,70.06,61.81,115.5617,186.33192443847656
2019-05-03,80.0,78.86,77.15,61.06,82.31,83.27,82.94,425.56,71.985,71.46,61.94,115.2646,70.14849090576172
2019-05-06,78.63,77.49,75.78,61.28,81.72,82.89,82.44,420.26,71.4025,70.895,62.25,115.3811,134.9949188232422
2019-05-07,78.35,77.21,75.5,62.31,82.2,83.76,83.33,425.76,70.82,70.33,61.4,115.6116,122.5062026977539
2019-05-08,75.49,74.35,72.64,60.6,81.21,82.42,82.01,419.95,71.075,70.77,62.12,115.5171,56.73699188232422
2019-05-09,75.78,74.59,72.62,60.74,81.41,82.46,82.03,422.03,70.35,69.84,61.7,115.8421,167.1282501220703
2019-05-10,78.57,77.38,75.41,61.15,82.2,83.18,82.62,425.65,71.86,70.96,61.66,115.5334,135.96359252929688
2019-05-13,79.57,78.4,76.52,61.99,82.92,84.24,83.65,426.44,72.33,71.05,61.04,115.915,130.95069885253906
2019-05-14,77.65,76.5,74.7,60.46,81.2,82.61,81.99,410.22,72.65,71.53,61.78,115.9425,248.6771697998047
2019-05-15,78.2,77.05,75.25,61.02,82.37,83.82,83.27,410.67,73.49,72.31,62.02,115.8565,184.76473999023438
2019-05-16,80.18,79.03,77.23,62.54,84.29,85.59,85.01,427.63,74.69,73.42,62.87,116.0346,158.53598022460938
2019-05-17,81.89,80.74,78.94,62.58,85.4,86.18,85.53,434.05,73.82,72.75,62.76,116.448,141.05126953125
2019-05-20,80.89500000000001,79.745,77.945,61.82,84.44,85.445,84.815,432.24,73.2,72.59,63.1,116.3119,102.84115600585938
2019-05-21,79.9,78.75,76.95,61.06,83.48,84.71,84.1,430.43,72.55,72.15,62.99,116.2844,131.1907958984375
2019-05-22,79.62,78.47,76.67,60.19,82.54,84.05,83.45,426.03,71.825,71.08,61.25,116.2412,93.18052673339844
2019-05-23,77.62,76.47,74.67,58.83,81.41,82.83,82.23,414.43,68.49,67.72,57.74,116.2368,102.54247283935547
2019-05-24,76.06,74.84,72.7,56.77,78.71,80.09,79.53,407.44,68.495,67.74,58.46,116.0806,148.69381713867188
2019-05-27,75.19,74.02,72.11,57.08,78.99,80.4,79.84,407.36,69.46000000000001,68.755,58.8,116.0806,43.34200668334961
2019-05-28,75.68,74.52,72.66,58.44,80.83,82.34,81.78,411.68,70.425,69.77,59.14,116.3174,69.45706939697266
2019-05-29,73.34,72.1,69.82,57.44,79.65,80.66,80.01,405.64,69.38,68.82,58.81,116.5535,67.5115737915039
2019-05-30,74.47,73.32,71.47,57.48,79.68,80.42,79.78,409.22,68.16,67.42,56.59,116.3989,120.23086547851562
2019-05-31,69.42,68.35,66.91,53.69,76.62,77.45,76.77,397.66,65.61,64.63,53.5,116.7273,104.56336975097656
2019-06-03,66.02,64.9,63.21,49.68,72.99,73.6,72.98,378.4,63.335,61.52,53.25,116.4764,129.24758911132812
2019-06-04,66.35,65.25,63.65,49.39,72.83,73.27,72.66,379.27,63.705,61.94,53.48,116.091,69.39736938476562
2019-06-05,66.10499999999999,65.005,63.41,48.86,72.275,72.83,72.19999999999999,380.075,62.105,60.47,51.68,116.03,122.38550567626953
2019-06-06,65.86,64.76,63.17,48.33,71.72,72.39,71.74,380.88,62.44,60.86,52.59,115.9771,82.92330169677734
2019-06-07,67.93,66.83,65.24,48.78,72.99,73.66,72.98,397.7,64.535,62.96,53.99,115.7368,69.92227935791016
2019-06-10,68.69,67.59,66.02,49.92,73.54,74.39,73.65,392.61,64.42,63.19,53.26,115.5001,56.934757232666016
2019-06-11,67.92,66.82,65.25,49.74,73.18,73.57,72.86,388.74,64.145,62.79,53.27,115.3794,74.29241943359375
2019-06-12,67.56,66.15,64.1,48.7,72.55,72.99,72.32,375.03,62.355,61.11,51.14,115.438,95.03267669677734
2019-06-13,67.42,66.03,64.06,49.26,73.08,73.42,72.67,370.24,62.865,61.73,52.28,115.6275,114.66580963134766
2019-06-14,67.21,65.82,63.85,49.31,72.99,73.34,72.56,366.97,63.095,62.32,52.51,115.9057,192.6398468017578
2019-06-17,66.76,65.44,63.8,50.42,73.8,74.11,73.32,373.76,62.425,61.89,51.93,115.9684,126.36498260498047
2019-06-18,65.87,64.56,62.97,49.73,72.75,73.12,72.2,366.39,63.075,62.66,53.9,115.8797,157.74131774902344
2019-06-19,67.44,66.13,64.54,51.89,73.79,74.54,73.58,380.02,62.595,62.09,53.76,115.7889,135.55264282226562
2019-06-20,69.26,67.95,66.36,53.62,75.27,76.07,75.15,385.07,64.97,64.29,56.65,114.8046,72.56913757324219
2019-06-21,71.52,70.2,68.56,54.94,76.84,77.57,76.65,391.26,66.025,65.44,57.27,114.8377,125.99950408935547
2019-06-24,72.92,71.5,69.39,55.5,77.61,78.14,77.23,396.84,64.91,64.38,57.73,114.6559,171.24745178222656
2019-06-25,70.93,69.56,67.68,54.33,76.7,77.11,76.26,397.0,65.97,65.53,57.58,114.6363,82.01680755615234
2019-06-26,72.19,70.92,69.55,55.65,78.17,78.63,77.78,398.89,66.685,66.43,59.38,114.5608,123.7572021484375
2019-06-27,72.34,71.1,69.89,56.49,78.58,78.99,78.14,410.09,66.1,66.25,59.43,114.665,134.94033813476562
2019-06-28,73.28,71.65,70.15,55.62,78.33,78.5,77.65,414.75,66.145,66.81,58.47,114.5821,153.90248107910156
2019-07-01,75.13,73.45,71.7,56.76,79.72,80.01,79.25,425.41,64.93,65.01,59.09,114.7239,112.51927947998047
2019-07-02,73.33,71.73,70.37,55.31,78.38,78.7,78.09,407.64,62.685,63.07,56.25,114.8258,138.2222442626953
2019-07-03,72.08,70.36,68.4,53.52,75.79,75.87,75.23,403.04,63.27,63.26,57.34,114.8135,66.82413482666016
2019-07-04,73.9,72.16,70.08,55.08,76.5,76.49,75.87,415.99,63.725,63.635,57.446666666666665,114.8135,105.83283996582031
2019-07-05,74.63,72.82,70.37,54.82,76.18,76.09,75.56,417.42,64.37,64.13,57.553333333333335,115.1132,98.34883880615234
2019-07-08,75.51,73.7,71.25,56.24,77.25,77.47,77.07,423.82,65.065,64.79,57.66,115.0254,53.5069694519043
2019-07-09,74.86,73.0,70.32,55.58,76.6,76.87,76.35,426.0,64.285,64.13,57.83,115.1017,96.6531753540039
2019-07-10,77.04,75.18,72.5,57.08,78.74,78.8,78.25,444.55,66.655,66.25,60.43,115.0879,100.7791748046875
2019-07-11,80.19,78.33,75.65,58.96,81.87,81.74,81.19,480.76,67.345,66.96,60.2,114.8361,119.67986297607422
2019-07-12,80.44,78.6,76.01,58.2,80.79,80.97,80.35,459.72,67.09,66.76,60.21,114.7685,107.3701400756836
2019-07-15,79.13,77.25,74.45,57.49,80.11,80.47,79.88,436.05,66.83,66.76,59.58,114.6819,31.055322647094727
2019-07-16,78.24,76.4,73.8,56.49,79.27,79.97,79.33,424.81,66.02,66.61,57.62,115.0111,76.37043762207031
2019-07-17,76.85,75.01,72.41,55.33,78.05,78.81,78.06,432.7,63.86,64.14,56.78,114.8819,147.22523498535156
2019-07-18,76.22,74.22,71.39,54.56,77.08,77.79,76.95,431.02,61.065,61.8,55.3,114.8744,102.68067169189453
2019-07-19,76.09,73.93,71.11,54.11,77.2,77.79,76.92,434.55,61.265,62.12,55.63,114.8695,48.779441833496094
2019-07-22,76.19,74.03,71.21,54.99,78.65,79.41,78.51,435.88,62.71,63.1,56.22,115.0018,193.0157470703125
2019-07-23,73.79,71.63,68.81,54.15,77.64,78.32,77.44,418.76,62.75,63.15,56.64,115.2995,139.26712036132812
2019-07-24,73.62,71.43,68.48,54.82,78.93,79.5,78.68,419.82,63.915,64.27,55.68,115.2436,99.51920318603516
2019-07-25,73.86,71.67,68.72,54.3,78.49,79.03,78.31,426.82,63.425,63.87,55.82,115.2982,74.43972778320312
2019-07-26,74.44,72.2,68.98,54.47,78.27,78.7,77.82,430.64,62.28,63.17,56.2,115.5449,137.65362548828125
2019-07-29,73.96,71.74,68.64,54.17,78.16,78.56,77.67,422.08,62.455,63.48,56.87,115.5885,137.6140899658203
2019-07-30,74.91,72.72,69.77,55.18,79.29,79.73,78.81,425.46,63.05,64.12,58.05,115.6211,152.35845947265625
2019-07-31,75.74,73.31,70.79,56.21,80.52,81.01,80.08,442.13,63.91,64.9,58.58,115.4946,89.65638732910156
2019-08-01,74.66,72.26,69.9,55.68,79.32,79.88,79.0,434.48,62.55,63.5,53.95,116.0499,107.72577667236328
2019-08-02,72.15,69.11,67.12,53.33,75.98,76.81,75.95,396.36,61.25,62.14,55.66,116.1864,110.98809051513672
2019-08-05,71.05,69.61,67.04,52.26,75.11,75.91,75.05,387.82,59.52,60.39,54.69,116.5851,103.51773834228516
2019-08-06,71.42,69.79,66.28,50.72,74.27,74.96,74.15,374.39,58.795,59.84,53.63,116.6904,270.9353332519531
2019-08-07,71.3,70.37,66.47,49.58,73.37,74.04,73.29,345.79,55.245,56.24,51.09,116.7987,106.0021743774414
2019-08-08,69.71,68.78,64.88,48.36,71.74,72.66,71.86,324.98,56.515,57.48,52.54,116.474,144.63323974609375
2019-08-09,70.05666666666666,69.12666666666667,65.22666666666666,48.586666666666666,72.25333333333333,73.32,72.48,322.84000000000003,57.615,58.53,54.5,116.4419,105.86102294921875
2019-08-12,70.40333333333334,69.47333333333333,65.57333333333334,48.81333333333333,72.76666666666667,73.98,73.1,320.7,57.45,58.3,54.93,116.7548,151.52122497558594
2019-08-13,70.75,69.82,65.92,49.04,73.28,74.64,73.72,318.56,60.27,60.94,57.1,116.7267,40.672725677490234
2019-08-14,72.2,71.43,68.15,51.07,75.69,76.88,75.95,335.82,57.955,58.7,55.23,117.0913,105.77139282226562
2019-08-15,71.45,70.6,66.93,50.0,74.37,75.82,74.78,314.3,57.625,58.37,54.47,117.2239,96.88568878173828
2019-08-16,71.29,70.36,66.37,49.75,74.02,75.06,73.82,325.55,58.225,58.68,54.87,117.0786,104.6073989868164
2019-08-19,69.51,68.78,65.22,49.98,74.07,75.1,73.85,332.39,59.115,59.41,56.21,117.3886,127.8534927368164
2019-08-20,70.3,69.57,66.01,50.5,74.48,75.35,74.07,331.8,59.275,59.41,56.34,117.3726,76.67980194091797
2019-08-21,71.76,71.23,67.39,50.82,75.04,75.47,74.18,336.09,60.64,60.8,55.65,117.1764,114.39083099365234
2019-08-22,73.03,71.02,66.94,51.07,75.4,75.77,74.57,351.43,59.6,59.88,55.32,117.3558,147.9677276611328
2019-08-23,71.26,69.54,66.05,50.37,74.2,74.62,73.37,350.38,58.745,59.04,54.1,117.3009,96.78153228759766
2019-08-26,70.57,68.82,65.28,49.76,73.67,74.14,73.04,353.11,58.5575,58.895,53.64,117.6658,121.19149780273438
2019-08-27,70.13,68.54,64.91,48.73,73.14,73.63,72.58,362.89,58.37,58.75,54.93,117.75,178.0950469970703
2019-08-28,71.52,69.92,66.25,49.67,74.2,74.79,73.67,380.85,60.455,60.66,55.78,117.8767,83.47319030761719
2019-08-29,72.44,70.85,67.22,50.14,74.99,75.8,74.63,361.31,60.51,60.67,56.71,118.0625,76.37043762207031
2019-08-30,72.33,70.75,67.19,50.0,75.4,76.15,75.02,366.72,59.17,59.31,55.1,118.1575,45.77669143676758
2019-09-02,69.96,68.38,64.81,48.69,73.53,74.23,73.14,338.91,58.56,58.2,54.52,118.1575,118.91268920898438
2019-09-03,67.65,66.09,62.63,48.05,72.31,73.11,72.09,332.71,58.05,57.8,53.94,118.3113,83.72998809814453
2019-09-04,68.14,66.54,63.26,48.74,73.04,73.77,72.83,341.16,60.74,60.5,56.26,117.6729,89.6500015258789
2019-09-05,69.84,68.54,65.37,50.51,75.21,75.89,74.9,345.49,62.61,62.17,56.3,117.4776,81.01388549804688
2019-09-06,70.98,70.07,66.68,51.31,75.42,75.89,74.86,378.22,61.325,60.69,56.52,117.1292,81.73868560791016
2019-09-09,72.33,71.34,67.56,52.25,76.57,76.71,75.68,368.27,63.86,62.87,57.85,117.0601,72.8570556640625
2019-09-10,73.55,72.5,68.4,53.04,77.81,77.8,76.91,382.14,64.575,63.66,57.4,117.0887,104.88341522216797
2019-09-11,75.61,74.54,69.89,53.04,78.05,78.26,77.34,362.88,63.07,62.24,55.75,117.3125,98.7486343383789
2019-09-12,74.55,73.5,68.95,51.51,76.55,76.83,75.98,391.98,60.82,60.09,55.09,116.8375,79.50162506103516
2019-09-13,74.26,73.09,67.94,50.68,74.92,74.96,74.12,421.97,61.09,60.36,54.85,116.7677,70.56848907470703
2019-09-16,80.91,79.69,74.32,56.59,80.4,80.55,79.87,449.73,68.195,67.93,62.9,117.0251,178.9195556640625
2019-09-17,85.99,84.57,78.33,63.31,85.17,84.27,83.78,522.14,65.685,65.65,59.34,116.9826,253.3421173095703
2019-09-18,80.47,79.04,72.76,58.05,80.21,79.88,78.96,466.08,64.25,64.25,58.11,116.9766,115.36304473876953
2019-09-19,82.03,80.45,73.49,56.72,79.92,80.14,79.13,430.76,64.495,64.47,58.13,117.0861,157.13462829589844
2019-09-20,83.93,82.24,74.8,57.84,81.26,81.39,80.35,460.23,64.6,65.02,58.09,117.1819,126.9625244140625
2019-09-23,81.4,79.71,72.27,56.47,80.14,80.69,79.64,419.52,64.31,64.43,58.64,117.2986,52.5804443359375
2019-09-24,82.5,80.51,71.76,56.18,79.6,80.27,79.3,389.08,64.03,63.87,57.17,117.2227,103.2372055053711
2019-09-25,79.71,77.72,68.97,54.35,77.63,78.23,77.33,408.52,62.285,62.17,56.32,117.6527,124.11428833007812
2019-09-26,78.02,72.25,68.67,55.27,78.2,78.68,77.72,414.94,62.145,61.7,56.41,117.7267,70.6681137084961
2019-09-27,78.43,74.83,69.95,56.4,78.71,79.22,78.34,395.85,62.575,62.35,55.91,117.7218,88.05559539794922
2019-09-30,76.72,73.27,68.71,55.63,77.82,78.36,77.5,353.35,60.91,60.75,54.09,117.9461,95.55484008789062
2019-10-01,75.58,72.02,68.19,55.52,77.16,77.96,76.91,338.57,59.955,59.36,53.62,117.9595,90.13789367675781
2019-10-02,74.23,73.0,67.88,55.74,76.32,77.27,76.14,330.36,58.05,57.54,52.64,117.9671,69.64662170410156
2019-10-03,74.86,73.47,67.55,54.16,74.47,75.56,74.15,325.83,57.81,57.31,52.45,117.6608,46.477352142333984
2019-10-04,76.63,75.18,69.35,54.4,75.06,76.1,74.7,313.36,58.875,58.49,52.81,117.5288,111.27488708496094
2019-10-07,78.54,76.77,69.32,54.47,75.14,76.31,74.81,286.5,60.0,59.41,52.75,117.5533,52.96256637573242
2019-10-08,79.92,77.24,69.22,54.61,74.83,76.47,74.85,274.52,58.39,57.97,52.63,117.7407,118.77732849121094
2019-10-09,81.4,78.32,68.67,55.04,74.55,76.53,74.92,276.13,59.765,59.26,52.59,117.6835,82.47056579589844
2019-10-10,80.73,76.31,68.25,56.86,74.69,77.12,75.38,293.07,59.095,58.66,53.55,117.2801,165.16957092285156
2019-10-11,80.56,77.33,70.04,59.86,76.89,79.34,77.56,318.19,60.915,60.5,54.7,116.8239,204.3184814453125
2019-10-14,78.52,76.29,69.36,59.73,75.89,78.1,76.18,292.14,59.09,58.91,53.59,116.8239,118.4822998046875
2019-10-15,77.95,75.72,68.79,58.66,74.02,76.58,74.44,287.13,59.42,59.32,52.81,116.8111,108.06958770751953
2019-10-16,76.7,75.22,68.39,57.66,74.64,76.99,74.84,289.03,59.45,59.35,53.36,116.6425,193.50186157226562
2019-10-17,75.77,74.28,67.91,56.92,74.78,77.0,75.22,297.96,58.98,58.98,53.93,116.2615,114.77235412597656
2019-10-18,74.45,73.33,67.89,56.92,75.01,77.07,75.54,300.0,59.765,59.57,53.78,116.1344,106.58197021484375
2019-10-21,74.41,73.29,67.85,55.95,74.58,76.89,75.32,299.07,58.855,58.63,53.31,116.0436,93.44337463378906
2019-10-22,73.06,71.92,66.37,56.64,74.34,76.53,75.08,295.32,60.325,60.19,54.16,115.9851,54.304386138916016
2019-10-23,72.71,71.58,66.08,57.22,74.72,76.64,75.27,300.4,60.43,60.3,55.82,116.0586,97.05612182617188
2019-10-24,73.86,72.75,67.36,57.94,76.09,77.75,76.38,313.54,61.59,61.5,56.06,116.1278,116.30601501464844
2019-10-25,73.4,72.59,68.71,57.79,76.92,78.79,77.56,307.61,61.88,61.9,56.49,116.0774,140.87469482421875
2019-10-28,72.47,71.695,67.97999999999999,57.705,76.38,78.215,77.015,303.20500000000004,60.525,61.29,55.81,116.0222,98.2957763671875
2019-10-29,71.54,70.8,67.25,57.62,75.84,77.64,76.47,298.8,61.095,61.79,55.54,115.9797,95.01498413085938
2019-10-30,72.01,71.27,67.72,57.95,75.96,77.23,76.16,299.92,60.105,60.77,55.06,116.1636,113.28890991210938
2019-10-31,70.45,69.85,67.01,58.31,75.68,76.62,75.55,305.42,59.22,59.86,54.18,115.9125,83.14237976074219
2019-11-01,71.74,70.84,66.54,57.37,73.63,75.4,74.12,299.86,60.34,60.55,56.2,115.7312,100.65813446044922
2019-11-04,75.32,74.13,68.38,59.27,75.7,77.59,76.46,307.25,62.515,62.79,56.54,115.8624,59.24114990234375
2019-11-05,76.79,75.6,69.85,58.85,76.17,77.76,76.74,300.29,62.665,62.84,57.23,116.1138,77.9427719116211
2019-11-06,77.22,76.03,70.28,57.71,75.97,77.28,76.33,295.37,62.1,62.23,56.35,116.1004,85.79312133789062
2019-11-07,77.99,76.68,71.03,56.46,75.21,76.48,75.54,278.17,62.53,62.6,57.15,116.1172,63.615840911865234
2019-11-08,79.19,77.77,71.67,57.05,74.42,75.3,74.36,261.67,61.67,61.77,57.24,116.3436,98.94168853759766
2019-11-11,80.04,78.58,72.31,57.22,74.31,75.3,74.46,246.57,62.345,62.4,56.86,116.3436,92.58729553222656
2019-11-12,81.1,79.47,72.98,57.84,74.75,75.75,74.87,240.78,62.31,62.45,56.8,116.5837,62.41069412231445
2019-11-13,80.23,78.6,72.12,57.23,73.6,74.47,73.63,220.0,62.22,62.3,57.12,116.8397,160.1495819091797
2019-11-14,80.33,76.99,72.13,59.03,74.78,76.04,75.26,211.59,62.4,62.52,56.77,116.8022,85.79312133789062
2019-11-15,78.64,76.48,72.27,59.12,75.05,76.34,75.63,226.74,63.185,63.22,57.72,116.4401,75.07235717773438
2019-11-18,79.47,77.18,71.85,59.46,75.78,76.83,76.19,240.78,62.405,62.11,57.05,116.3625,109.09654235839844
2019-11-19,78.89,76.7,71.47,58.77,73.75,74.71,74.13,228.08,62.025,61.53,55.21,116.5391,61.16957092285156
2019-11-20,76.96,74.96,69.82,57.83,72.24,73.0,72.44,223.63,63.51,62.6,57.11,116.828,101.92516326904297
2019-11-21,77.56,75.76,71.61,59.43,73.65,74.3,73.74,235.4,64.415,63.43,58.63,116.7435,62.8968505859375
2019-11-22,78.41,76.61,72.46,61.29,75.26,76.3,75.75,241.28,64.365,63.38,57.69,116.9137,64.28498840332031
2019-11-25,77.97,76.17,72.02,61.43,75.12,76.09,75.58,240.01,64.575,63.5,57.94,117.0098,36.63187026977539
2019-11-26,76.86,75.27,72.15,62.18,75.24,76.36,75.8,236.71,65.01,63.93,58.41,117.0513,70.48016357421875
2019-11-27,77.61,76.04,73.01,63.56,76.09,77.37,76.9,241.35,64.975,63.86,58.11,117.1273,93.24922180175781
2019-11-28,76.44,74.77,71.24,63.28,75.62,76.67,76.29,238.21,64.795,63.4,57.39333333333333,117.1273,38.01306915283203
2019-11-29,78.37,76.62,72.71,64.44,76.11,77.0,76.62,227.38,62.98,61.44,56.67666666666667,117.1204,108.37702941894531
2019-12-02,76.07,74.08,70.17,62.43,73.77,75.16,74.49,214.64,63.575,61.72,55.96,116.9647,77.88168334960938
2019-12-03,75.44,73.45,69.54,61.83,73.75,75.35,74.53,225.13,63.3,61.22,56.1,116.8898,85.84397888183594
2019-12-04,76.43,74.25,69.39,60.91,73.85,75.72,74.5,233.71,65.41,62.92,58.43,116.692,47.662845611572266
2019-12-05,77.3,75.3,71.32,62.68,74.89,76.87,75.67,240.39,66.11,63.74,58.43,116.3838,103.14582061767578
2019-12-06,78.06,76.13,72.52,62.83,75.46,78.34,77.17,250.12,66.895,64.33,59.2,116.5381,88.65753173828125
2019-12-09,77.19,75.54,71.93,64.19,75.77,77.91,76.92,258.57,66.875,64.5,59.02,116.3283,82.81419372558594
2019-12-10,76.25,74.64,70.72,64.41,75.64,76.78,76.02,262.68,66.56,64.56,59.24,116.2542,76.30575561523438
2019-12-11,76.08,74.52,70.85,64.15,76.32,77.18,76.42,279.54,65.445,63.35,58.76,116.1478,97.42845916748047
2019-12-12,74.2,73.38,69.88,64.4,76.12,76.92,76.16,277.05,66.84,64.54,59.18,115.8741,97.68965911865234
2019-12-13,74.61,73.79,70.29,64.47,77.55,78.21,77.25,276.48,67.69,65.09,60.07,115.6967,99.6260986328125
2019-12-16,74.55,73.73,70.23,65.11,78.75,79.55,78.59,275.93,67.955,65.71,60.21,115.555,94.9302978515625
2019-12-17,74.42,73.4,69.9,64.5,78.95,80.46,79.36,276.68,68.36,66.23,60.94,115.5553,82.32990264892578
2019-12-18,73.98,73.18,70.15,63.42,79.71,81.06,79.82,285.89,68.565,66.09,60.93,115.6618,119.12415313720703
2019-12-19,74.58,73.78,70.75,62.54,79.26,80.6,79.37,289.23,68.47,66.8,61.22,115.5988,69.01182556152344
2019-12-20,76.18,75.36,72.23,62.99,80.35,81.53,80.29,316.66,67.475,66.16,60.39,115.7598,49.50848388671875
2019-12-23,76.01,75.11,71.65,62.23,79.39,80.5,79.38,303.13,67.835,66.34,60.52,115.8059,34.808067321777344
2019-12-24,77.13,76.24,72.84,63.62,79.9,80.93,80.05,296.0,68.63,67.1,61.11,115.8059,58.21735763549805
2019-12-26,77.33,76.44,73.04,64.02,80.47,82.0,81.0,289.05,68.9975,67.65,61.68,115.634,44.167572021484375
2019-12-27,78.36,77.47,74.07,65.1,80.96,82.91,81.93,306.23,69.365,68.2,61.72,115.22,111.91106414794922
2019-12-30,76.97,76.2,73.4,63.87,80.96,82.95,81.97,307.42,68.37,67.94,61.68,114.9631,128.64340209960938
2019-12-31,75.52,74.81,72.29,63.01,80.68,82.39,81.45,302.53,66.765,67.08,61.06,114.669,165.35279846191406
2020-01-02,74.35,73.69,71.42,62.94,80.28,81.59,80.62,311.72,66.09,65.84,61.18,114.9745,163.1806640625
2020-01-03,76.83,76.14,73.7,64.25,82.27,83.51,82.82,335.83,68.34,67.96,63.05,114.9867,80.7943344116211
2020-01-06,78.4,77.66,74.97,63.75,82.7,83.86,83.34,354.1,69.96,68.96,63.27,114.9557,251.98611450195312
2020-01-07,76.99,75.81,73.5,63.02,80.45,81.84,81.38,351.74,68.785,68.06,62.7,115.1477,413.4556884765625
2020-01-08,76.13,74.99,72.9,63.53,81.41,83.0,82.53,366.78,67.51,66.75,59.61,115.1328,180.6054229736328
2020-01-09,73.38,72.18,69.79,61.39,78.24,80.2,79.72,357.83,66.385,65.54,59.56,115.2331,394.46002197265625
2020-01-10,74.64,73.42,70.93,61.31,77.35,79.1,78.55,346.81,66.425,65.57,59.04,115.0677,167.3013916015625
2020-01-13,74.27,73.06,70.6,61.89,76.8,78.44,77.89,349.91,64.155,64.15,58.08,115.0342,152.72569274902344
2020-01-14,73.38,72.2,69.88,61.98,75.23,76.45,75.95,333.3,64.535,64.82,58.23,115.0239,131.77566528320312
2020-01-15,72.47,71.36,69.4,62.38,75.56,76.33,75.79,323.52,63.43,63.925,57.81,114.9528,153.5319366455078
2020-01-16,72.08,70.95,68.9,62.21,75.08,75.56,75.14,322.9,64.35,64.87,58.52,115.0006,145.94757080078125
2020-01-17,72.69,71.6,69.73,62.53,75.55,75.77,75.43,322.01,63.915,64.59,58.54,115.0656,129.82249450683594
2020-01-20,73.4,71.94,69.96,62.23,76.43,76.69,76.32,333.39,64.42,65.18,58.44,115.0656,119.11630249023438
2020-01-21,71.7,70.3,68.63,60.81,75.21,75.87,75.5,325.09,63.92,64.72,58.34,115.1876,119.32880401611328
2020-01-22,72.11,71.11,69.04,60.79,74.21,75.31,74.99,322.47,62.3,63.27,56.64,115.2273,77.99105834960938
2020-01-23,70.17,69.17,67.1,58.46,72.78,73.69,73.37,331.2,61.265,61.85,55.5,115.5545,93.07342529296875
2020-01-24,70.43,69.41,67.24,58.46,73.03,73.69,73.37,333.06,59.83,60.59,54.1,115.5556,51.961849212646484
2020-01-27,67.785,66.77,64.63,56.855,70.245,71.02,70.67500000000001,315.42,58.35,59.1,53.14,115.8004,72.01234436035156
2020-01-28,65.14,64.13,62.02,55.25,67.46,68.35,67.98,297.78,59.275,59.97,53.48,115.7239,99.59353637695312
2020-01-29,67.14,66.13,64.04,57.39,69.65,70.39,70.1,309.45,59.43,60.06,53.33,115.7003,47.01708984375
2020-01-30,66.16,65.19,63.29,57.01,66.66,68.33,68.04,302.44,57.765,58.82,52.14,115.8077,188.068359375
2020-01-31,67.26,66.27,64.28,56.78,66.68,68.43,68.14,294.64,56.67,57.94,51.56,115.7345,73.97793579101562
2020-02-03,65.26,64.35,62.74,54.13,63.43,66.94,66.11,272.76,53.52,54.87,50.11,116.1172,107.51765441894531
2020-02-04,64.94,64.07,62.26,53.06,62.96,66.65,65.48,287.65,53.6,55.01,49.61,115.9291,143.60842895507812
2020-02-05,63.61,62.74,60.91,52.05,62.71,65.76,64.66,288.95,54.86,56.09,50.75,116.009,68.34733581542969
2020-02-06,65.76,64.89,63.06,53.88,65.34,68.25,67.18,289.57,53.97,55.16,50.95,116.1518,90.6311264038086
2020-02-07,65.95,65.12,63.51,53.02,64.53,67.92,66.89,281.69,53.975,55.11,50.32,116.5086,78.96466064453125
2020-02-10,66.3,65.41,63.51,53.05,62.94,66.0,64.89,284.01,53.115,53.71,49.57,116.5711,24.757606506347656
2020-02-11,66.2,65.28,63.25,53.35,62.95,66.26,64.87,293.0,53.74,54.17,49.94,116.3585,90.26069641113281
2020-02-12,66.24,65.39,63.7,54.05,64.44,67.53,66.06,297.15,55.65,55.78,51.17,116.2794,62.03310012817383
2020-02-13,66.61,65.74,63.95,53.84,64.17,67.65,66.06,303.95,56.17,56.23,51.42,116.3999,58.852725982666016
2020-02-14,66.58,65.69,63.81,53.4,64.56,68.02,66.43,306.19,56.96,57.18,52.05,116.4223,89.18451690673828
2020-02-17,67.36,66.43,64.36,53.03,64.84,67.83,66.3,310.04,57.72,57.33,52.05,116.4223,84.64823913574219
2020-02-18,65.98,65.05,62.98,51.85,64.1,66.94,65.45,301.5,57.31,57.09,52.05,116.6039,83.42762756347656
2020-02-19,67.88,66.95,64.88,53.51,64.64,67.45,66.08,310.1,59.61,59.35,53.29,116.7829,54.75318145751953
2020-02-20,69.06,68.09,65.82,54.24,65.51,68.46,67.15,313.51,60.215,59.71,53.78,117.2454,111.30940246582031
2020-02-21,67.49,66.59,64.65,53.82,64.73,67.38,66.13,315.74,58.565,58.14,53.31,117.0473,103.92369842529297
2020-02-24,65.59,64.69,62.75,51.52,63.21,65.62,64.31,303.6,55.975,55.67,51.35,117.4018,80.91768646240234
2020-02-25,65.84,65.01,63.4,51.53,62.86,64.86,63.63,309.73,56.17,55.75,49.82,117.2425,115.451416015625
2020-02-26,62.86,61.97,60.04,49.08,60.06,62.22,60.97,294.69,54.945,54.725,48.73,117.405,102.60165405273438
2020-02-27,59.65,58.76,56.83,47.35,56.71,58.95,57.51,282.28,52.265,51.79,47.09,117.3678,63.96682357788086
2020-02-28,57.68,56.8,54.93,46.6,56.15,58.67,57.31,279.66,50.49,49.94,44.76,117.6568,55.13877487182617
2020-03-02,58.54,57.66,55.79,47.79,57.79,60.64,59.44,291.8,51.675,51.63,46.75,116.8144,106.23394775390625
2020-03-03,60.13,59.25,57.36,49.1,58.43,61.18,60.04,275.64,52.11,52.13,47.18,116.4958,123.0382308959961
2020-03-04,59.17,58.29,56.4,45.58,57.24,59.92,58.91,267.08,51.72,51.83,46.78,116.7802,144.92483520507812
2020-03-05,59.53,58.67,56.87,45.71,57.44,59.96,58.9,274.11,51.505,51.41,45.9,116.7901,79.18489074707031
2020-03-06,57.52,56.66,54.84,43.69,55.06,57.72,56.68,259.02,45.51,45.56,41.28,116.7106,51.327030181884766
2020-03-09,45.57,44.63,42.65,32.15,43.49,46.12,45.12,188.06,35.45,36.41,31.13,117.1871,72.8036880493164
2020-03-10,46.74,45.15,43.73,33.77,45.33,48.06,46.89,199.37,35.565,36.76,34.36,117.9027,71.64586639404297
2020-03-11,46.09,44.16,42.53,34.0,45.89,49.06,47.85,193.21,34.875,36.22,32.98,118.2505,90.98188018798828
2020-03-12,42.72,40.83,39.4,32.15,40.99,44.85,43.77,178.35,30.805,32.76,31.5,120.4883,74.83802795410156
2020-03-13,39.97,38.2,37.35,32.49,42.34,45.85,44.75,199.32,31.845,33.46,31.73,120.4388,68.06645965576172
2020-03-16,33.87,32.1,31.25,27.73,36.6,41.19,40.24,185.95,27.945,29.95,28.7,120.9352,34.45463943481445
2020-03-17,32.6,30.83,29.98,27.78,35.82,41.14,40.13,184.72,27.8,29.69,26.95,122.4816,99.09390258789062
2020-03-18,30.55,28.7,27.47,25.05,31.62,38.72,37.71,173.5,22.99,25.26,20.37,124.1623,87.61199188232422
2020-03-19,25.64,24.62,23.07,23.42,28.92,36.94,35.88,161.62,24.12,26.79,25.22,125.0587,89.16736602783203
2020-03-20,30.11,29.21,28.26,26.0,33.21,41.48,40.61,190.15,25.38,27.94,22.43,124.9362,57.803192138671875
2020-03-23,23.2,22.33,21.53,19.86,25.35,37.08,36.21,170.98,22.195,25.24,20.36,126.1262,121.19149780273438
2020-03-24,23.69,22.82,22.02,19.36,27.83,39.48,38.61,170.98,24.595,27.4,20.76,125.5001,191.0130157470703
2020-03-25,22.47,21.6,20.8,21.34,30.04,39.61,38.74,168.56,24.04,26.68,17.99,124.7916,53.35679244995117
2020-03-26,22.77,21.9,21.1,21.85,28.04,37.91,37.04,170.82,23.55,26.79,22.6,122.4308,56.70586395263672
2020-03-27,23.44,22.57,21.77,19.83,28.28,38.0,37.31,168.29,21.1,24.2,21.51,122.4007,52.12910461425781
2020-03-30,20.69,19.82,19.02,18.66,28.05,37.95,37.07,159.79,17.79,21.85,20.09,123.2883,103.51773834228516
2020-03-31,22.71,21.84,21.04,18.69,27.27,37.6,36.3,163.6,17.675,22.01,20.48,122.5301,89.26080322265625
2020-04-01,19.68,18.81,18.01,15.54,24.28,35.07,32.89,157.23,15.135,24.59,20.31,123.7933,65.59539794921875
2020-04-02,22.27,21.41,20.65,16.69,24.56,34.82,31.82,165.92,19.125,28.15,25.32,123.5916,47.594364166259766
2020-04-03,23.3,22.46,21.97,19.76,25.44,35.95,32.62,169.21,23.67,32.58,28.34,124.4152,84.5761947631836
2020-04-06,23.85,23.01,22.52,19.51,26.93,37.52,34.01,185.51,22.475,31.97,26.08,124.16,99.32736206054688
2020-04-07,24.3,23.46,22.97,18.65,25.73,37.13,33.97,191.22,22.97,32.99,23.63,123.0956,106.52973937988281
2020-04-08,20.65,19.81,19.32,16.83,24.91,36.23,33.09,190.62,22.32,32.03,25.09,123.2216,78.2134017944336
2020-04-09,21.62,20.78,20.29,17.58,24.18,35.79,33.28,183.34,23.73,32.93,22.76,122.476,60.910011291503906
2020-04-13,18.3,17.46,16.97,17.44,22.58,33.32,30.45,172.71,22.192500000000003,31.48,22.41,122.5203,88.7790298461914
2020-04-14,19.57,18.73,18.24,17.58,24.67,33.6,30.93,169.8,20.655,30.03,20.11,122.1121,91.17159271240234
2020-04-15,21.13,20.15,18.94,17.43,22.94,31.47,28.55,147.95,18.075,27.25,19.87,123.0752,89.52886199951172
2020-04-16,23.02,22.04,20.83,17.69,23.49,32.91,29.83,147.11,18.855,27.44,19.87,123.4615,48.45511245727539
2020-04-17,22.48,21.5,20.28,18.13,24.82,33.5,30.87,148.08,20.14,27.98,18.27,122.871,73.5105209350586
2020-04-20,24.01,23.0,21.62,19.08,23.91,32.76,30.3,139.94,19.095,26.21,-37.63,123.1033,25.87943458557129
2020-04-21,18.88,17.85,16.37,17.05,16.8,26.95,24.32,124.26,13.24,19.67,10.01,123.9116,54.08273696899414
2020-04-22,17.15,16.12,14.64,15.51,13.06,22.92,20.75,105.89,14.21,20.24,11.78,123.9256,137.26109313964844
2020-04-23,22.36,21.3,19.66,20.1,17.76,27.4,25.23,120.92,16.295,22.26,15.7,123.7542,100.93696594238281
2020-04-24,19.3,18.24,16.6,17.05,16.61,26.19,23.96,118.3,16.01,21.4,16.29,124.1615,45.83427047729492
2020-04-27,21.74,20.69,19.1,16.49,15.72,25.67,23.44,120.9,13.615,19.15,12.78,123.8843,49.002479553222656
2020-04-28,19.95,18.9,17.31,13.6,13.97,23.91,21.68,114.76,14.675,20.01,12.34,123.3693,95.68627166748047
2020-04-29,22.29,21.24,19.65,14.32,15.67,26.41,24.03,111.23,16.945,22.53,15.06,122.7782,79.46189880371094
2020-04-30,24.97,23.92,22.33,17.35,18.37,30.23,27.69,124.89,19.67,25.42,18.84,122.327,56.9495849609375
2020-05-01,24.46,23.41,21.82,16.5,17.310000000000002,29.77,27.345,121.82,19.36,26.25,19.78,123.1492,60.41156768798828
2020-05-04,23.95,22.9,21.31,15.65,16.25,29.31,27.0,118.75,19.32,26.19,20.39,123.2117,59.59642028808594
2020-05-05,27.81,26.75,25.09,20.44,18.37,32.43,30.12,142.25,23.835,29.91,24.56,122.803,41.63842010498047
2020-05-06,30.63,29.46,27.23,22.44,22.08,33.25,30.81,155.99,23.02,29.13,23.99,123.609,80.7943344116211
2020-05-07,31.035,29.855,27.575000000000003,22.415,21.685,32.595,30.16,151.75,25.095,30.89,23.55,123.1249,56.14521408081055
2020-05-08,31.44,30.25,27.92,22.39,21.29,31.94,29.51,147.51,25.28,30.35,24.74,122.5379,70.48016357421875
2020-05-11,33.39,32.2,29.87,22.75,26.89,33.63,31.2,146.24,25.465,29.81,24.14,123.2333,37.912078857421875
2020-05-12,33.55,32.2,29.07,22.24,24.86,32.94,30.51,140.58,26.445,29.94,25.78,123.0592,39.43532943725586
2020-05-13,31.66,30.35,27.44,22.3,23.68,31.98,29.61,146.56,28.0,29.76,25.29,123.5408,59.53266525268555
2020-05-14,32.99,31.68,28.77,21.76,26.21,33.08,30.72,154.77,28.335,29.99,27.56,123.6429,82.12977600097656
2020-05-15,35.06,33.84,31.38,25.41,29.43,35.09,32.81,168.5,30.185,31.8,29.43,123.5991,45.81698226928711
2020-05-18,37.86,36.55,33.63,29.37,31.36,38.06,35.68,178.43,34.065,35.62,31.82,122.7968,135.0965576171875
2020-05-19,38.89,37.65,35.1,29.8,34.04,39.36,37.11,199.29,32.695,34.67,32.54,122.5655,99.47650909423828
2020-05-20,38.81,37.57,35.02,30.08,32.93,39.28,37.21,195.62,34.135,35.7,33.81,122.1007,99.69424438476562
2020-05-21,39.77,38.45,35.51,31.77,34.9,40.67,38.98,202.4,34.13,36.0,34.14,122.0914,73.20591735839844
2020-05-22,37.08,35.76,32.82,30.23,34.41,38.37,36.67,189.7,32.85,34.68,33.55,122.3211,135.6533660888672
2020-05-26,39.0,37.68,34.74,32.67,37.79,41.57,39.96,200.17,33.4,35.6,34.35,121.3864,120.36186218261719
2020-05-27,37.91,36.59,33.65,32.23,37.25,40.73,39.19,185.73,32.61,34.35,32.81,121.5677,23.426929473876953
2020-05-28,36.97,35.62,32.54,30.67,33.93,38.7,37.16,183.89,33.27,34.63,33.71,121.0138,61.02098083496094
2020-05-29,38.45,37.07,33.94,31.18,34.39,38.88,37.21,190.15,34.38,35.6,35.49,120.9458,137.45094299316406
2020-06-01,40.87,39.49,36.36,34.04,37.79,42.4,41.32,207.63,35.46,37.55,35.44,120.2686,53.90272903442383
2020-06-02,42.18,40.8,37.67,36.05,38.85,43.11,41.99,218.34,37.49,39.51,36.81,119.6854,83.04486846923828
2020-06-03,45.03,43.65,40.52,36.95,39.58,43.86,42.96,227.24,37.605,39.52,37.29,119.2556,114.53026580810547
2020-06-04,43.4,42.19,39.92,36.35,38.78,43.1,42.37,232.88,37.71,39.26,37.41,119.3014,36.153533935546875
2020-06-05,46.06,44.71,41.72,37.89,39.55,43.96,43.2,240.23,41.0,42.19,39.55,118.8138,109.97901153564453
2020-06-08,48.53,47.25,44.62,39.83,42.87,47.11,46.46,253.24,40.27,41.32,38.19,118.6621,65.64539337158203
2020-06-09,46.7,45.42,42.79,37.04,40.56,45.62,44.97,239.57,39.65,40.77,38.94,118.5893,68.30036163330078
2020-06-10,46.89,45.6,42.93,37.69,41.48,46.68,46.21,245.75,40.07,40.95,39.6,118.5231,95.68627166748047
2020-06-11,46.09,44.82,42.25,37.72,41.66,46.95,46.55,243.71,38.39,39.0,36.34,119.2347,87.41497802734375
2020-06-12,43.52,42.25,39.68,35.99,39.28,44.4,44.13,222.97,38.64,38.84,36.26,119.6645,73.61261749267578
2020-06-15,43.84,42.57,40.0,36.57,39.28,45.12,44.78,220.25,38.76,39.09,37.12,119.9539,102.8747787475586
2020-06-16,47.42,46.1,43.27,39.24,40.96,47.68,47.37,232.21,40.08,40.45,38.38,119.567,79.20344543457031
2020-06-17,49.64,48.31,45.42,39.83,41.91,49.04,48.71,232.86,40.325,40.77,37.96,119.9105,151.3807830810547
2020-06-18,49.26,47.95,45.17,39.72,42.37,48.02,47.69,229.56,41.425,41.44,38.84,120.2173,101.31523895263672
2020-06-19,51.28,49.98,47.27,42.18,44.36,49.63,49.32,245.86,42.695,42.83,39.75,120.2186,53.8231086730957
2020-06-22,50.17,48.87,46.16,41.79,44.28,49.07,48.76,238.19,42.8,42.8,40.46,119.7532,131.45111083984375
2020-06-23,51.68,50.49,48.34,43.24,44.27,49.78,49.47,244.25,43.605,43.71,40.27,119.3285,56.38412857055664
2020-06-24,49.86,48.76,47.04,42.74,43.13,48.93,48.62,240.91,40.455,40.56,37.91,119.9744,80.2188720703125
2020-06-25,45.52,44.37,42.4,39.9,41.31,47.29,46.98,227.21,41.01,40.95,38.67,120.2997,40.78400802612305
2020-06-26,46.74,45.59,43.62,41.69,41.78,48.24,47.93,235.34,40.77,40.63,38.49,120.533,44.344947814941406
2020-06-29,43.7,42.57,40.71,39.23,40.47,47.0,46.69,230.09,41.39,41.32,39.7,120.6658,48.00822830200195
2020-06-30,46.53,45.4,43.54,41.73,41.72,48.27,47.96,238.68,41.83,41.37,39.27,120.4649,76.92465209960938
2020-07-01,47.63,46.5,44.64,43.6,42.59,49.67,49.5,239.7,42.56,42.22,39.82,120.0808,107.85104370117188
2020-07-02,48.06,46.74,43.91,43.78,42.59,49.83,49.66,237.87,43.12,42.78,40.65,119.8555,23.39383888244629
2020-07-03,48.85,47.53,44.7,43.65,42.94,49.87,49.69,237.18,43.145,42.99,40.64,119.8555,43.972137451171875
2020-07-06,50.19,48.84,45.85,45.34,43.79,50.87,50.69,248.65,43.425,43.6,40.63,119.2852,72.01234436035156
2020-07-07,48.85,47.5,44.51,44.5,43.21,49.57,49.4,248.99,43.545,43.57,40.62,119.5717,106.17205047607422
2020-07-08,48.19,47.06,45.18,44.52,43.24,49.73,49.58,259.59,43.225,43.18,40.9,119.5525,68.60346984863281
2020-07-09,49.11,47.97,46.05,45.04,43.48,50.25,49.96,259.58,42.625,42.66,39.62,119.5129,55.82979202270508
2020-07-10,48.485,47.345,45.415,44.25,43.525,50.225,49.975,256.29,43.12,43.14,40.55,119.3509,97.42845916748047
2020-07-13,47.86,46.72,44.78,43.46,43.57,50.2,49.99,253.0,43.64,43.27,40.1,119.1891,92.73129272460938
2020-07-14,46.47,45.39,43.73,42.18,42.86,49.48,49.21,244.66,43.67,43.24,40.29,119.3901,93.79849243164062
2020-07-15,48.14,47.11,45.7,43.43,43.88,50.37,50.08,252.28,44.285,43.67,41.2,119.0331,103.6720199584961
2020-07-16,47.83,46.81,45.44,42.68,44.53,49.89,49.49,251.2,44.42,43.81,40.75,118.9275,29.48873519897461
2020-07-17,47.09,46.04,44.51,42.13,44.19,49.91,49.5,248.48,43.71,43.34,40.59,119.124,38.3201904296875
2020-07-20,46.51,45.46,43.93,41.45,43.81,49.44,49.03,245.72,43.145,43.05,40.81,119.0483,87.17283630371094
2020-07-21,47.43,46.38,44.85,43.26,45.1,51.0,50.46,246.93,44.735,44.68,41.99,118.4042,116.2304458618164
2020-07-22,48.19,47.1,45.36,43.2,45.58,51.41,51.06,249.18,43.465,43.78,41.84,118.1337,117.1346435546875
2020-07-23,48.75,47.66,45.92,44.61,45.57,51.74,51.64,254.02,44.135,43.97,41.02,118.0613,78.04478454589844
2020-07-24,47.47,46.4,44.75,43.64,43.79,49.84,49.75,248.43,42.895,43.13,41.14,118.1329,92.75189971923828
2020-07-27,46.99,45.98,44.65,43.98,44.32,49.81,49.73,249.67,42.1,42.49,41.6,117.3869,137.1768798828125
2020-07-28,46.54,45.56,44.4,43.87,44.98,50.18,50.11,254.79,43.115,43.23,41.04,117.3189,121.64796447753906
2020-07-29,46.56,45.57,44.34,42.87,44.36,50.04,49.97,257.62,43.74,43.9,41.27,117.2126,80.91041564941406
2020-07-30,45.5,44.55,43.51,41.67,44.06,49.79,49.26,257.01,42.455,42.63,39.92,117.4008,54.08273696899414
2020-07-31,45.105,44.13,42.955,40.97,43.345,49.235,48.33,255.47,42.885,43.04,40.27,117.2082,38.618019104003906
2020-08-03,44.71,43.71,42.4,40.27,42.63,48.68,47.4,253.93,44.045,44.34,41.01,117.8074,42.1684684753418
2020-08-04,46.12,45.14,43.91,41.73,42.92,48.6,47.32,249.24,44.17,44.5,41.7,117.7833,48.714229583740234
2020-08-05,48.11,47.06,45.5,42.27,44.52,49.97,48.83,260.15,45.92,46.19,42.19,116.8736,33.80171203613281
2020-08-06,48.56,47.53,46.09,42.18,43.99,50.15,49.01,262.16,45.255,45.44,41.95,117.0422,112.36660766601562
2020-08-07,49.12,48.09,46.67,42.03,43.52,49.61,48.35,257.93,44.26,44.58,41.22,117.6239,43.81703186035156
2020-08-10,49.375,48.34,46.900000000000006,42.38,43.575,49.78,48.535,259.245,44.485,44.97,41.94,117.5821,40.582759857177734
2020-08-11,49.63,48.59,47.13,42.73,43.63,49.95,48.72,260.56,44.825,45.25,41.61,117.3781,55.28624725341797
2020-08-12,48.98,47.98,46.7,41.84,43.56,49.73,48.27,261.57,45.095,45.41,42.67,117.2559,61.8345947265625
2020-08-13,49.38,48.37,47.05,42.67,44.21,49.9,48.44,264.82,45.06,45.29,42.24,117.1193,88.89659118652344
2020-08-14,49.21,48.22,47.0,42.56,42.9,49.2,47.77,261.99,44.515,44.85,42.01,116.9395,44.28566360473633
2020-08-17,49.68,48.66,47.31,42.53,42.99,49.34,48.01,265.88,44.765,45.18,42.89,116.749,65.54547882080078
2020-08-18,50.28,49.28,48.01,43.04,42.96,49.62,48.23,276.94,45.125,45.38,42.89,116.5593,84.09903717041016
2020-08-19,49.89,48.87,47.5,42.2,43.55,49.79,48.13,274.89,45.035,45.3,42.93,116.567,46.6558837890625
2020-08-20,49.35,48.45,47.66,42.84,43.1,49.2,47.54,278.83,44.375,44.74,42.58,116.8126,122.01818084716797
2020-08-21,49.92,48.95,47.79,43.23,43.15,48.97,47.2,273.36,43.57,43.87,42.18,117.0572,166.30258178710938
2020-08-24,49.96,48.98,47.76,43.87,43.38,49.07,47.3,271.43,44.805,45.04,42.46,116.912,71.2380142211914
2020-08-25,50.51,49.55,48.45,44.62,43.77,49.72,48.12,272.91,45.985,45.99,43.19,116.8206,85.98194885253906
2020-08-26,50.48,49.51,48.34,44.7,43.7,49.96,48.53,280.33,45.5,45.61,43.39,116.6243,105.6713638305664
2020-08-27,50.74,49.78,48.65,44.54,42.64,49.51,48.08,278.97,44.815,44.93,43.04,116.649,142.09405517578125
2020-08-28,48.75,47.81,46.8,43.44,41.61,48.1,46.75,275.39,44.875,45.15,42.97,115.9374,64.11421203613281
2020-08-31,50.6,49.66,48.65,44.71,42.99,49.55,48.25,280.24,44.59,45.45,42.61,115.7586,88.63056945800781
2020-09-01,48.65,47.7,46.63,44.71,41.94,48.62,47.36,278.15,44.305,45.75,42.76,115.5687,106.36685180664062
2020-09-02,49.54,48.59,47.52,45.17,42.07,48.63,47.39,278.19,43.035,44.77,41.51,116.0304,109.20553588867188
2020-09-03,47.82,46.84,45.6,43.91,39.94,46.1,44.84,263.09,41.57,43.27,41.37,116.0685,94.24089813232422
2020-09-04,48.57,47.6,46.4,44.43,40.39,46.24,45.0,262.82,41.21,42.81,39.77,116.0347,94.90303039550781
2020-09-07,47.62,46.58,45.02,42.48,38.46,44.41,43.31,250.58,40.5,41.93,38.265,116.0347,149.52561950683594
2020-09-08,46.95,45.91,44.35,42.44,37.29,43.54,42.48,245.67,38.505,39.77,36.76,116.4618,68.60346984863281
2020-09-09,45.28,44.24,42.68,41.55,36.32,42.48,41.69,234.79,39.75,40.74,38.05,116.1291,47.32239532470703
2020-09-10,45.83,44.8,43.29,41.81,36.77,42.7,41.91,237.98,39.435,40.38,37.3,115.8806,145.2469482421875
2020-09-11,45.71,44.68,43.17,41.04,36.82,42.31,41.52,236.77,39.045,39.99,37.33,116.0866,145.94757080078125
2020-09-14,46.11,45.08,43.57,41.2,37.35,42.59,41.8,236.5,38.395,39.55,37.26,115.6428,67.30906677246094
2020-09-15,46.9,45.8,43.95,41.37,36.92,42.41,41.63,238.56,39.12,40.1,38.28,115.5908,115.93987274169922
2020-09-16,48.45,47.35,45.5,43.02,38.69,43.74,43.0,254.73,40.915,41.9,40.16,115.3537,82.47056579589844
2020-09-17,49.4,48.3,46.45,43.72,39.59,43.57,42.84,254.92,42.42,43.33,40.97,115.4392,100.07757568359375
2020-09-18,51.48,50.38,48.53,44.9,41.14,45.43,44.72,258.6,42.49,43.35,41.11,115.2395,86.33578491210938
2020-09-21,49.53,48.48,46.88,43.42,39.82,44.31,43.57,253.62,40.315,41.25,39.31,116.378,52.916419982910156
2020-09-22,48.45,47.4,45.8,42.82,40.0,43.63,43.05,250.58,41.065,41.9,39.6,116.5438,94.38795471191406
2020-09-23,48.73,47.68,46.08,42.77,39.53,43.24,42.65,247.83,41.44,42.19,39.75,117.2526,62.16614532470703
2020-09-24,48.19,47.14,45.54,42.69,39.55,42.82,42.2,246.46,40.865,41.62,40.13,117.5473,64.86751556396484
2020-09-25,49.59,48.54,46.94,43.84,40.97,43.88,43.19,254.0,41.055,41.91,40.11,117.8679,55.35139083862305
2020-09-28,50.15,49.1,47.5,43.48,40.64,43.63,42.94,250.7,41.53,42.24,40.6,117.6178,104.4075698852539
2020-09-29,50.59,49.49,47.62,43.24,40.9,44.17,43.49,252.85,40.15,40.95,39.29,117.526,105.160888671875
2020-09-30,48.31,47.25,45.6,41.73,39.82,43.38,42.78,247.55,40.665,41.2,40.22,116.946,104.96094512939453
2020-10-01,49.75,48.71,47.15,42.75,41.87,43.98,43.38,253.7,38.915,40.28,38.72,116.7227,75.99683380126953
2020-10-02,47.35,46.31,44.75,41.43,39.29,42.05,41.49,240.28,38.61,39.78,37.07,116.7321,101.92516326904297
2020-10-05,47.8,46.76,45.2,42.31,40.46,42.76,42.2,243.5,39.975,41.5,39.22,116.1767,66.92056274414062
2020-10-06,48.82,47.78,46.22,43.39,42.41,44.16,43.57,251.66,41.065,42.44,40.69,116.2681,85.70679473876953
2020-10-07,49.12,48.08,46.52,43.34,42.5,45.38,44.69,251.58,40.185,41.53,39.95,116.3447,83.25235748291016
2020-10-08,49.26,48.22,46.66,43.8,42.43,45.19,44.5,251.47,41.555,42.83,41.19,116.1657,113.64591217041016
2020-10-09,49.2,48.15,46.52,44.59,43.14,45.94,45.28,258.75,41.955,43.16,40.6,115.2757,81.5680160522461
2020-10-12,48.17,47.13,45.57,43.59,42.2,45.31,44.65,257.4,40.19,41.72,39.43,115.2757,67.71858978271484
2020-10-13,47.53,46.49,44.93,43.45,42.15,44.97,44.31,260.12,41.005,42.48,40.2,115.9107,78.08782196044922
2020-10-14,46.46,45.54,44.6,42.89,42.56,44.67,44.02,264.7,41.75,43.12,41.04,115.6872,47.69403839111328
2020-10-15,47.27,46.35,45.43,42.95,43.05,45.6,45.06,277.81,41.075,42.54,40.96,116.0964,107.97156524658203
2020-10-16,47.0,46.09,45.23,42.48,42.78,45.39,44.85,278.53,41.65,43.08,40.88,115.7679,123.50452423095703
2020-10-19,46.43,45.56,44.92,41.6,42.31,45.02,44.62,273.96,41.78,43.06,40.83,115.4031,95.217529296875
2020-10-20,46.61,45.72,45.0,41.13,41.77,44.31,43.96,273.36,41.14,42.46,41.46,115.2485,98.67223358154297
2020-10-21,47.16,46.29,45.69,42.1,41.83,44.44,44.07,272.92,40.465,41.99,39.83,114.9108,72.01234436035156
2020-10-22,46.25,45.39,44.84,41.11,41.86,43.91,43.58,273.77,41.515,42.78,40.44,115.1158,101.61250305175781
2020-10-23,46.61,45.65,44.65,40.81,42.43,43.79,43.46,280.85,41.235,42.45,39.65,115.0126,65.72555541992188
2020-10-26,45.37,44.41,43.41,39.16,40.61,42.02,41.6,263.94,39.115,40.45,38.56,115.2797,89.93396759033203
2020-10-27,45.29,44.33,43.33,39.71,40.84,42.49,42.07,261.63,40.01,41.37,39.57,115.0131,130.45274353027344
2020-10-28,44.57,43.61,42.61,39.15,40.18,42.25,41.79,261.94,37.77,39.17,37.39,115.8023,81.79179382324219
2020-10-29,43.79,42.83,41.83,38.69,39.77,41.71,41.2,258.2,36.215,37.39,36.17,116.3069,89.64422607421875
2020-10-30,43.0,42.04,41.04,37.63,39.15,40.93,40.35,247.95,36.205,37.19,35.79,116.1354,80.3587875366211
2020-11-02,40.81,39.85,38.85,36.47,37.3,39.05,38.45,239.7,36.525,38.16,36.81,116.2361,56.625091552734375
2020-11-03,44.02,43.05,42.0,39.59,40.93,42.58,42.02,255.61,38.01,39.48,37.66,115.4802,162.6325225830078
2020-11-04,43.96,42.99,41.94,39.53,41.74,42.73,42.43,252.55,39.435,40.8,39.15,115.1677,129.5658721923828
2020-11-05,45.45,44.45,43.25,39.88,43.21,44.0,43.7,259.54,39.495,40.97,38.79,114.4556,69.64662170410156
2020-11-06,45.71,44.65,43.15,38.81,42.55,43.63,43.31,256.85,38.3,39.75,37.14,113.9919,62.92530059814453
2020-11-09,45.68,44.57,42.83,38.06,42.54,43.77,43.48,258.0,41.31,42.69,40.29,114.0895,105.3998794555664
2020-11-10,48.01,46.92,45.29,40.05,45.29,47.01,46.68,272.23,41.715,43.08,41.36,114.0757,58.58963394165039
2020-11-11,49.63,48.65,47.55,41.47,47.23,49.2,48.84,282.83,43.195,44.39,41.45,114.0757,97.92937469482422
2020-11-12,48.48,47.46,46.16,40.16,45.98,48.1,47.78,280.56,42.87,44.04,41.12,114.2843,52.86012268066406
2020-11-13,47.15,46.15,44.95,39.44,44.54,47.05,46.71,277.75,41.785,43.01,40.13,114.2397,69.1920166015625
2020-11-16,47.49,46.48,45.25,40.16,45.21,47.74,47.44,282.5,43.115,44.12,41.34,113.8312,70.595703125
2020-11-17,47.28,46.28,45.09,40.49,45.66,47.9,47.51,285.72,42.045,43.3,41.43,113.682,45.81698226928711
2020-11-18,47.42,46.43,45.3,41.1,46.02,48.44,48.05,283.86,43.395,44.58,41.82,113.46,109.74150848388672
2020-11-19,47.45,46.45,45.26,40.99,46.49,48.67,48.32,282.73,42.865,43.97,41.74,113.694,49.04205322265625
2020-11-20,47.79,46.82,45.8,40.87,46.72,48.81,48.51,283.44,43.435,44.42,42.15,113.489,94.15567016601562
2020-11-23,48.92,47.96,47.01,42.56,47.64,49.92,49.65,289.6,44.94,45.9,42.88,113.7548,36.7552604675293
2020-11-24,49.94,48.95,47.83,42.41,48.52,50.81,50.29,290.52,46.775,47.72,44.73,113.4316,104.29373168945312
2020-11-25,52.17,51.16,49.95,42.82,50.39,52.56,51.86,297.09,46.74,48.24,45.51,113.1823,23.360843658447266
2020-11-26,51.74,50.73,49.52,42.24,50.27,52.32,51.6,297.84,46.57,47.82,45.45333333333333,113.1823,69.12260437011719
2020-11-27,51.97,50.96,49.75,42.18,50.15,51.97,51.27,295.02,47.025,48.07,45.39666666666667,113.1823,70.37321472167969
2020-11-30,51.25,50.25,49.11,42.21,50.22,51.99,51.3,292.93,46.39,47.2,45.34,113.2256,46.802371978759766
2020-12-01,51.69,50.66,49.38,42.43,50.84,52.53,51.71,289.76,47.015,47.53,44.55,112.8063,129.65858459472656
2020-12-02,50.72,49.75,48.75,41.89,50.08,51.6,50.78,286.37,47.73,48.34,45.28,112.6115,92.27208709716797
2020-12-03,51.43,50.48,49.56,43.11,51.33,52.8,51.98,296.58,48.41,48.69,45.64,112.0236,67.78787994384766
2020-12-04,53.36,52.37,51.25,44.69,53.33,54.32,53.54,297.23,48.875,49.28,46.26,111.7778,38.66810607910156
2020-12-07,51.77,50.86,50.16,44.4,52.33,53.2,52.37,290.85,48.83,49.2,45.76,111.8385,55.042667388916016
2020-12-08,52.12,51.13,50.02,45.12,52.5,53.88,53.02,289.23,48.685,49.01,45.6,111.8639,78.9751205444336
2020-12-09,53.09,52.17,51.39,46.04,53.22,54.91,54.09,295.63,48.44,48.77,45.52,112.0305,62.7380256652832
2020-12-10,53.02,52.1,51.32,46.4,52.12,53.97,53.23,292.98,50.92,51.03,46.78,111.9788,95.42375946044922
2020-12-11,55.18,54.18,53.02,47.57,53.79,55.66,54.77,295.03,50.03,50.21,46.57,112.1417,42.853397369384766
2020-12-14,55.1,54.18,53.4,47.71,54.63,56.37,55.48,300.5,49.59,49.75,46.99,112.1708,29.79821014404297
2020-12-15,54.55,53.56,52.43,47.35,54.36,55.86,54.98,302.74,50.675,50.85,47.62,111.8601,89.52886199951172
2020-12-16,54.5,53.54,52.55,48.66,55.12,56.28,55.43,309.42,50.645,50.88,47.82,111.7157,52.51097869873047
2020-12-17,55.92,55.0,54.2,50.45,55.96,57.32,56.33,316.3,51.355,51.6,48.36,111.2226,93.12439727783203
2020-12-18,56.27,55.36,54.6,50.01,55.9,57.19,56.11,314.19,51.97,52.085,49.1,111.6071,79.99098205566406
2020-12-21,54.76,53.86,53.15,49.03,54.37,56.2,54.95,307.58,50.065,50.25,47.74,111.9415,91.1224136352539
2020-12-22,54.74,53.77,52.69,48.14,53.69,55.56,54.31,303.38,50.295,50.49,46.89,112.1947,62.6832275390625
2020-12-23,54.81,53.85,52.82,48.7,53.86,55.68,54.51,300.06,51.27,51.36,47.99,111.9807,68.60346984863281
2020-12-24,57.21,56.17,54.74,50.61,55.73,57.51,56.34,308.37,50.395,50.79,48.1,111.9807,54.99793243408203
2020-12-28,56.86,55.67,54.03,50.67,55.68,57.26,56.09,306.05,50.5275,50.96,47.62,111.9752,41.40709686279297
2020-12-29,56.85,55.65,53.96,50.89,55.51,57.08,55.92,304.78,50.66,51.13,48.0,111.5172,69.01182556152344
2020-12-30,56.79,55.69,54.51,50.86,55.31,56.91,55.8,304.77,50.765,51.105,48.4,111.3084,59.15299606323242
2020-12-31,57.54,56.13,55.18,52.25,55.33,56.89,55.78,303.63,50.485,50.83,48.52,111.3169,80.7943344116211
2021-01-04,58.76,57.38,56.56,53.39,56.67,58.3,57.21,312.6,50.335,51.01,47.62,111.2075,99.32736206054688
2021-01-05,56.98,55.5,54.2,51.15,53.7,55.47,54.38,301.68,52.41,53.01,49.93,110.9574,121.8519515991211
2021-01-06,59.86,58.31,57.48,53.38,56.06,58.0,56.92,323.03,54.23,54.74,50.63,110.8502,106.57054138183594
2021-01-07,60.62,59.07,58.24,54.56,56.65,58.38,57.31,328.09,54.145,54.79,50.83,111.3042,54.23599624633789
2021-01-08,61.47,59.82,58.51,55.34,57.98,59.07,57.97,327.58,55.29,55.65,52.24,111.2847,77.7395248413086
2021-01-11,61.89,60.34,59.03,55.87,57.97,59.71,58.58,330.27,54.98,55.72,52.25,111.8257,84.14276123046875
2021-01-12,62.27,61.17,59.88,56.76,59.08,60.6,59.53,332.67,56.115,56.72,53.21,111.5501,169.87527465820312
2021-01-13,62.85,61.78,60.65,57.58,59.71,61.46,60.38,336.9,55.86,56.35,52.91,111.3622,66.500732421875
2021-01-14,62.35,61.27,60.1,57.03,59.15,61.47,60.3,331.07,55.285,55.76,53.57,111.1567,62.11064529418945
2021-01-15,61.34,60.27,59.13,57.29,59.29,61.25,60.06,328.42,54.515,54.98,52.36,111.5106,57.96993637084961
2021-01-18,60.44,59.37,58.23,56.24,58.32,60.03,58.86,319.55,54.62,55.15,52.67,111.5106,94.48599243164062
2021-01-19,61.41,60.31,59.0,56.68,58.79,60.72,59.64,325.07,55.63,56.05,52.98,111.4527,66.66802978515625
2021-01-20,62.37,61.27,59.96,56.7,59.94,61.64,60.52,333.15,56.125,56.545,53.24,111.4527,87.48678588867188
2021-01-21,61.53,60.47,59.34,55.86,58.99,60.65,59.57,329.19,55.755,56.11,53.09,111.1973,47.43533706665039
2021-01-22,60.95,59.94,59.07,55.09,57.86,59.83,58.81,326.32,55.22,55.43,52.23,111.5516,93.7134780883789
2021-01-25,61.73,60.68,59.61,55.73,57.84,60.05,59.0,328.13,54.98,55.39,52.76,111.8676,140.4451141357422
2021-01-26,61.84,60.76,59.56,55.57,57.85,60.2,59.14,329.41,55.38,55.9,52.61,111.6572,50.25387191772461
2021-01-27,62.87,61.54,60.5,56.23,58.36,60.98,59.78,334.1,55.73,56.26,52.85,112.0782,68.84309387207031
2021-01-28,62.26,60.84,59.65,55.73,58.01,60.54,59.37,328.62,55.135,55.745,52.34,112.0059,112.78604125976562
2021-01-29,62.2,60.78,59.59,55.5,57.9,60.42,59.2,326.2,55.125,55.87,52.2,111.9511,63.216941833496094
2021-02-01,62.13,60.71,59.54,56.26,58.6,61.09,59.88,332.11,55.815,55.96,53.55,112.4189,60.04654312133789
2021-02-02,63.91,62.44,61.02,58.31,60.08,62.72,61.47,342.43,57.74,57.82,54.76,112.2862,192.34263610839844
2021-02-03,65.6,64.13,62.71,58.89,61.05,63.87,62.72,349.96,58.77,58.73,55.69,112.2567,69.92227935791016
2021-02-04,66.36,64.93,63.71,59.61,62.0,64.44,63.23,354.4,58.635,58.64,56.23,112.7469,78.18482208251953
2021-02-05,67.15,65.68,64.27,59.83,62.77,65.24,64.12,356.67,59.765,59.77,56.85,112.2379,106.44497680664062
2021-02-08,67.73,66.26,64.85,60.56,63.35,66.16,65.04,360.94,59.905,60.37,57.97,112.0428,72.8036880493164
2021-02-09,67.83,66.36,64.95,61.24,64.55,67.45,66.25,363.39,60.595,60.97,58.36,111.7675,61.26280975341797
2021-02-10,67.4,65.88,64.22,59.96,64.55,67.55,66.37,360.36,61.235,61.65,58.68,111.5834,74.92713165283203
2021-02-11,67.07,65.59,64.13,59.74,64.24,67.42,66.25,363.24,61.315,61.52,58.24,111.5272,63.45914840698242
2021-02-12,68.36,66.88,65.41999999999999,60.52,65.435,68.375,67.19,369.585,62.045,62.03,59.47,111.4889,73.32506561279297
2021-02-15,69.65,68.17,66.71,61.3,66.63,69.33,68.13,375.93,64.065,63.67,59.76,111.4889,61.24074935913086
2021-02-16,70.53,69.05,67.59,61.67,67.09,69.32,68.17,374.54,63.565,63.24,60.05,111.7879,91.76087188720703
2021-02-17,70.54,69.14,68.06,62.1,66.86,69.52,68.36,375.46,64.155,63.9,61.14,112.0204,104.36856842041016
2021-02-18,72.72,71.21,69.58,63.42,67.89,70.59,69.36,378.33,64.66,64.575,60.52,112.1603,33.67285919189453
2021-02-19,71.15,69.59,67.72,62.7,65.97,69.03,67.79,362.22,63.44,63.64,59.24,111.7058,85.1559829711914
2021-02-22,71.55,70.02,68.29,63.04,66.29,69.29,68.07,363.76,64.25,64.71,61.49,111.918,71.28911590576172
2021-02-23,73.64,72.11,70.38,65.35,68.68,71.79,70.53,380.51,65.08,65.47,61.62,111.8981,97.42845916748047
2021-02-24,72.96,71.44,69.77,64.53,67.84,70.69,69.44,375.71,66.68,66.99,63.19,111.7212,77.84101867675781
2021-02-25,75.2,73.68,72.01,66.5,70.19,72.95,71.7,389.93,66.805,67.38,63.56,111.9253,46.18281936645508
2021-02-26,74.64,73.11,71.39,65.44,68.65,71.46,70.22,383.11,65.92,66.06,61.5,112.8306,121.14055633544922
2021-03-01,74.28,72.81,71.39,66.18,68.43,71.28,70.11,383.3,65.625,65.09,60.64,112.5263,96.29557800292969
2021-03-02,70.95,69.83,68.36,63.59,65.23,68.16,67.06,367.93,64.055,63.72,59.75,112.5342,137.46934509277344
2021-03-03,71.08,69.95,68.44,63.25,65.38,68.63,67.57,366.81,64.555,64.29,61.28,112.7617,154.58648681640625
2021-03-04,72.61,71.48,69.96,64.65,66.3,69.53,68.47,374.34,67.475,67.23,63.83,112.7037,88.44233703613281
2021-03-05,75.29,74.14,72.53,67.76,69.05,72.16,71.12,394.86,69.005,68.85,66.09,113.7487,88.98228454589844
2021-03-08,77.58,76.39,74.56,69.02,71.02,73.91,72.8,409.29,68.735,69.08,65.05,114.2678,60.39744567871094
2021-03-09,75.41,74.22,72.39,66.93,69.1,71.92,70.99,401.62,67.255,67.8,64.01,113.928,22.26188087463379
2021-03-10,74.93,73.75,71.97,65.79,68.09,70.96,70.09,392.46,66.76,67.31,64.44,113.5881,57.34138107299805
2021-03-11,76.6,75.46,73.9,67.13,68.74,71.92,71.04,400.71,69.16,69.58,66.02,112.9214,70.38656616210938
2021-03-12,78.18,77.0,75.26,67.88,70.09,73.05,72.24,403.07,69.285,69.76,65.61,113.0269,49.37989044189453
2021-03-15,79.29,78.1,76.31,68.65,70.48,73.51,72.61,408.43,68.51,68.81,65.39,113.1928,111.60258483886719
2021-03-16,77.15,75.94,74.04,66.85,69.02,71.75,70.85,401.57,67.965,68.23,64.8,112.9839,108.84150695800781
2021-03-17,77.65,76.46,74.68,66.78,68.9,71.91,70.98,402.21,67.45,67.78,64.6,113.1589,93.311767578125
2021-03-18,75.61,74.38,72.39,64.69,67.34,70.26,69.42,394.3,64.92,65.3,60.0,112.7744,134.94033813476562
2021-03-19,72.8,71.58,69.65,62.57,64.33,67.29,66.33,376.56,63.72,64.23,61.42,112.9756,42.853397369384766
2021-03-22,73.33,72.04,69.75,62.71,65.29,68.16,67.21,380.41,63.805,64.52,61.55,113.0023,119.15711212158203
2021-03-23,72.84,71.53,69.14,62.13,64.16,67.04,66.16,374.27,61.885,62.38,57.71,113.2916,99.4635238647461
2021-03-24,71.21,69.89,67.45,60.77,62.93,65.51,64.67,366.43,63.635,64.22,61.13,113.6565,76.4438705444336
2021-03-25,73.09,71.79,69.43,61.93,63.94,66.87,66.03,371.17,61.255,61.95,58.51,114.0016,63.78499984741211
2021-03-26,72.61,71.35,69.17,62.82,63.53,66.31,65.44,371.83,63.8,64.53,60.97,113.7406,69.7814712524414
2021-03-29,73.92,72.66,70.48,62.24,64.66,67.3,66.43,372.53,63.265,64.25,61.56,113.9314,123.23540496826172
2021-03-30,75.41,74.12,71.79,62.71,65.01,67.79,66.97,375.9,63.535,64.34,60.55,114.203,95.42375946044922
2021-03-31,75.33,74.04,71.71,62.54,64.67,67.42,66.62,374.0,63.745,64.2,59.16,113.8234,76.34598541259766
2021-04-01,74.26,72.82,70.21,61.67,62.52,65.48,64.64,364.2,62.19,63.12,61.45,113.7389,67.69552612304688
2021-04-05,74.92,73.48,70.87,62.31,63.95,67.12,66.17,368.36,62.2775,63.335,58.65,113.394,74.55940246582031
2021-04-06,74.08,72.72,70.53,61.7,63.93,67.24,66.24,363.52,62.365,63.55,59.33,113.1464,92.78900909423828
2021-04-07,73.13,71.76,69.51,60.9,63.3,66.55,65.45,357.83,61.025,62.11,59.79,113.2436,113.79048919677734
2021-04-08,72.98,71.63,69.5,61.02,64.01,66.9,65.76,357.88,62.0,62.99,59.6,113.0917,32.52170181274414
2021-04-09,73.13,71.65,69.17,60.67,63.72,66.73,65.5,354.05,62.27,63.23,59.32,113.2028,48.00822830200195
2021-04-12,73.16,71.69,69.54,60.61,64.48,67.17,66.02,356.48,62.57,63.56,59.7,113.1815,100.38084411621094
2021-04-13,73.66,72.17,69.94,60.58,64.56,67.35,66.19,363.6,63.09,63.93,60.18,113.0391,95.29304504394531
2021-04-14,75.06,73.53,71.09,61.28,66.1,68.51,67.39,374.85,65.665,66.35,63.15,112.7849,186.30352783203125
2021-04-15,76.84,75.31,72.87,62.72,67.92,70.04,68.99,384.44,65.535,66.51,63.46,112.6181,103.25959777832031
2021-04-16,77.92,76.38,73.87,64.33,69.0,70.86,69.71,389.22,65.91,66.74,63.13,112.4814,95.03267669677734
2021-04-19,77.6,76.06,73.55,63.28,68.84,70.55,69.45,386.53,66.255,66.94,63.38,112.1835,110.41893005371094
2021-04-20,78.55,77.06,74.77,63.41,69.45,71.08,70.03,392.07,65.065,65.7,62.44,112.2354,125.26516723632812
2021-04-21,76.52,75.04,72.81,61.67,67.79,69.21,68.13,383.41,65.33,66.02,61.35,112.1771,166.30258178710938
2021-04-22,74.97,73.48,71.19,60.58,67.06,68.37,67.22,375.45,65.165,65.63,61.43,112.2297,113.77379608154297
2021-04-23,75.35,73.92,71.91,61.11,68.17,69.35,68.16,378.52,65.565,66.04,62.18,112.0889,146.73118591308594
2021-04-26,74.67,73.22,71.11,61.33,67.6,69.06,67.82,373.7,65.56,65.76,61.91,111.8109,54.46673583984375
2021-04-27,75.46,73.98,71.72,62.89,68.49,69.95,68.71,379.13,65.68,65.96,62.94,111.9097,131.65333557128906
2021-04-28,76.08,74.62,72.46,63.29,68.8,70.17,68.78,380.02,67.5,67.69,63.86,111.7909,50.063995361328125
2021-04-29,77.75,76.3,74.2,64.46,70.5,71.62,70.21,389.24,68.15,68.29,65.01,111.7464,47.383934020996094
2021-04-30,78.37,76.92,74.81,65.35,70.89,72.36,70.95,391.03,67.025,66.84,63.58,112.0839,36.4018440246582
2021-05-03,76.84,75.4,73.34,64.45,69.83,71.08,69.67,385.86,68.13,67.845,64.49,112.005,97.42845916748047
2021-05-04,78.9,77.44,75.26,66.25,71.21,72.5,71.1,392.77,69.235,68.85,65.69,112.2896,93.87843322753906
2021-05-05,80.05,78.63,76.65,67.63,73.27,74.45,73.08,398.48,70.3,69.74,65.63,112.1514,60.385345458984375
2021-05-06,79.57,78.14,76.13,66.42,72.63,73.94,72.5,395.74,69.09,68.66,64.71,111.8401,76.30575561523438
2021-05-07,77.86,76.45,74.55,65.33,71.27,72.81,71.34,387.03,68.8,68.46,64.9,111.0249,55.92646408081055
2021-05-10,78.31,76.99,75.55,66.0,72.59,74.07,72.68,389.06,68.645,68.265,64.92,110.7905,49.002479553222656
2021-05-11,76.74,75.4,73.86,64.45,71.36,72.99,71.35,377.88,68.905,68.52,65.28,110.8921,101.1806869506836
2021-05-12,78.03,76.69,75.15,65.9,72.76,74.56,72.8,387.38,70.21,69.73,66.08,111.5636,63.2974739074707
2021-05-13,76.465,75.09,73.38,65.1,71.76,73.715,71.905,380.08,68.005,67.61,63.82,111.5955,140.43304443359375
2021-05-14,74.9,73.49,71.61,64.3,70.76,72.87,71.01,372.78,69.035,68.58,65.37,111.1353,115.36304473876953
2021-05-17,76.53,75.19,73.66,65.5,72.6,74.95,73.19,378.13,69.72,69.26,66.27,111.079,92.1579818725586
2021-05-18,78.85,77.44,75.58,66.83,73.59,76.15,74.23,377.78,69.67,69.425,65.49,110.8317,98.58832550048828
2021-05-19,76.94,75.55,73.79,64.76,71.47,74.15,72.11,364.97,66.44,66.25,63.36,110.8807,158.9622344970703
2021-05-20,76.49,75.1,73.35,64.33,70.62,73.43,71.45,364.6,66.6,66.45,62.05,110.8605,125.85060119628906
2021-05-21,74.07,72.7,71.04,62.55,68.54,71.34,69.32,352.03,66.885,66.79,63.7,111.0576,165.85250854492188
2021-05-24,77.24,75.86,74.16,65.1,71.11,74.19,72.12,364.81,68.365,68.27,66.2,110.9118,138.4081268310547
2021-05-25,78.33,76.95,75.25,66.46,72.04,75.08,73.01,372.11,68.75,68.67,66.25,110.842,170.94143676757812
2021-05-26,77.97999999999999,76.6,74.9,66.21,71.805,74.785,72.655,372.995,68.93,69.0,66.21,110.8677,176.6128387451172
2021-05-27,77.63,76.25,74.55,65.96,71.57,74.49,72.3,373.88,69.08,69.25,66.85,110.8688,133.3360595703125
2021-05-28,78.84,77.46,75.76,67.14,72.43,75.22,72.91,381.16,69.505,69.9,66.32,110.7576,140.02928161621094
2021-05-31,77.77,76.39,74.69,67.66,72.79,75.46,73.16,385.76,69.4125,70.155,67.02,110.7576,57.554264068603516
2021-06-01,77.95,76.85,75.34,68.88,73.99,76.42,74.21,396.76,69.32,70.41,67.72,110.5046,65.87492370605469
2021-06-02,78.07,76.97,75.46,68.99,74.09,76.57,74.3,399.41,69.87,71.0,68.83,110.5799,68.72547149658203
2021-06-03,79.22,78.12,76.61,69.55,74.61,77.66,75.41,405.79,69.885,70.91,68.81,111.1782,60.072471618652344
2021-06-04,79.21,78.15,76.84,69.71,74.33,77.78,75.53,406.72,70.68,71.59,69.62,110.7521,79.60777282714844
2021-06-07,78.95,77.89,76.58,69.36,74.06,77.44,75.21,402.81,70.515,71.38,69.23,110.5155,54.304386138916016
2021-06-08,78.14,77.08,75.77,68.83,73.59,77.02,74.69,396.45,70.92,71.8,70.05,110.649,59.727294921875
2021-06-09,80.77,79.71,78.4,70.35,75.73,78.68,76.59,405.61,71.39,72.38,69.96,110.5707,93.24922180175781
2021-06-10,80.11,79.05,77.74,69.75,75.53,78.08,76.11,400.79,71.71,72.53,70.29,110.5456,85.51465606689453
2021-06-11,81.07,79.98,78.52,70.26,75.94,78.58,76.73,404.84,72.045,72.73,70.91,111.0933,131.48475646972656
2021-06-14,82.03,80.96,79.6,70.53,76.38,79.0,77.03,409.85,72.535,73.31,70.88,110.9659,29.358060836791992
2021-06-15,80.81,79.74,78.37,69.42,76.14,79.06,77.0,410.99,73.135,73.76,72.12,111.3507,73.5105209350586
2021-06-16,81.7,80.63,79.26,70.62,77.0,80.03,78.07,419.23,74.465,75.06,72.15,111.1165,144.7877197265625
2021-06-17,81.46,80.39,79.02,70.21,76.63,79.69,77.76,420.06,72.575,73.21,71.04,112.5772,138.02365112304688
2021-06-18,80.47,79.38,77.92,69.12,75.41,78.37,76.45,408.42,73.375,73.64,71.64,113.0408,84.50428009033203
2021-06-21,81.67,80.58,79.12,69.9,76.27,79.11,77.16,410.86,74.285,74.45,73.66,112.8391,94.50267791748047
2021-06-22,82.61,81.54,80.18,70.5,77.0,79.73,77.78,417.55,74.845,74.83,73.06,112.9174,170.60433959960938
2021-06-23,84.33,83.2,81.53,72.08,77.93,80.66,78.71,420.47,75.87,75.69,73.32,112.3819,41.51087188720703
2021-06-24,84.77,83.67,82.16,72.5,77.9,80.65,78.7,420.16,75.77,75.47,73.54,112.326,76.66112518310547
2021-06-25,85.01,83.87,82.17,72.87,77.74,80.53,78.58,422.92,76.435,75.95,74.24,111.9655,54.78801345825195
2021-06-28,84.43,83.29,81.59,72.7,77.16,80.33,78.38,425.16,75.165,75.21,72.91,112.0248,97.29219818115234
2021-06-29,83.63,82.49,80.79,72.01,76.41,79.33,77.38,414.25,75.95,75.28,72.98,112.2613,95.68627166748047
2021-06-30,84.64,83.5,81.8,72.67,76.36,79.26,77.31,415.44,76.19,74.92,73.47,112.5533,43.81703186035156
2021-07-01,86.13,84.95,83.06,74.91,77.79,80.71,78.81,428.81,77.255,75.88,75.23,112.74,64.11421203613281
2021-07-02,87.3,86.05,83.82,75.17,77.81,80.86,78.99,430.7,77.615,76.22,75.16,112.5425,78.9751205444336
2021-07-05,88.89,87.64,85.41,76.35,78.83,81.74,79.92,433.73,78.385,77.09,74.265,112.5425,65.9874038696289
2021-07-06,90.79,89.51,87.11,77.84,79.97,82.75,80.88,436.13,76.115,74.89,73.37,112.9516,63.3285026550293
2021-07-07,87.14,85.92,83.82,74.73,77.25,80.03,78.17,417.88,74.195,73.08,72.2,113.1048,34.77761459350586
2021-07-08,84.3,82.99,80.43,72.59,74.83,77.41,75.52,403.53,74.885,73.69,72.94,113.0776,37.85791778564453
2021-07-09,87.14,85.89,83.63,75.11,77.14,79.74,77.9,416.53,77.01,75.86,74.56,112.8375,32.35719299316406
2021-07-12,87.32,86.09,83.93,75.9,77.72,80.43,78.56,417.76,76.27,75.3,74.1,112.7611,69.73827362060547
2021-07-13,87.64,86.43,84.37,76.45,78.68,81.29,79.38,422.82,76.78,75.96,75.25,113.0063,77.247802734375
2021-07-14,87.81,86.6,84.54,76.84,78.99,81.52,79.63,429.53,76.97,76.16,73.13,112.8801,56.218509674072266
2021-07-15,85.52,84.31,82.25,74.78,76.37,79.01,77.1,416.13,75.415,74.55,71.65,113.0041,104.51173400878906
2021-07-16,85.47,84.26,82.2,75.39,76.39,79.2,77.27,417.61,74.515,73.83,71.81,113.0428,70.38033294677734
2021-07-19,84.58,83.35,81.18,75.16,76.06,78.65,76.68,412.57,69.75,69.15,66.42,113.5472,50.573551177978516
2021-07-20,82.965,81.735,79.565,73.345,74.685,77.215,75.23,406.9,69.62,69.24,67.42,113.7502,37.430145263671875
2021-07-21,81.35,80.12,77.95,71.53,73.31,75.78,73.78,401.23,72.265,71.95,70.5,113.3926,49.915401458740234
2021-07-22,84.57,83.34,81.17,74.22,76.01,78.36,76.36,415.68,73.2,72.89,72.12,113.4695,95.29304504394531
2021-07-23,85.95,84.67,82.25,75.25,76.97,79.42,77.43,418.56,74.195,73.79,72.28,113.4398,91.7940444946289
2021-07-26,85.77,84.46,81.9,74.78,76.1,78.57,76.58,411.37,74.66,74.18,71.91,113.2238,59.15299606323242
2021-07-27,87.09,85.83,83.51,76.58,77.4,79.95,77.89,417.44,74.79,74.57,71.65,113.2227,79.20344543457031
2021-07-28,87.19,85.95,83.73,76.54,77.56,79.97,77.95,421.17,74.83,74.715,72.39,113.1807,53.2962646484375
2021-07-29,87.45,86.21,83.99,77.32,78.22,80.6,78.6,426.07,75.625,75.56,73.62,112.4834,30.91729736328125
2021-07-30,88.29,87.05,84.83,77.25,78.7,81.1,79.11,429.18,76.305,76.35,73.95,112.6714,80.90396118164062
2021-08-02,86.9,85.66,83.44,75.96,78.35,80.46,78.47,428.28,73.95,73.045,71.26,112.6691,111.9454574584961
2021-08-03,85.51,84.27,82.05,74.85,76.87,79.33,77.32,419.68,73.395,72.5,70.56,112.8228,50.82042694091797
2021-08-04,85.33,84.11,81.99,74.56,76.12,78.71,76.73,422.21,71.92,71.3,68.15,112.8953,89.99213409423828
2021-08-05,82.88,81.68,79.66,71.83,73.34,75.92,73.91,406.7,72.135,71.555,69.09,112.7674,99.66178131103516
2021-08-06,84.51,83.31,81.27,73.61,75.43,77.66,75.65,419.01,71.265,71.03,68.28,113.3088,63.62165832519531
2021-08-09,83.88,82.65,80.47,73.09,74.435,76.725,74.64500000000001,412.125,69.605,68.975,66.48,113.4521,42.60537338256836
2021-08-10,83.25,81.99,79.67,72.57,73.44,75.79,73.64,405.24,71.69,71.05,68.29,113.4973,103.37091064453125
2021-08-11,83.96,82.7,80.38,72.7,74.34,76.79,74.5,409.18,70.69,70.33,69.25,113.282,71.90812683105469
2021-08-12,84.25,82.99,80.67,72.76,74.63,77.3,74.69,411.47,71.62,71.315,69.09,113.2691,76.1509780883789
2021-08-13,83.52,82.26,79.94,71.63,74.0,76.68,73.73,407.91,71.58,71.19,68.44,113.0615,95.29304504394531
2021-08-16,82.0,80.74,78.42,69.65,72.84,75.3,72.26,398.73,70.15,69.7,67.29,113.1698,127.20260620117188
2021-08-17,80.89,79.63,77.31,68.64,72.41,74.94,71.66,396.58,70.375,70.02,66.59,113.6174,157.74131774902344
2021-08-18,81.28,80.12,78.32,68.46,72.57,75.29,71.93,399.98,69.75,69.42,65.46,113.6959,83.16069793701172
2021-08-19,77.68,76.52,74.72,65.31,69.7,72.46,69.12,386.86,66.165,65.865,63.69,114.1106,49.64338684082031
2021-08-20,76.87,75.73,74.03,64.92,69.68,72.25,68.95,387.51,66.44,66.18,62.32,114.5009,68.60346984863281
2021-08-23,76.71,75.57,73.87,65.73,70.58,73.06,69.85,394.29,68.94,68.83,65.82,113.9418,189.92799377441406
2021-08-24,79.98,78.84,77.14,68.51,73.24,75.69,72.5,415.21,70.89,70.96,67.68,113.6795,133.26422119140625
2021-08-25,81.49,80.35,78.65,69.54,74.46,76.86,73.65,417.62,71.325,71.75,68.41,113.6322,47.52607727050781
2021-08-26,81.83,80.69,78.96,70.46,74.92,77.32,74.11,425.97,70.935,71.63,67.42,113.7883,114.39083099365234
2021-08-27,81.97,80.83,79.1,70.96,75.83,78.35,75.16,449.81,71.805,72.42,68.74,113.3404,103.81266021728516
2021-08-30,82.19,80.97,78.85,71.24,75.99,78.38,75.14,444.1,72.105,72.80000000000001,69.21,113.246,107.77188873291016
2021-08-31,82.14,80.92,78.8,71.09,75.86,78.33,75.07,441.7,72.405,73.18,68.5,113.1076,203.01235961914062
2021-09-01,81.86,80.63,78.45,71.16,76.47,79.38,76.04,439.33,71.36,70.975,68.59,112.8732,80.03519439697266
2021-09-02,81.18,80.0,78.07,70.68,75.67,79.06,75.66,433.11,73.97,73.55,69.99,112.7863,106.2608871459961
2021-09-03,84.01,82.81,80.78,72.69,77.67,80.99,77.7,445.66,73.475,73.1,69.29,112.5476,98.69049072265625
2021-09-06,82.94,81.72,79.61,72.16,76.24,79.62,76.26,444.95,72.3,72.23,68.82,112.5476,81.71419525146484
2021-09-07,82.89,81.74,79.96,73.08,76.74,80.04,76.71,457.85,71.755,71.97,68.35,112.9795,117.78018951416016
2021-09-08,82.34,81.12,78.97,71.97,76.18,79.45,76.09,465.1,72.335,72.66,69.3,113.2319,85.30216979980469
2021-09-09,82.92,81.73,79.73,72.89,76.52,79.95,76.6,462.94,72.505,72.86,68.14,113.043,73.61261749267578
2021-09-10,82.93,81.75,79.81,73.08,77.0,80.27,76.87,461.12,72.385,72.92,69.72,112.9425,65.9410400390625
2021-09-13,83.91,82.73,80.79,73.81,77.97,81.19,77.76,460.02,72.835,73.55,70.45,113.0341,104.92296600341797
2021-09-14,84.88,83.7,81.76,74.06,78.58,81.73,78.3,465.12,73.1,73.73,70.46,113.0061,69.78723907470703
2021-09-15,85.22,84.03,82.04,74.64,78.49,81.65,78.3,465.97,75.17,75.95,72.61,112.9773,65.9686279296875
2021-09-16,85.77,84.58,82.82,75.81,79.7,82.95,79.6,477.31,74.055,75.01,72.61,113.3036,119.12415313720703
2021-09-17,85.49,84.3,82.54,75.96,80.37,83.37,80.06,476.28,74.245,75.16,71.97,113.5989,151.90768432617188
2021-09-20,84.41,83.21,81.38,75.36,79.02,82.32,78.93,472.25,74.105,74.65,70.29,113.9422,59.95597839355469
2021-09-21,85.47,84.24,82.24,76.15,79.97,83.14,79.7,467.79,73.185,73.94,70.56,113.8179,84.70899963378906
2021-09-22,86.3,85.06,83.02,76.37,80.93,83.76,80.39,473.44,75.02,75.67,72.34,113.6223,54.23030090332031
2021-09-23,87.13,85.89,83.83,76.81,82.17,84.84,81.57,482.49,76.64,77.29,73.44,113.513,68.83257293701172
2021-09-24,88.16,86.94,84.99,77.63,83.73,86.16,82.88,478.78,77.335,77.9,74.12,113.7597,92.75189971923828
2021-09-27,89.14,87.94,86.08,79.07,85.72,88.01,84.73,483.55,79.115,79.77,75.45,113.7432,57.03129577636719
2021-09-28,89.72,88.54,86.78,79.53,86.52,89.15,85.77,485.9,78.545,79.18,75.29,114.2469,96.15580749511719
2021-09-29,88.32,87.09,85.1,78.11,84.91,87.91,84.81,482.17,78.415,78.93,74.83,114.7092,59.39776611328125
2021-09-30,90.33,89.1,87.11,78.83,86.15,89.25,86.16,485.09,78.815,79.12,75.03,114.6403,102.68067169189453
2021-10-01,89.46,88.16,85.8,78.22,85.76,88.52,85.56,480.13,78.715,78.64,75.88,114.3798,68.03733825683594
2021-10-04,90.95,89.65,87.29,79.13,87.78,90.29,87.33,484.2,81.765,81.7,77.62,114.2739,65.81260681152344
2021-10-05,93.74,92.44,90.08,81.23,90.78,93.2,90.28,503.96,83.455,83.25,78.93,114.3654,171.9004364013672
2021-10-06,95.67,94.37,92.01,82.23,92.78,95.37,92.67,511.06,81.41,81.33,77.43,114.7185,56.072113037109375
2021-10-07,91.71,90.48,88.46,79.33,87.77,90.38,87.71,497.76,81.99,82.12,78.3,114.5044,121.3052978515625
2021-10-08,95.88,94.69,92.85,83.57,92.35,95.11,92.54,512.33,82.975,83.22,79.35,114.5986,94.39959716796875
2021-10-11,97.85,96.66,94.82,84.48,93.89,96.6,94.12,518.78,84.43,84.25,80.52,114.5986,50.806251525878906
2021-10-12,98.09,96.79,94.5,84.35,93.95,96.66,94.31,516.09,83.64,83.52,80.64,114.7542,81.5680160522461
2021-10-13,97.61,96.31,94.02,83.76,92.56,95.31,92.97,502.08,83.325,83.39,80.44,114.4705,94.00530242919922
2021-10-14,99.93,98.63,96.34,84.93,93.9,96.74,94.52,502.78,83.335,83.52,81.31,114.2053,55.363250732421875
2021-10-15,102.47,99.95,97.13,85.6,95.31,98.23,96.07,509.81,84.96,84.95,82.28,114.0905,107.1450424194336
2021-10-18,105.21,101.95,98.31,86.48,96.11,98.75,96.85,499.33,84.63,84.78,82.44,113.9899,126.71024322509766
2021-10-19,104.69,101.43,97.79,85.35,95.31,97.68,95.94,488.09,85.03,85.09,82.96,113.647,133.84112548828125
2021-10-20,103.26,100.0,96.36,84.65,94.7,96.99,95.61,487.21,85.12,85.33,83.87,113.5083,76.40929412841797
2021-10-21,106.27,103.01,99.37,85.31,94.83,97.1,95.62,484.48,83.7,83.78,83.25,113.6188,94.00530242919922
2021-10-22,106.17,102.92,99.37,85.76,94.55,96.75,95.32,473.36,84.97,85.12,84.56,113.67,86.04071807861328
2021-10-25,109.83,106.58,103.03,87.67,95.06,97.25,95.88,486.06,86.115,86.72,84.46,113.605,79.62903594970703
2021-10-26,110.41,107.16,103.61,87.76,95.26,97.36,96.02,480.29,85.845,86.45,84.65,113.674,144.6536102294922
2021-10-27,109.02,105.77,102.27,86.42,94.56,96.7,95.36,471.54,84.475,84.98,82.66,113.6218,102.93289184570312
2021-10-28,105.35,102.1,98.6,85.73,92.93,95.1,93.77,461.34,83.41,83.84,82.81,113.4389,96.13255310058594
2021-10-29,105.81,102.56,99.06,86.8,93.34,95.36,94.06,470.92,83.63,84.2,83.57,114.1349,55.781578063964844
2021-11-01,106.03,102.78,99.28,87.29,93.43,95.35,94.27,467.34,84.695,84.57,84.05,114.2067,124.33229064941406
2021-11-02,107.86,104.61,101.11,88.82,93.9,95.96,94.86,469.92,84.52,84.54,83.91,114.2847,62.866249084472656
2021-11-03,105.0,101.99,98.59,87.79,92.75,94.9,93.71,459.05,82.215,82.29,80.86,114.3593,73.80557250976562
2021-11-04,102.99,99.98,96.58,86.095,91.64,94.01,92.975,454.255,81.885,81.98,78.81,114.3558,122.68769073486328
2021-11-05,100.98,97.97,94.57,84.4,90.53,93.12,92.24,449.46,82.75,82.86,81.27,114.0732,76.9422836303711
2021-11-08,103.19,100.18,96.78,86.12,92.9,95.78,94.93,465.36,84.085,83.75,81.93,113.8256,46.36564636230469
2021-11-09,101.52,99.09,96.34,86.57,93.45,96.02,95.36,461.95,84.565,84.15,84.15,113.762,84.5761947631836
2021-11-10,102.4,99.97,97.22,88.35,95.03,97.64,97.14,464.85,84.3,84.16,81.34,114.1484,135.30206298828125
2021-11-11,100.25,97.82,95.07,85.79,91.74,94.38,93.88,453.78,83.02,82.52,81.59,114.1484,83.04486846923828
2021-11-12,98.86,96.4,93.51,85.82,90.9,93.38,92.97,449.89,82.65,82.51,80.79,114.5144,101.21734619140625
2021-11-15,98.21,95.75,92.86,84.98,88.75,91.16,90.79,448.22,81.53,81.38,80.88,114.5876,141.16055297851562
2021-11-16,99.01,96.62,94.06,85.68,90.0,92.79,92.45,461.16,82.76,82.37,80.76,115.136,122.86271667480469
2021-11-17,97.39,95.32,93.11,84.86,89.35,92.22,91.85,459.95,82.395,81.56,78.36,115.0263,126.06885528564453
2021-11-18,93.79,91.73,89.56,81.94,86.92,89.46,89.19,446.24,82.15,80.96,79.01,115.0678,158.1717071533203
2021-11-19,95.82,93.76,91.59,83.88,89.01,91.64,91.31,460.51,79.695,78.68,76.1,115.2187,108.7573471069336
2021-11-22,91.05,89.02,86.98,80.73,86.17,88.53,88.2,442.34,81.105,80.08,76.69,115.6481,128.9940643310547
2021-11-23,90.96,89.59,87.37,80.82,85.99,88.06,87.67,442.0,82.825,81.98,78.45,116.0118,80.91041564941406
2021-11-24,94.33,92.92,90.52,83.54,89.54,91.39,90.94,461.59,83.125,82.89,78.39,116.2711,87.68561553955078
2021-11-25,93.67,92.26,89.86,83.21,89.3,91.25,90.85,457.34,82.26,82.25,75.57666666666667,116.2711,118.09510040283203
2021-11-26,88.44,87.03,84.63,79.4,82.94,85.3,85.06,431.96,73.27,73.72,72.76333333333334,116.5103,58.97747039794922
2021-11-29,86.52,85.11,82.71,78.21,80.97,83.48,83.24,419.31,74.95,74.94,69.95,116.581,60.78105545043945
2021-11-30,83.96,82.55,80.15,75.84,78.12,80.49,80.25,406.9,70.96,70.345,66.18,116.2071,92.78900909423828
2021-12-01,83.36,81.95,79.55,75.15,79.28,80.64,80.4,400.67,71.945,71.64,65.57,115.889,86.94403076171875
2021-12-02,82.44,81.06,78.81,73.46,78.0,79.8,79.48,388.46,70.705,69.98,66.5,116.018,93.12439727783203
2021-12-03,84.42,83.0,80.53,74.33,80.31,82.43,82.11,396.67,71.92,71.44,66.26,116.2377,106.17205047607422
2021-12-06,84.02,82.57,80.06,73.11,79.14,81.54,81.13,394.87,72.19,72.15,69.49,116.1538,120.544677734375
2021-12-07,87.91,86.46,83.95,76.61,82.71,84.72,84.23,410.87,75.81,75.89,72.05,115.8555,202.4346923828125
2021-12-08,89.81,88.36,85.85,77.61,83.31,85.71,85.07,415.84,75.735,75.95,72.36,115.4418,145.55889892578125
2021-12-09,89.49,88.91,87.0,78.79,84.54,86.73,85.97,419.57,75.25,75.41,70.94,115.7784,104.557373046875
2021-12-10,90.31,89.31,86.71,77.59,84.15,86.3,85.46,410.74,74.315,74.74,71.67,115.5732,164.97715759277344
2021-12-13,91.93,90.93,88.33,78.97,85.23,87.62,86.47,419.93,74.25,74.96,71.29,115.842,110.41893005371094
2021-12-14,90.94,89.94,87.49,78.83,85.1,87.13,86.03,418.67,73.54,73.87,70.73,116.2397,129.9046173095703
2021-12-15,88.41,87.26,84.81,77.33,83.76,85.74,84.64,414.75,72.83,73.07,70.87,116.4219,72.01234436035156
2021-12-16,88.57,87.52,85.12,78.65,84.78,86.49,85.4,421.93,74.76,75.35,72.38,115.7146,136.24957275390625
2021-12-17,89.32,88.45,86.0,78.53,84.87,86.34,85.27,418.43,72.995,73.84,70.86,115.791,95.44012451171875
2021-12-20,85.4,84.66,82.85,74.66,80.9,82.53,81.45,399.05,69.03,69.91,68.23,116.0092,53.08602523803711
2021-12-21,86.58,85.84,84.03,74.74,80.4,82.61,81.53,403.87,72.72,73.58,71.22,116.1089,101.40513610839844
2021-12-22,88.63,87.89,86.08,76.63,83.15,85.45,84.23,417.09,74.11,74.69,72.86,115.7485,141.3362274169922
2021-12-23,90.02,89.3,87.59,77.81,84.52,87.13,85.91,425.2,75.675,76.3,73.79,115.5337,135.30911254882812
2021-12-24,91.17,90.4,88.46,78.38,84.68,87.32,86.1,428.52,75.365,76.2,74.68,115.5337,135.7197723388672
2021-12-27,91.72,90.95,89.00999999999999,79.755,85.88,88.835,87.56,435.82,76.08666666666666,76.90333333333334,75.57,115.4684,78.87065887451172
2021-12-28,92.27,91.5,89.56,81.13,87.08,90.35,89.02,443.12,76.80833333333334,77.60666666666667,75.98,115.4192,58.89009475708008
2021-12-29,93.05,92.28,90.34,81.01,87.57,90.88,89.55,444.33,77.53,78.31,76.56,115.3678,37.88884735107422
2021-12-30,93.64,92.87,90.93,81.69,86.99,90.63,89.3,446.54,78.315,79.08,76.99,115.283,147.22523498535156
2021-12-31,93.5,92.71,90.67,82.22,86.88,90.57,89.4,448.29,77.02,77.78,76.535,115.283,76.59115600585938
2022-01-03,93.46,92.68,90.67,81.37,86.5,90.35,89.18,445.62,78.005,78.75,76.08,115.4101,52.34305953979492
2022-01-04,94.11,93.33,91.33,81.0,86.88,91.32,90.15,447.69,78.99,79.72,76.99,115.3103,88.9631118774414
2022-01-05,94.03,93.25,91.25,79.97,88.67,92.62,91.47,449.96,80.9,81.305,77.85,115.137,96.48255157470703
2022-01-06,94.21,93.43,91.43,79.35,89.35,93.08,91.99,451.89,82.305,82.5,79.46,115.4046,70.01464080810547
2022-01-07,95.49,94.73,92.83,81.33,91.43,94.56,93.55,461.75,82.48,82.11,78.9,115.0451,118.95960998535156
2022-01-10,95.39,94.63,92.73,81.67,92.57,94.87,93.7,459.44,82.245,81.4,78.23,115.2216,130.00657653808594
2022-01-11,94.44,93.68,91.78,81.34,92.18,94.72,93.44,456.04,84.65,83.46,81.22,114.8332,188.9130096435547
2022-01-12,96.56,95.9,94.52,83.36,94.98,97.73,96.23,468.18,86.53,84.95,82.64,114.355,78.2134017944336
2022-01-13,98.09,97.37,95.7,84.09,95.77,98.67,97.18,473.18,86.195,84.64,82.12,114.177,170.64743041992188
2022-01-14,98.28,97.53,95.72,84.82,96.8,100.01,98.48,477.44,86.965,85.61,83.82,114.3825,133.57127380371094
2022-01-17,99.3,98.62,97.18,85.15,98.48,101.43,99.87,486.17,87.72,86.46,84.625,114.3825,109.26873016357422
2022-01-18,101.23,100.48,98.7,85.93,100.31,103.18,101.68,501.14,88.525,87.15,85.43,114.7373,138.8214874267578
2022-01-19,100.27,99.52,97.74,85.95,98.54,102.01,100.51,503.55,90.51,88.875,86.96,114.6109,153.562744140625
2022-01-20,100.54,99.79,97.99,86.03,98.1,101.82,100.64,508.58,90.915,89.24,86.9,114.4642,136.3739776611328
2022-01-21,99.81,99.06,97.26,85.05,96.82,100.53,99.21,502.42,89.805,88.28,86.39,114.6125,185.75144958496094
2022-01-24,101.52,100.77,98.97,86.49,99.41,103.24,101.98,508.07,87.52,85.89,84.21,115.2034,185.8010711669922
2022-01-25,100.58,99.83,98.01,85.08,97.76,101.66,100.41,499.65,89.45,87.82,86.5,115.1654,291.5824279785156
2022-01-26,102.6,101.85,100.03,87.32,99.29,103.05,101.69,508.01,92.015,90.43,87.35,115.0922,260.3373107910156
2022-01-27,104.26,103.47,101.44,88.37,101.21,104.71,103.38,514.03,91.285,90.07,86.61,115.978,265.0054016113281
2022-01-28,105.18,104.29,101.75,88.54,101.69,105.81,104.48,510.66,92.86,91.18,86.82,116.0393,182.23171997070312
2022-01-31,106.38,105.4,102.4,90.04,102.46,106.61,105.36,512.18,92.52,91.09,88.15,115.566,142.98854064941406
2022-02-01,106.64,105.66666666666669,102.69666666666669,90.34666666666666,102.48666666666666,106.42,105.13333333333334,511.8566666666666,93.265,89.74,88.2,115.3685,190.58609008789062
2022-02-02,106.9,105.93333333333334,102.99333333333334,90.65333333333334,102.51333333333334,106.23,104.90666666666668,511.5333333333333,91.935,88.71,88.26,115.1538,250.3199920654297
2022-02-03,107.16,106.2,103.29,90.96,102.54,106.04,104.68,511.21,93.46,89.97,90.27,114.9065,176.28762817382812
2022-02-04,108.43,107.54,104.96,92.92,105.41,108.78,107.42,522.89,97.66,93.55,92.31,115.1362,92.57479858398438
2022-02-07,108.72,107.84,105.3,93.25,106.05,110.4,109.4,524.01,98.2,93.35,91.32,115.0098,195.15126037597656
2022-02-08,107.91,107.18,105.4,92.31,104.41,109.28,108.59,517.96,95.34,90.45,89.36,115.0892,158.38780212402344
2022-02-09,107.46,106.73,104.95,91.45,102.79,107.79,107.3,502.84,96.745,92.11,89.66,114.8232,117.17926788330078
2022-02-10,110.52,109.7,107.69,93.22,105.34,109.41,108.9,509.48,97.425,92.86,89.88,114.5527,108.53760528564453
2022-02-11,110.19,109.37,107.36,92.54,104.63,108.77,108.14,507.16,97.835,93.29,93.1,114.8413,179.2779541015625
2022-02-14,113.72,112.72,110.29,95.98,107.48,112.43,111.61,529.63,99.715,95.09,95.46,115.1946,191.8865509033203
2022-02-15,113.37,112.36,109.89,96.09,107.16,111.71,111.03,531.41,97.655,93.03,92.07,114.93,229.06053161621094
2022-02-16,112.52,111.51,109.04,95.67,106.64,111.52,110.83,522.03,100.795,95.99,93.66,114.6886,223.4668731689453
2022-02-17,110.74,109.73,107.26,94.87,105.18,110.06,109.37,518.14,97.305,93.11,91.76,114.6755,228.45294189453125
2022-02-18,109.21,108.2,105.73,92.9,102.99,107.88,107.12,507.98,97.35,93.34,91.07,114.7982,226.35154724121094
2022-02-21,110.31,109.3,106.83,94.11,103.59,108.49,107.75,513.33,98.98,95.26,91.71,114.7982,152.3668212890625
2022-02-22,115.73,114.63,111.69,98.87,109.13,113.76,113.22,547.34,100.335,97.11,92.35,114.7002,279.43438720703125
2022-02-23,113.37,112.27,109.33,96.65,105.95,110.53,109.99,528.08,100.485,97.48,92.95,114.6668,431.0212097167969
2022-02-24,118.33,117.23,114.29,102.67,111.31,116.36,115.82,560.33,106.52,104.08,93.66,115.9419,370.7033996582031
2022-02-25,116.71,115.61,112.67,101.37,109.88,114.8,114.26,538.47,99.5,97.07,92.44,115.2577,515.8916625976562
2022-02-28,117.3,116.2,113.26,102.33,110.73,115.45,114.91,545.54,103.2,99.92,95.72,115.2224,452.6180725097656
2022-03-01,118.28,117.2,114.36,106.87,113.15,117.81,117.31,555.71,112.92,106.37,103.41,115.7962,540.827392578125
2022-03-02,126.62,125.54,122.7,120.45,120.88,129.74,129.0,576.49,117.3,110.3,110.6,115.7623,523.524658203125
2022-03-03,134.43,133.35,130.51,125.87,124.47,137.77,136.58,627.12,119.805,113.84,107.67,115.9495,436.8221435546875
2022-03-04,129.09,127.8,123.93,115.45,126.06,137.55,136.09,611.87,120.23,114.78,115.68,116.6503,350.0732116699219
2022-03-07,147.17,145.88,142.01,128.61,148.4,160.78,158.44,696.5,130.045,124.95,119.4,117.3278,362.3121032714844
2022-03-08,146.15,144.86,140.99,125.62,147.72,160.45,157.65,699.93,137.64,131.53,123.7,117.6176,352.1051025390625
2022-03-09,155.07,153.77,149.84,129.08,161.49,180.93,176.33,739.13,129.515,122.78,108.7,116.5961,295.3064270019531
2022-03-10,138.9,137.6,133.67,117.1,139.82,155.9,150.13,676.03,121.105,113.9,106.02,116.7401,352.40081787109375
2022-03-11,130.7,129.4,125.47,112.1,122.66,134.03,128.26,681.05,118.975,111.78,109.33,117.0192,410.3309631347656
2022-03-14,130.64,129.34,125.41,111.2,121.86,128.84,123.07,645.52,111.625,105.52,103.01,117.1506,350.1087951660156
2022-03-15,120.96,119.66,115.73,98.94,112.63,117.09,111.73,594.55,107.955,101.75,96.44,117.246,311.88226318359375
2022-03-16,125.16,123.86,119.93,102.43,116.02,122.54,117.67,615.02,106.48,99.95,95.04,116.8073,473.2239685058594
2022-03-17,124.92,123.62,119.69,100.06,121.32,127.72,123.12,598.86,113.71,107.09,102.98,116.0467,290.32562255859375
2022-03-18,130.47,129.17,125.24,103.58,127.96,134.93,130.18,615.54,113.275,107.19,104.7,116.1378,285.3160400390625
2022-03-21,133.18,132.08,129.17,105.24,137.11,144.7,139.97,641.97,120.875,115.28,112.12,115.9398,227.73902893066406
2022-03-22,134.53,133.22,129.27,105.2,137.74,144.19,139.51,655.05,120.33,114.95,111.76,116.0824,244.8419647216797
2022-03-23,134.72,133.41,129.46,108.02,143.14,147.71,143.36,678.02,126.495,121.59,117.23,116.005,267.4743957519531
2022-03-24,137.57,136.26,132.31,109.68,149.38,153.31,148.96,712.56,124.04,119.8,114.84,115.9599,317.01409912109375
2022-03-25,131.14,129.84,125.96,104.28,142.02,148.78,144.27,685.32,124.35,120.84,116.4,115.7921,350.7424621582031
2022-03-28,130.91,129.7,126.25,105.13,142.23,147.74,142.42,700.23,117.56,114.02,105.96,116.1911,281.920654296875
2022-03-29,128.32,127.09,123.54,104.55,138.05,143.62,137.94,686.52,112.37,110.07,104.24,115.5679,233.35958862304688
2022-03-30,128.54,127.31,123.76,103.31,138.52,142.89,136.56,677.55,115.935,113.9,107.82,115.0818,233.50888061523438
2022-03-31,127.5,126.04,121.81,99.59,136.82,140.23,133.55,674.93,110.085,108.56,100.28,115.2218,254.8129119873047
2022-04-01,123.33,121.89,117.76,96.04,133.07,138.73,131.16,686.83,107.425,106.01,99.27,115.4814,188.15780639648438
2022-04-04,124.86,123.56,120.11,96.8,135.6,145.67,138.1,700.45,108.725,108.14,103.28,115.4112,163.0200653076172
2022-04-05,127.51,126.33,123.47,98.85,134.74,146.07,138.25,708.61,107.675,107.22,101.96,115.73,212.41769409179688
2022-04-06,126.7,125.49,122.5,98.32,133.61,146.33,138.06,712.79,104.515,104.49,96.23,115.9995,175.74716186523438
2022-04-07,122.85,121.53,118.0,93.89,126.14,139.13,130.78,683.38,98.275,99.05,96.03,116.3512,243.41552734375
2022-04-08,122.86,121.62,118.51,95.78,124.68,137.97,129.62,700.08,100.43,101.49,98.26,116.4176,219.47674560546875
2022-04-11,121.96,120.69,117.45,96.42,124.28,137.6,129.08,692.63,98.495,99.24,94.29,116.5401,195.2273712158203
2022-04-12,120.09,118.9,116.04,95.49,126.73,141.44,131.92,707.66,105.325,105.54,100.6,116.3866,226.25242614746094
2022-04-13,124.66,123.51,120.84,99.35,131.48,148.38,138.58,717.9,106.635,107.01,104.25,116.2796,258.87689208984375
2022-04-14,129.85,128.75,126.34,101.46,139.77,156.15,145.67,724.55,106.57,107.51,106.95,116.7558,265.656005859375
2022-04-18,133.86,132.56,129.16,103.22,143.27,157.85,146.76,725.05,106.11,107.405,108.21,116.8441,218.6294708251953
2022-04-19,133.49,132.19,128.79,101.2,141.68,157.41,146.21,730.55,105.65,107.3,102.56,117.1324,213.5172576904297
2022-04-20,130.39,129.09,125.69,97.27,137.96,155.49,144.13,716.69,105.51,107.24,102.75,116.7306,189.60824584960938
2022-04-21,133.29,131.91,128.11,97.22,138.36,155.79,144.43,713.87,106.23,108.05,104.59,117.1432,128.264404296875
2022-04-22,133.73,132.14,127.78,95.31,134.78,150.89,140.26,693.54,105.365,106.88,102.97,118.0186,246.79725646972656
2022-04-25,125.08,123.79,120.95,89.62,129.3,145.54,135.94,665.75,97.545,99.83,99.54,118.6271,246.8994598388672
2022-04-26,128.02,126.62,123.23,90.91,130.4,147.14,138.17,672.74,102.23,104.13,101.7,118.9624,160.5444793701172
2022-04-27,132.97,131.42,127.28,95.25,138.72,154.89,145.92,715.75,102.9,104.46,102.02,119.4708,186.6986541748047
2022-04-28,133.35,131.78,127.56,93.61,138.97,154.73,145.86,711.59,105.73,106.83,105.36,120.0675,176.37631225585938
2022-04-29,136.27,134.7,130.48,94.48,144.09,158.86,150.25,728.15,108.16,109.36,104.69,119.4933,148.93714904785156
2022-05-02,138.28,136.49666666666667,132.26333333333332,94.40333333333334,145.39,159.72,151.11,731.6833333333333,107.1425,107.915,105.17,119.8825,96.6702651977539
2022-05-03,140.29000000000002,138.29333333333332,134.04666666666668,94.32666666666668,146.69,160.58,151.97,735.2166666666667,106.125,106.47,102.41,119.7043,157.47349548339844
2022-05-04,142.3,140.09,135.83,94.25,147.99,161.44,152.83,738.75,109.02,108.7,107.81,119.5592,163.44906616210938
2022-05-05,144.65,142.43,138.13,93.78,149.92,164.72,156.11,729.63,112.41,111.37,108.26,120.0068,144.69874572753906
2022-05-06,144.65,142.43,138.12,94.93,148.53,160.65,151.54,705.89,114.325,113.39,109.77,119.8577,174.06805419921875
2022-05-09,144.86,142.68,138.59,96.92,149.18,156.91,147.96,684.29,106.74,106.59,103.09,120.4972,150.86941528320312
2022-05-10,139.96,137.86,134.17,95.32,142.83,151.18,142.24,650.76,103.865,104.08,99.76,120.7742,143.2461700439453
2022-05-11,137.21,135.11,131.42,96.11,143.24,154.8,145.91,639.13,107.48,107.23,105.71,120.3925,176.37631225585938
2022-05-12,138.47,136.37,132.69,95.77,137.29,150.1,141.03,637.93,108.695,108.37,106.13,121.2796,158.2610626220703
2022-05-13,146.14,143.98,139.98,97.72,140.77,154.08,144.98,650.24,111.35,110.83,110.49,120.8442,162.08282470703125
2022-05-16,149.31,147.14999999999998,143.14999999999998,97.415,139.14,151.87,143.065,656.515,113.135,112.38,114.2,120.6881,168.75344848632812
2022-05-17,152.48,150.32,146.32,97.11,137.51,149.66,141.15,662.79,116.51,115.14,112.4,119.8871,174.62417602539062
2022-05-18,156.23,153.84,148.7,96.59,139.23,149.6,141.38,651.52,111.325,110.2,109.59,120.0274,165.89596557617188
2022-05-19,149.13,146.74,141.6,92.68,130.52,140.77,132.62,615.4,111.35,110.21,112.21,119.4278,162.38076782226562
2022-05-20,160.05,157.05,148.87,95.14,136.39,146.02,138.48,643.06,113.815,112.44,113.23,119.3677,140.9603271484375
2022-05-23,152.88,149.88,141.7,95.98,137.52,146.29,138.93,660.12,115.525,113.57,112.99,118.7169,150.3084716796875
2022-05-24,148.87,145.87,137.69,93.95,138.08,145.14,138.35,654.14,115.815,113.9,112.02,118.6245,222.35826110839844
2022-05-25,150.3,147.3,139.12,92.58,142.29,149.24,142.91,660.19,115.74,114.02,112.63,118.9598,155.10350036621094
2022-05-26,153.62,150.62,142.44,91.46,143.39,151.22,144.8,656.91,118.685,117.01,114.09,118.7687,134.57305908203125
2022-05-27,157.26,154.26,146.08,93.09,146.43,155.97,149.49,652.59,119.665,118.16,115.07,118.2834,155.51962280273438
2022-05-30,161.12,158.12,149.94,92.06,149.19,159.29,152.66,637.06,122.335,120.63,114.87,118.2834,115.82404327392578
2022-05-31,160.01,157.58,151.07,93.0,155.9,168.36,161.6,672.38,124.375,122.12,114.67,118.0704,190.30909729003906
2022-06-01,154.98,152.71,147.0,88.48,155.52,167.19,160.77,656.82,122.96,117.36,115.26,118.6954,168.34361267089844
2022-06-02,154.2,148.6,144.89,85.33,153.2,165.25,158.29,626.14,123.53333333333332,118.03666666666666,116.87,118.0658,142.59397888183594
2022-06-03,155.09,153.59,147.6,89.44,161.4,171.84,165.75,650.3,124.10666666666668,118.71333333333334,118.87,118.2153,142.78309631347656
2022-06-06,159.09,157.41,150.5,90.69,166.65,177.18,170.61,636.0,124.68,119.39,118.5,118.3081,190.12530517578125
2022-06-07,157.32,154.9,148.36,88.32,168.07,177.22,170.44,627.18,125.795,120.18,119.41,118.4414,139.0311279296875
2022-06-08,156.16,153.74,147.2,85.14,164.09,173.34,166.18,619.66,128.29,122.72,122.11,118.3951,152.3668212890625
2022-06-09,158.51,156.64,152.95,86.14,165.0,175.08,167.92,625.08,128.925,123.86,121.51,118.9226,115.55469512939453
2022-06-10,162.43,160.37,155.72,82.51,169.64,180.12,172.77,646.27,127.55,121.32,120.67,119.9981,94.34528350830078
2022-06-13,157.16,154.78,148.55,82.75,165.55,176.94,169.01,656.95,127.965,120.99,120.93,121.1523,147.22523498535156
2022-06-14,160.52,158.09,151.59,82.08,168.09,179.84,171.02,690.22,132.06,124.73,118.93,121.6669,136.36642456054688
2022-06-15,160.54,158.11,151.61,80.05,169.6,181.73,172.61,650.48,128.16,121.24,115.31,121.6403,110.05207824707031
2022-06-16,159.2,156.77,150.27,80.43,171.45,183.94,175.3,641.75,124.275,117.95,117.58,120.6714,132.2822265625
2022-06-17,160.48,158.05,151.55,85.07,174.01,186.0,177.17,652.54,120.575,114.42,109.56,121.2369,114.04771423339844
2022-06-20,154.08,151.46,143.99,82.29,166.8,178.68,170.28,603.09,119.74,113.97,110.105,121.2369,115.72289276123047
2022-06-21,163.44,160.86,153.59,83.06,173.74,186.03,177.05,617.67,120.54,114.98,110.65,120.6427,116.76954650878906
2022-06-22,157.84,155.26,147.99,77.5,165.03,179.05,169.83,585.73,116.59,111.12,107.69,120.5197,121.32015991210938
2022-06-23,155.47,152.89,145.62,80.29,164.61,180.15,170.56,599.83,117.325,111.63,106.07,120.7622,143.56231689453125
2022-06-24,155.84,153.4,146.82,83.01,163.07,181.45,171.77,603.18,119.945,114.24,109.67,120.4853,149.3589324951172
2022-06-27,159.22,156.51,148.56,84.67,162.37,179.61,169.93,612.59,120.65,114.96,109.57,120.1736,131.99984741210938
2022-06-28,158.04,155.79,148.57,86.04,161.69,176.62,166.94,615.62,122.94,117.38,111.76,120.62,200.76168823242188
2022-06-29,156.61,154.51,148.02,85.31,154.23,167.31,157.63,622.45,124.585,118.46,109.78,120.9616,181.88807678222656
2022-06-30,151.63,149.53,143.04,86.19,150.62,165.12,155.45,594.09,120.485,114.45,105.76,120.9652,173.20616149902344
2022-07-01,147.57,145.63,137.48,86.97,152.32,166.96,157.92,566.14,121.54,111.12,108.43,121.5058,119.07923889160156
2022-07-04,151.18,148.63,139.9,87.52,149.16,163.52,154.79,550.1,124.785,113.89,103.965,121.5058,80.43762969970703
2022-07-05,149.69,147.38,138.39,89.17,148.14,163.02,154.52,551.72,113.15,103.06,99.5,122.6203,109.64945220947266
2022-07-06,131.93,129.67,120.94,85.41,133.91,149.39,141.12,519.44,109.945,100.52,98.53,123.0073,138.9888458251953
2022-07-07,125.11,123.12,115.72,83.64,124.77,137.37,129.32,497.77,114.625,105.68,102.73,122.7257,88.63056945800781
2022-07-08,126.25,124.75,119.81,85.64,136.85,150.61,142.56,517.33,115.615,107.06,104.79,122.4662,110.41893005371094
2022-07-11,125.415,123.915,118.985,84.39500000000001,136.985,149.03,140.98000000000002,508.86,114.605,106.63,104.09,123.2974,112.85301208496094
2022-07-12,124.58,123.08,118.16,83.15,137.12,147.45,139.4,500.39,108.905,100.51,95.84,123.4524,113.63867950439453
2022-07-13,119.59,118.02,112.74,81.28,136.9,147.91,139.9,468.47,108.53,100.05,96.3,123.2834,182.87045288085938
2022-07-14,114.34,112.9,108.26,79.84,132.73,142.42,134.23,466.57,105.93,97.22,95.78,124.0622,165.35279846191406
2022-07-15,110.72,109.56,106.32,78.09,133.12,142.45,134.14,465.86,111.065,101.89,97.59,123.4765,192.0329132080078
2022-07-18,116.89,115.61,111.75,80.09,134.69,144.23,136.12,504.89,115.08,106.48,102.6,122.7727,128.70916748046875
2022-07-19,119.48,118.27,113.99,80.56,134.25,142.47,134.29,506.56,113.46,105.81,104.22,122.4819,151.07994079589844
2022-07-20,117.31,116.26,112.8,79.94,131.02,138.72,130.49,501.39,113.735,106.87,102.26,122.5997,149.56410217285156
2022-07-21,111.09,110.04,106.58,78.03,128.94,136.55,128.26,485.0,110.62,104.08,99.35,122.9032,117.50662994384766
2022-07-22,108.26,107.21,103.75,79.14,128.59,136.55,128.51,479.02,110.22,105.46,98.0,122.451,125.4760513305664
2022-07-25,109.36,108.26,105.58,78.21,123.92,131.9,123.86,481.89,108.605,105.01,99.7,122.4594,109.55962371826172
2022-07-26,119.61,117.95,114.62,79.1,130.19,138.51,130.5,503.13,109.53,105.46,94.98,122.7581,160.8621063232422
2022-07-27,119.67,117.65,113.07,77.57,130.2,138.6,130.64,492.29,110.635,106.69,97.26,122.8169,145.54339599609375
2022-07-28,122.13,120.1,115.47,79.99,136.16,144.92,136.96,512.97,111.89,107.87,96.42,122.1161,106.68494415283203
2022-07-29,122.01,119.98,115.35,78.77,134.58,142.87,134.86,512.69,114.135,111.11,98.62,121.7678,68.24624633789062
2022-08-01,119.06,117.08,112.7,77.86,129.75,138.13,130.48,519.61,107.07,100.01,93.89,121.4109,130.93153381347656
2022-08-02,114.52,112.54,108.16,76.73,122.87,133.11,125.72,510.56,106.555,100.72,94.42,121.9486,204.4794921875
2022-08-03,115.27,113.31,109.03,77.35,122.43,132.41,125.29,502.62,103.15,98.73,90.66,122.3888,210.2315673828125
2022-08-04,110.87,108.98,105.03,75.29,125.9,135.07,128.51,493.26,97.765,94.1,88.54,121.8333,212.0501708984375
2022-08-05,105.49,103.67,100.05,73.01,122.02,130.33,124.34,482.43,101.41,96.06,89.01,122.321,163.9325408935547
2022-08-08,107.92,106.1,102.48,73.24,115.61,123.72,118.0,485.33,103.47,96.75,90.76,121.8783,149.09796142578125
2022-08-09,108.77,106.935,103.245,72.88499999999999,118.335,125.89,120.31,489.725,103.905,97.5,90.5,121.8614,212.57118225097656
2022-08-10,109.62,107.77,104.01,72.53,121.06,128.06,122.62,494.12,101.445,95.79,91.93,120.7543,80.65382385253906
2022-08-11,113.87,112.12,108.86,74.3,126.41,133.2,127.76,519.34,104.63,99.06,94.34,120.7163,130.26951599121094
2022-08-12,115.38,113.6,110.19,73.47,129.7,136.36,130.96,542.5,102.875,98.03,92.09,121.018,182.54019165039062
2022-08-15,113.46,111.58,107.64,70.58,127.07,133.9,128.74,520.84,97.62,94.49,89.41,121.4315,110.41893005371094
2022-08-16,110.79,108.98,105.36,67.96,128.19,134.52,129.97,491.87,96.255,93.34,86.53,121.6807,96.5411376953125
2022-08-17,110.84,108.96,104.99,67.78,127.67,134.42,129.85,478.3,93.27,93.15,88.11,122.0711,156.08956909179688
2022-08-18,114.02,112.08,107.8,70.3,131.57,138.33,133.95,474.76,96.295,96.33,90.5,122.3627,100.73998260498047
2022-08-19,114.76,112.82,108.54,71.19,132.48,139.32,134.73,479.66,97.16,96.86,90.77,123.0501,117.67557525634766
2022-08-22,114.51,112.57,108.29,70.26,135.4,142.16,137.52,484.08,93.835,94.62,90.23,123.605,101.72952270507812
2022-08-23,116.36,114.46,110.39,71.36,141.44,149.14,144.27,493.29,98.43,99.65,94.39,123.0547,145.3411865234375
2022-08-24,117.55,115.71,111.94,72.17,143.58,151.0,146.14,499.86,98.89,99.69,95.69,123.109,102.45054626464844
2022-08-25,115.01,113.24,109.84,71.11,149.9,157.39,152.5,505.29,100.035,100.52,92.97,123.0586,149.11880493164062
2022-08-26,112.71,111.05,108.18,69.47,146.85,153.83,149.03,500.33,99.455,99.72,93.06,123.0656,108.25385284423828
2022-08-29,112.66,111.01,108.18,69.93,146.16,152.51,147.53,497.94,99.56,99.925,97.01,123.4686,120.45700073242188
2022-08-30,113.0,111.35,108.52,70.47,143.62,150.46,145.48,491.92,99.665,100.13,91.64,123.6848,115.27250671386719
2022-08-31,101.79,100.14,97.31,65.58,137.87,145.27,140.3,454.13,96.675,97.06,89.55,123.535,97.74789428710938
2022-09-01,97.81,96.16,93.33,66.47,130.46,138.23,132.82,441.54,92.58,92.82,86.61,124.4006,187.71217346191406
2022-09-02,104.98,102.97,98.33,68.8,132.58,140.19,134.67,454.84,94.17,94.28,86.87,123.7743,84.12870788574219
2022-09-05,106.86,104.77,99.72,68.37,136.74,143.73,138.37,464.15,94.785,95.53,86.875,123.7743,83.9590835571289
2022-09-06,108.1,106.0,100.9,68.62,134.97,142.54,137.18,458.01,92.165,93.34,86.88,124.767,119.15711212158203
2022-09-07,106.16,104.14,99.42,66.77,129.93,137.9,131.3,437.31,88.18,89.61,81.94,124.8408,124.28883361816406
2022-09-08,100.85,98.83,94.11,62.62,129.0,137.48,130.81,409.08,87.775,89.01,83.54,124.578,99.42936706542969
2022-09-09,103.69,101.67,96.95,64.95,128.22,137.51,130.75,413.96,90.645,91.59,86.79,123.7874,94.32772064208984
2022-09-12,105.95,103.99,99.57,65.86,129.69,139.06,131.96,424.79,93.21,94.52,87.78,123.3332,111.95556640625
2022-09-13,108.75,106.84,102.65,67.47,131.68,141.43,134.81,431.39,91.445,92.84,87.31,124.4242,132.26222229003906
2022-09-14,105.7,103.79,99.6,68.21,120.03,129.56,123.77,420.27,93.125,94.51,88.48,124.4509,202.9320831298828
2022-09-15,102.73,100.85,96.83,68.18,111.68,118.55,114.39,421.07,89.225,90.81,85.1,124.8843,95.6089096069336
2022-09-16,93.73,91.85,87.83,66.63,110.07,116.93,113.08,417.35,91.02,92.25,85.11,124.8794,127.40645599365234
2022-09-19,93.27,91.39,87.37,66.8,109.66,117.1,113.25,410.79,90.1575,91.44,85.73,125.0104,122.18487548828125
2022-09-20,98.74,96.92,93.22,68.89,117.24,125.25,121.7,421.2,89.295,90.63,84.45,125.1248,109.77320098876953
2022-09-21,100.06,98.26,94.66,68.99,120.74,128.86,125.31,424.3,88.12,89.62,83.44,125.7399,189.75428771972656
2022-09-22,97.45,95.65,92.05,68.77,117.61,125.69,123.11,424.82,89.175,90.73,83.89,126.1667,225.8568878173828
2022-09-23,92.79,91.01,87.51,67.91,112.72,121.47,119.36,409.53,85.285,86.81,79.19,127.2853,187.7991180419922
2022-09-26,89.74,87.98,84.58,65.22,108.61,117.37,115.32,399.08,84.625,85.74,76.71,128.4539,163.0200653076172
2022-09-27,91.76,90.0,86.6,64.34,108.57,117.36,115.27,385.54,86.39,86.46,78.5,128.4386,155.8855438232422
2022-09-28,93.16,91.4,88.0,65.67,109.6,118.96,117.24,385.58,88.27,88.22,82.15,128.0884,202.5867919921875
2022-09-29,94.9,93.14,89.74,67.71,115.97,124.22,122.56,395.53,89.805,88.82,81.23,127.5437,156.9405975341797
2022-09-30,95.43,93.67,90.27,67.34,112.33,120.74,119.28,397.48,87.92,87.4,79.49,127.5148,162.7410430908203
2022-10-03,94.16,92.4,89.0,68.87,114.12,124.65,123.12,390.02,90.09,88.5,83.63,127.0813,123.89524841308594
2022-10-04,91.57,89.81,86.41,70.23,114.03,127.44,125.45,389.24,93.73,91.89,86.52,126.1819,164.21275329589844
2022-10-05,95.76,94.03,90.76,72.98,116.67,132.95,130.89,403.24,95.24,93.71,87.76,126.8616,171.14932250976562
2022-10-06,96.86,95.31,92.93,73.51,124.07,140.45,137.87,400.83,96.055,94.54,88.45,127.2493,202.70140075683594
2022-10-07,98.3,96.75,94.37,73.15,129.76,146.04,143.22,409.25,98.775,97.76,92.64,127.3111,144.24093627929688
2022-10-10,98.73,97.11,94.38,73.17,130.64,145.93,142.27,418.29,98.395,97.44,91.13,127.3111,193.3405303955078
2022-10-11,96.24,94.47,90.98,71.83,121.78,136.12,131.86,399.92,95.335,94.38,89.35,127.6641,228.25112915039062
2022-10-12,97.56,95.79,92.3,71.09,123.49,137.68,133.42,398.4,93.08,92.82,87.27,128.1481,181.95040893554688
2022-10-13,96.46,94.69,91.2,69.91,126.99,140.3,136.04,382.99,93.98,93.93,89.11,127.7286,133.84112548828125
2022-10-14,97.35,95.58,92.09,70.13,127.38,140.88,136.7,389.69,92.875,92.45,85.61,128.3325,147.22523498535156
2022-10-17,95.83,94.06,90.57,69.32,126.17,138.91,134.88,371.57,91.445,91.86,85.46,127.6448,171.66856384277344
2022-10-18,96.56,94.79,91.3,69.74,127.14,140.59,136.56,383.98,88.24,89.15,82.82,127.9153,128.9849395751953
2022-10-19,94.52,92.75,89.26,68.73,121.38,134.58,130.1,383.32,89.935,90.77,85.55,128.3968,160.19326782226562
2022-10-20,98.35,96.51,92.69,71.04,125.28,139.62,135.14,402.56,92.685,93.62,85.98,128.0052,159.91705322265625
2022-10-21,98.96,96.92,92.11,71.13,119.6,133.37,129.44,387.37,91.445,92.99,86.7,127.6735,174.34567260742188
2022-10-24,98.36,96.32,91.51,71.28999999999999,120.41,133.97500000000002,130.04500000000002,383.395,91.405,93.31,86.23,128.0304,93.57535552978516
2022-10-25,97.76,95.72,90.91,71.45,121.22,134.58,130.65,379.42,91.555,93.51,86.93,127.3771,139.72164916992188
2022-10-26,95.5,93.46,88.65,71.92,122.26,135.05,131.53,386.65,93.815,95.96,87.91,126.4723,133.39198303222656
2022-10-27,98.01,96.01,91.4,72.87,124.99,137.71,135.38,403.07,95.005,97.07,89.08,126.7028,180.4924774169922
2022-10-28,99.59,97.59,93.01,73.43,125.95,139.57,136.92,416.21,94.03,95.66,87.9,127.2135,203.68539428710938
2022-10-31,95.98,93.99,89.47,72.46,124.24,138.42,135.38,402.85,92.85,94.76,86.53,127.6219,113.79048919677734
2022-11-01,97.77,95.76,91.14,74.06,123.23,136.78,133.41,424.81,94.93,94.65,88.37,127.3987,136.88296508789062
2022-11-02,100.04,98.03,93.41,73.69,118.77,131.75,128.84,427.86,96.995,96.45,90.0,127.3115,150.81610107421875
2022-11-03,102.42,100.31,95.21,73.57,120.54,132.13,129.96,422.68,95.805,95.29,88.17,128.1743,186.55252075195312
2022-11-04,107.74,105.43,99.34,73.69,126.92,136.67,134.89,433.55,98.73,97.72,92.61,127.1468,115.8915786743164
2022-11-07,108.79,106.48,100.39,74.0,127.32,136.9,135.16,445.07,101.715,99.53,91.79,126.3062,139.72164916992188
2022-11-08,106.7,104.39,98.3,74.45,126.97,136.3,134.66,440.88,98.915,97.26,88.91,125.633,225.73756408691406
2022-11-09,103.09,100.73,94.4,73.33,127.08,135.46,133.62,419.83,94.78,94.04,85.83,125.9861,137.41021728515625
2022-11-10,100.83,98.47,92.14,72.63,124.96,131.31,129.08,415.61,94.56,94.0,86.47,124.7044,98.15015411376953
2022-11-11,104.63,102.32,96.25,75.13,127.88,134.87,132.59,438.91,96.775,96.2,88.96,124.7044,111.09221649169922
2022-11-14,106.07,103.69,97.26,76.63,127.53,133.66,132.09,437.09,95.505,95.04,85.87,123.4277,188.92971801757812
2022-11-15,102.57,100.19,93.76,75.28,122.67,130.54,128.81,430.67,93.945,93.59,86.92,123.039,196.5082550048828
2022-11-16,103.03,100.84,95.34,75.76,123.82,132.07,130.34,440.84,92.375,92.13,85.59,123.2817,170.58071899414062
2022-11-17,101.99,99.87,94.7,75.97,122.51,130.6,129.17,423.92,91.365,90.51,81.64,123.977,153.21286010742188
2022-11-18,99.93,97.81,92.64,75.88,119.07,125.72,124.15,408.12,88.41,87.6,80.08,123.8524,77.71419525146484
2022-11-21,98.56,96.47,91.47,73.28,117.34,122.11,121.0,398.89,83.195,82.94,79.73,124.7009,107.62855529785156
2022-11-22,100.12,98.05,93.15,74.65,119.06,122.97,121.92,401.18,89.4,89.2,80.9,124.2365,105.24880981445312
2022-11-23,100.18,98.13,93.33,73.99,119.42,122.25,121.38,409.42,85.315,85.02,77.84,123.7574,105.60198974609375
2022-11-24,96.05,94.0,89.2,72.09,114.76,117.83,117.23,389.97,85.485,85.27,77.64,123.7574,46.46888732910156
2022-11-25,96.83,94.68,89.37,73.41,114.88,117.44,116.75,395.57,85.475,85.42,77.44,123.3386,80.51380157470703
2022-11-28,91.17,89.04,83.82,70.13,110.78,112.2,111.77,368.92,82.65,82.52,77.24,123.6032,87.9999008178711
2022-11-29,92.09,90.34,87.04,70.47,113.82,114.9,114.54,395.69,83.94,83.04,78.2,123.6615,100.55011749267578
2022-11-30,92.86,91.01,87.21,69.71,115.43,117.29,116.93,374.6,86.54,85.48,80.55,123.5175,81.59033203125
2022-12-01,94.48,92.63,88.83,71.33,116.76,119.82,119.46,380.54,89.08,88.74,81.22,122.0045,65.94698333740234
2022-12-02,92.89,91.04,87.24,69.48,114.65,118.44,118.08,372.28,86.945,86.47,79.98,122.0102,109.09654235839844
2022-12-05,93.2,91.3,87.26,69.0,112.04,116.21,115.84,372.77,85.59,85.11,76.93,122.6384,98.96951293945312
2022-12-06,91.31,89.25,84.42,65.77,107.46,111.29,110.77,365.69,80.53,80.45,74.25,123.0191,139.096923828125
2022-12-07,88.76,86.69,81.81,63.5,103.17,107.03,106.44,363.98,78.56,78.59,72.01,122.7608,127.40645599365234
2022-12-08,86.91,84.84,79.96,62.86,98.73,103.18,102.7,355.99,76.355,76.45,71.46,122.4152,140.9603271484375
2022-12-09,85.34,83.33,78.76,63.67,101.79,106.52,105.7,368.31,77.63,77.52,71.02,122.4201,117.3084716796875
2022-12-12,84.73,82.74,78.27,63.34,98.21,103.33,102.5,354.99,78.735,78.6,73.17,122.7714,158.36978149414062
2022-12-13,90.18,88.19,83.72,65.17,104.64,110.92,110.09,370.29,80.97,80.6,75.39,121.8493,152.62684631347656
2022-12-14,91.28,89.34,85.1,65.46,110.73,116.02,115.19,376.83,83.605,82.82,77.28,121.8226,133.39198303222656
2022-12-15,91.63,89.72,85.63,65.67,115.18,121.11,120.28,376.15,81.83,81.14,76.11,122.5519,73.61261749267578
2022-12-16,89.33,87.42,83.34,64.19,115.05,119.64,118.07,361.76,79.12,78.49,74.29,122.6505,98.7958755493164
2022-12-19,88.02,86.23,82.76,63.31,110.95,114.48,112.54,365.3,79.65,79.85,75.19,122.5275,171.4579620361328
2022-12-20,88.82,87.05,83.67,63.87,108.08,111.45,108.81,371.16,78.585,79.37,76.09,122.1357,132.74404907226562
2022-12-21,90.26,88.49,85.11,64.42,110.79,113.57,110.89,389.12,80.295,81.71,78.14,122.2828,169.54087829589844
2022-12-22,92.52,90.75,87.37,65.69,112.86,115.26,112.58,402.09,80.79,82.11,77.34,122.2419,159.0032501220703
2022-12-23,92.98,91.19,87.69,66.0,110.94,112.96,110.28,402.19,80.885,82.18,79.46,121.9743,114.92581939697266
2022-12-27,96.12,94.32,90.78,67.28,117.49,119.53,116.85,398.97,81.0125,82.33500000000001,79.53,121.7539,146.81739807128906
2022-12-28,96.21,94.41,90.87,66.63,117.8,119.0,116.32,400.23,81.14,82.49,78.96,122.0075,151.88629150390625
2022-12-29,94.9,93.1,89.58,66.13,116.69,116.72,113.7,391.26,80.685,82.26,78.4,121.6577,116.48590087890625
2022-12-30,97.02,95.33,92.37,66.55,115.75,116.24,113.64,397.67,81.325,82.64,80.26,121.4256,150.22982788085938
2023-01-03,99.35,97.57,94.18,68.65,116.05,116.4,113.8,395.91,81.23,83.16,76.93,122.0905,198.44876098632812
2023-01-04,93.18,91.37,87.81,65.88,108.49,109.0,107.1,365.41,75.52,77.97,72.84,121.5008,94.28560638427734
2023-01-05,91.26,89.5,86.17,65.53,108.57,109.13,107.44,361.48,76.89,79.16,73.67,122.1017,100.73998260498047
2023-01-06,91.76,89.96,86.45,66.64,107.02,107.6,106.09,362.25,77.385,79.74,73.77,121.0852,88.7294921875
2023-01-09,93.66,91.95,88.91,68.71,109.79,110.53,109.02,371.68,77.435,79.7,74.63,120.1508,86.12676239013672
2023-01-10,93.6,91.78,88.2,68.56,108.38,109.54,108.03,370.2,77.8,79.76,75.12,120.2483,114.62171936035156
2023-01-11,94.51,92.88,90.24,71.07,110.1,112.74,111.1,369.97,80.435,82.19,77.41,120.1614,129.44314575195312
2023-01-12,98.15,96.44,93.41,71.72,112.58,115.63,113.6,378.99,82.825,84.34,78.39,119.4218,114.44572448730469
2023-01-13,100.18,98.49,95.56,74.83,115.75,118.2,116.07,388.1,83.325,84.9,79.86,119.1673,103.69776916503906
2023-01-16,101.9,100.22,97.34,74.84,116.8,119.13,116.83,390.07,82.84,84.29,80.02000000000001,119.1673,107.10379791259766
2023-01-17,101.22,99.53,96.6,74.69,117.81,119.52,117.22,397.35,84.35,85.75,80.18,119.2121,127.40645599365234
2023-01-18,106.28,104.42,100.65,76.05,117.47,118.73,116.43,409.35,85.925,87.31,79.48,119.0755,76.7813720703125
2023-01-19,104.54,102.68,98.91,73.71,117.84,118.85,116.55,400.82,84.5,85.54,80.33,119.6107,115.06175994873047
2023-01-20,110.29,108.41,104.52,75.91,121.06,121.96,119.39,405.33,85.9,86.78,81.31,119.3486,152.3668212890625
2023-01-23,110.31666666666668,108.43666666666668,104.54666666666668,76.19,121.93,122.75,120.36,407.02,88.21,89.07,81.32,119.1434,87.70545959472656
2023-01-24,110.34333333333332,108.46333333333332,104.57333333333332,76.47,122.8,123.54,121.33,408.71,86.13,86.88,79.78,119.0958,89.98486328125
2023-01-25,110.37,108.49,104.6,76.75,123.67,124.33,122.3,410.4,85.885,86.66,79.8,118.9686,110.61297607421875
2023-01-26,108.32,106.44,102.55,75.22,119.29,120.07,117.54,407.2,86.9,87.73,81.01,119.021,71.49427032470703
2023-01-27,108.84,106.96,103.07,76.6,122.44,122.61,119.9,418.25,85.985,86.88,79.68,118.9223,120.77069091796875
2023-01-30,104.81,103.02,99.6,75.09,117.26,117.92,115.02,402.84,84.63,85.83,77.9,118.8953,155.17120361328125
2023-01-31,102.61,100.82,97.4,73.74,114.38,114.53,111.57,393.09,84.215,85.27,78.87,118.9802,148.3239288330078
2023-02-01,103.67,101.96,98.95,74.85,118.51,118.33,115.5,397.29,82.98,84.29,76.41,118.6259,108.70256805419922
2023-02-02,100.89,99.11,95.76,74.19,112.9,111.68,108.89,378.75,80.74,81.94,75.88,118.3421,130.60302734375
2023-02-03,100.15,98.4,95.22,74.15,111.86,110.37,107.59,364.22,80.62,81.69,73.39,119.5095,116.32762908935547
2023-02-06,97.11,95.36,92.18,73.64,106.67,105.71,102.91,360.37,79.595,80.21,74.11,120.541,112.52884674072266
2023-02-07,101.57,99.82,96.64,72.99,106.33,105.23,102.57,373.02,82.11,83.1,77.14,120.3475,138.02365112304688
2023-02-08,103.13,101.46,98.66,74.76,109.95,109.52,106.52,385.05,83.145,84.0,78.47,120.1436,134.977294921875
2023-02-09,103.45,101.67,98.31,75.6,109.3,109.87,106.49,397.54,83.225,84.1,78.06,119.9781,169.5853729248047
2023-02-10,102.53,100.75,97.39,76.24,105.98,107.27,103.32,400.72,85.605,86.49,79.72,120.1419,147.8824920654297
2023-02-13,103.17,101.39,98.03,76.99,106.39,107.58,102.83,401.59,85.49,86.11,80.14,119.9828,110.41893005371094
2023-02-14,104.07,102.27,98.82,78.04,108.76,110.72,105.95,411.16,84.52,85.34,79.06,119.9229,82.66657257080078
2023-02-15,101.97,100.25,97.2,77.57,108.98,110.73,106.12,409.12,83.49,84.43,78.59,120.4557,119.27412414550781
2023-02-16,103.63,101.81,98.25,78.45,106.9,108.97,104.46,422.91,84.14,85.42,78.49,120.4651,134.74850463867188
2023-02-17,99.05,97.23,93.67,77.77,102.19,104.47,99.68,420.08,82.075,83.0,76.34,120.5526,106.09647369384766
2023-02-20,100.53,98.71,95.15,78.02,102.49,104.66,99.67,424.39,82.34,83.4,76.25,120.5526,146.02967834472656
2023-02-21,101.76,99.88,96.02,77.95,101.39,103.8,98.81,424.87,82.0,83.19,76.16,120.6256,174.98080444335938
2023-02-22,100.23,98.35,94.49,77.2,102.55,105.23,100.47,430.05,80.25,81.35,73.8,120.8389,150.3084716796875
2023-02-23,97.42,95.63,92.21,75.77,100.1,102.47,97.53,420.62,80.94,81.84,75.29,121.0896,127.8748550415039
2023-02-24,100.24,98.38,94.6,77.44,103.0,104.94,100.0,420.01,81.85,82.84,76.32,121.5681,110.97380065917969
2023-02-27,99.81,97.95,94.17,78.32,103.97,106.53,101.59,425.17,81.47,82.22,75.68,121.3941,125.6263198852539
2023-02-28,99.24,97.38,93.6,78.63,104.05,105.81,101.3,426.23,83.135,84.22,77.05,121.3341,146.95309448242188
2023-03-01,101.5,99.58,95.48,79.36,105.97,108.04,103.53,454.56,83.5,83.71,77.69,120.6347,92.77371978759766
2023-03-02,100.13,98.32,94.79,78.92,105.52,108.01,103.69,463.84,85.075,85.09,78.16,121.1302,121.40300750732422
2023-03-03,101.34,99.52,95.94,79.19,106.09,109.25,105.03,468.03,85.17,85.44,79.68,120.7742,154.6261444091797
2023-03-06,104.31,102.46,98.72,80.0,107.75,110.59,106.36,461.87,85.855,86.18,80.46,120.485,106.85701751708984
2023-03-07,105.15,103.32,99.68,80.61,106.53,110.06,105.69,462.3,84.005,84.31,77.58,121.4623,161.43118286132812
2023-03-08,102.19,100.25,96.08,77.57,103.67,106.94,102.66,446.13,82.36,82.85,76.66,121.4511,125.93231964111328
2023-03-09,102.36,100.42,96.24,76.86,101.47,105.15,100.87,441.31,83.07,83.41,75.72,121.4458,147.4773406982422
2023-03-10,100.09,98.15,93.96,74.32,97.65,101.6,97.33,429.92,82.395,82.8,76.68,121.2421,113.44409942626953
2023-03-13,101.97,100.82,96.55,74.88,102.35,106.19,101.86,444.92,81.175,81.72,74.8,120.8897,144.29745483398438
2023-03-14,100.65,99.5,95.23,73.27,99.53,103.22,98.74,424.97,78.84,79.51,71.33,121.0141,117.3084716796875
2023-03-15,101.73,100.58,96.31,73.06,99.93,103.12,98.52,422.87,71.84,72.51,67.61,122.1079,101.751220703125
2023-03-16,94.19,93.04,88.77,67.98,93.38,96.75,91.9,404.71,73.135,74.36,68.35,121.7221,112.81190490722656
2023-03-17,95.66,94.51,90.24,69.5,96.51,100.7,95.85,399.6,72.28,73.44,66.74,121.5643,85.22901153564453
2023-03-20,91.77,90.62,86.35,64.2,91.21,95.7,91.03,378.75,71.705,72.77,67.64,121.0141,94.06885528564453
2023-03-21,95.98,94.83,90.56,67.44,93.58,99.01,94.91,396.99,73.775,74.71,69.33,120.8958,129.9046173095703
2023-03-22,96.51,95.36,91.09,67.18,94.32,99.46,95.99,397.96,75.36,76.38,70.8,120.6217,114.43415832519531
2023-03-23,99.58,98.36,93.72,69.02,96.03,101.25,98.16,403.15,75.88,76.96,69.96,119.7587,100.5713119506836
2023-03-24,100.69,99.47,94.83,69.23,95.55,99.82,96.64,402.35,73.245,74.54,69.36,120.4598,72.6195297241211
2023-03-27,99.65,98.43,93.79,69.26,93.75,98.59,95.57,401.05,75.255,76.32,72.81,120.2541,120.9456787109375
2023-03-28,101.98,100.76,96.12,71.12,96.58,101.78,98.94,422.04,77.84,78.8,73.2,119.7138,76.7618179321289
2023-03-29,102.11,100.89,96.25,70.87,95.27,100.91,98.06,419.61,78.03,79.16,72.97,119.7258,79.95852661132812
2023-03-30,99.9,98.7,94.16,70.25,94.47,99.56,97.08,420.6,78.025,78.96,74.37,119.4078,129.30096435546875
2023-03-31,98.94,97.85,93.88,68.33,93.9,99.15,96.67,425.6,79.06,79.8,75.67,119.3602,90.4455337524414
2023-04-03,105.29,104.44,101.65,72.26,99.28,104.52,102.04,457.47,85.51,84.75,80.42,119.3204,84.60388946533203
2023-04-04,105.82,104.98,102.26,73.07,99.82,104.2,102.04,459.0,85.325,84.49,80.71,119.142,119.4284439086914
2023-04-05,105.25,104.3,101.89,72.85,99.27,102.7,100.75,465.19,85.595,84.78,80.61,119.2953,117.88497161865234
2023-04-06,105.96,104.85,101.62,72.22,99.57,103.79,101.84,464.47,86.17,85.2,80.7,119.3072,173.69268798828125
2023-04-10,106.06,104.79,100.78,71.98,98.84,102.41,100.85,474.29,86.125,85.105,79.74,119.7948,142.78309631347656
2023-04-11,105.71,104.6,101.38,72.07,98.02,100.72,99.18,478.09,86.08,85.01,81.53,119.5248,92.75189971923828
2023-04-12,104.72,103.61,100.39,72.56,98.3,100.1,98.49,478.94,88.205,87.17,83.26,119.003,119.4284439086914
2023-04-13,104.84,103.73,100.51,73.15,99.58,101.9,100.37,483.35,87.87,86.93,82.16,118.3915,126.19306182861328
2023-04-14,105.17,104.05,100.8,72.85,99.02,100.77,99.47,475.07,87.885,86.56,82.52,118.8567,119.80353546142578
2023-04-17,103.65,102.26,97.65,72.27,98.9,99.54,98.23,475.11,86.555,85.11,80.83,119.2787,91.62421417236328
2023-04-18,102.1,100.71,96.1,70.76,97.96,98.82,97.55,470.02,86.63,85.1,80.86,119.1049,106.85701751708984
2023-04-19,101.03,99.64,95.03,69.14,96.08,97.38,96.18,463.54,85.55,83.82,79.16,119.303,158.03074645996094
2023-04-20,97.8,96.41,91.8,69.24,94.74,95.44,94.11,455.85,83.14,81.35,77.29,119.1199,95.6698226928711
2023-04-21,97.15,95.76,91.15,69.09,93.29,94.21,93.02,449.78,83.395,81.63,77.81,119.3117,140.05340576171875
2023-04-24,96.8,95.41,90.8,69.65,93.73,94.82,93.38,455.49,84.26,82.43,78.75,119.2039,159.4671630859375
2023-04-25,98.97,97.58,92.97,70.82,96.59,97.57,96.13,465.01,82.465,80.9,77.06,119.613,180.23350524902344
2023-04-26,94.98,93.87,90.64,68.8,94.1,94.61,93.07,454.86,82.185,80.42,74.3,119.3228,105.3466796875
2023-04-27,93.22,92.11,88.88,67.02,91.28,91.2,89.7,437.82,80.01,78.24,74.83,119.4298,117.88497161865234
2023-04-28,93.09,91.86,88.04,66.46,90.22,90.27,88.79,437.64,82.01,80.35,76.85,119.2248,117.88497161865234
2023-05-01,93.485,92.265,88.495,66.55,90.51,90.605,89.32,443.325,79.595,78.03999999999999,75.75,119.4435,104.6073989868164
2023-05-02,93.88,92.67,88.95,66.64,90.8,90.94,89.85,449.01,77.18,75.73,71.66,119.6105,77.03646087646484
2023-05-03,88.64,87.43,83.71,61.26,85.46,84.45,83.4,427.61,72.51,71.92,68.6,119.1233,149.52561950683594
2023-05-04,86.35,85.19,81.7,61.15,86.0,84.94,84.25,410.46,73.11,72.47,68.62,119.0465,118.08403015136719
2023-05-05,87.57,86.24,81.92,61.1,87.01,86.41,85.83,401.4,75.78,75.07,71.34,118.5548,69.73827362060547
2023-05-08,90.08,88.68,84.0,63.92,89.74,89.31,88.76,430.26,75.7225,75.16,73.16,118.5759,51.75886917114258
2023-05-09,89.07,87.67,82.99,63.54,90.14,89.14,88.58,433.92,75.665,75.25,73.77,118.8239,116.35051727294922
2023-05-10,90.43,89.05,84.47,62.88,89.8,89.46,88.9,436.99,77.325,76.955,72.56,118.5864,118.51763153076172
2023-05-11,91.7,90.33,85.82,62.96,91.27,90.87,90.32,442.79,76.185,75.73,70.87,119.0303,137.27757263183594
2023-05-12,89.36,88.01,83.6,61.41,88.02,88.07,87.52,432.47,75.31,74.81,70.04,119.3671,146.2168426513672
2023-05-15,88.62,87.27,82.86,60.16,87.2,87.3,86.79,431.41,75.44,75.31,71.11,119.1608,135.86703491210938
2023-05-16,89.69,88.34,83.93,60.52,89.43,89.94,89.35,436.87,75.145,74.99,70.92,119.1743,137.52537536621094
2023-05-17,89.52,88.17,83.76,60.12,88.07,89.41,88.77,426.16,76.33,76.23,72.91,119.607,89.37788391113281
2023-05-18,93.53,92.14,87.52,61.2,90.32,91.57,90.81,440.68,75.95,76.03,71.91,120.0886,125.21733856201172
2023-05-19,94.56,93.17,88.53,60.98,90.0,91.59,90.73,438.66,75.93,75.88,71.55,119.7751,160.85305786132812
2023-05-22,93.37,91.98,87.34,60.65,87.87,89.34,88.57,429.13,75.81,76.04,71.99,120.0875,78.2496337890625
2023-05-23,93.82,92.43,87.79,61.15,88.13,89.7,89.03,423.22,76.9,77.18,72.81,120.3204,183.6913604736328
2023-05-24,95.59,94.2,89.56,62.65,88.93,90.56,90.03,430.31,77.59,78.18,74.22,120.4752,115.21974182128906
2023-05-25,95.38,93.99,89.35,62.96,89.4,91.16,90.49,435.35,75.565,76.3,71.53,120.8413,106.28559112548828
2023-05-26,93.86,92.33,86.98,61.81,87.9,89.76,89.09,423.94,76.435,77.04,72.67,120.6304,61.34384536743164
2023-05-29,94.31,92.78,87.43,62.64,88.79,90.82,90.15,428.34,75.20750000000001,75.58500000000001,71.11,120.6304,44.966983795166016
2023-05-30,93.54,92.01,86.66,61.61,87.64,89.68,88.95,421.99,73.98,74.13,69.55,120.5546,111.29180908203125
2023-05-31,91.27,89.74,84.39,59.54,84.56,86.89,86.16,406.0,72.885,73.02,68.18,120.9662,219.58306884765625
2023-06-01,91.29,89.74,84.29,58.84,84.74,86.92,86.19,406.44,74.605,74.59,70.13,120.0491,182.39715576171875
2023-06-02,93.585,92.035,86.58500000000001,60.375,87.54499999999999,89.75,89.03,417.615,76.06,76.0,71.74,120.0049,129.57322692871094
2023-06-05,95.88,94.33,88.88,61.91,90.35,92.58,91.87,428.79,77.305,77.36,72.24,120.0048,107.08731079101562
2023-06-06,93.73,92.11,86.33,59.89,87.95,89.85,89.14,419.9,76.29,76.43,71.78,119.9718,133.4734344482422
2023-06-07,94.17,92.57,87.67,59.88,89.39,91.2,90.47,426.8,76.705,77.31,72.53,119.859,142.2924346923828
2023-06-08,96.57,94.97,90.07,60.11,90.73,92.87,92.01,426.98,75.65,76.16,71.29,119.5712,78.73674774169922
2023-06-09,96.68,95.08,90.18,58.43,90.0,92.38,91.63,425.98,75.68,76.18,70.17,119.4322,96.3266830444336
2023-06-12,94.67,93.07,88.17,57.13,87.01,89.6,88.87,411.36,72.46,72.59,67.21,119.6376,65.72555541992188
2023-06-13,92.43,90.83,85.93,56.16,87.05,89.55,88.62,409.35,73.945,74.05,69.5,119.1899,77.17451477050781
2023-06-14,94.31,92.71,87.81,57.69,90.06,92.62,91.6,422.16,73.865,73.84,68.35,118.776,72.13296508789062
2023-06-15,94.62,92.62,86.8,55.98,88.45,90.81,89.93,417.46,74.51,74.87,70.7,118.5521,158.32125854492188
2023-06-16,97.8,95.57,89.14,56.87,92.78,95.03,94.15,426.67,75.255,75.78,71.84,118.4184,111.43194580078125
2023-06-19,96.47,94.77,89.63,55.88,93.99,96.04,95.16,428.52,75.47,76.17,71.17,118.4184,107.78419494628906
2023-06-20,95.21,93.64,89.16,56.43,92.7,94.7,93.68,433.53,74.495,75.08,70.5,118.938,142.78309631347656
2023-06-21,94.97,93.33,88.48,55.91,91.42,93.61,92.55,433.32,76.45,77.03,72.28,118.727,127.8748550415039
2023-06-22,94.97,93.35,88.6,55.71,93.43,95.8,94.85,442.07,73.785,74.31,69.21,118.7552,154.50408935546875
2023-06-23,92.37,90.68,85.6,52.51,89.14,91.33,90.38,430.45,73.115,73.72,68.86,119.152,46.4107551574707
2023-06-26,91.81,90.19,85.45,53.15,89.27,91.7,90.85,428.11,73.55,74.2,69.44,119.0761,169.5130615234375
2023-06-27,92.66,91.06,86.4,53.74,90.92,93.47,92.96,424.83,72.79,73.45,67.7,118.8949,118.30599212646484
2023-06-28,91.56,89.98,85.4,54.25,89.44,91.65,91.14,417.02,73.325,73.71,69.56,119.3382,82.5390625
2023-06-29,92.905,91.28,86.47,55.525,90.35,92.285,91.775,424.855,73.035,73.62,69.93,119.527,120.89662170410156
2023-06-30,94.25,92.58,87.54,56.8,91.26,92.92,92.41,432.69,74.965,75.46,70.71,119.3606,102.67338562011719
2023-07-03,93.62,91.82,86.14,56.8,90.53,92.33,91.7,443.83,75.53,75.86,71.07,119.2119,45.37763977050781
2023-07-04,92.53,90.6,84.26,56.43,90.33,92.13,91.67,450.42,75.995,76.08,71.43,119.2119,109.93034362792969
2023-07-05,91.91,90.0,83.76,56.31,91.05,93.59,93.08,454.34,76.855,76.69,71.79,119.3483,89.85264587402344
2023-07-06,92.51,90.75,85.26,57.95,92.84,95.67,94.97,454.43,75.585,75.39,71.8,119.8193,172.6627960205078
2023-07-07,95.37,93.61,87.57,58.7,93.33,96.4,95.7,458.63,77.94,77.74,73.86,119.0761,120.56138610839844
2023-07-10,95.07,93.33,87.39,60.19,94.69,97.78,96.82,463.39,78.79,78.57,73.07,118.9548,138.2980499267578
2023-07-11,96.96,95.24,89.4,61.24,95.75,98.44,97.5,471.17,79.53,79.15,74.83,118.7344,141.3526153564453
2023-07-12,98.57,96.85,91.01,61.8,97.34,100.06,99.12,470.32,80.25,80.04,75.81,117.6385,203.18724060058594
2023-07-13,100.33,98.61,92.77,62.83,98.15,101.23,100.32,472.49,80.37,80.6,76.89,117.1831,80.51380157470703
2023-07-14,101.41,99.69,93.85,64.07,97.98,100.71,99.89,480.35,79.795,80.3,75.51,117.0463,151.36514282226562
2023-07-17,100.03,98.33,92.6,61.12,96.36,98.95,98.25,462.97,78.635,79.28,74.23,117.1267,110.8536376953125
2023-07-18,101.88,100.17,94.4,60.03,96.68,99.12,98.59,463.29,79.41,79.73,75.82,117.0264,151.43167114257812
2023-07-19,101.96,100.25,94.48,62.15,98.48,100.93,100.42,472.31,80.21,80.49,75.44,117.3462,188.8271484375
2023-07-20,103.93,102.22,96.45,63.23,100.15,102.87,102.23,477.03,79.115,79.49,75.71,117.5947,127.64022827148438
2023-07-21,105.29,103.58,97.81,63.53,101.35,104.31,103.67,484.87,80.365,80.45,77.21,117.9418,112.39069366455078
2023-07-24,106.94,105.23,99.46,63.77,103.6,106.55,105.88,492.95,82.465,82.6,78.93,117.8124,143.43077087402344
2023-07-25,106.66,104.95,99.18,64.39,105.05,108.01,107.28,496.35,82.935,83.05,79.98,117.8565,61.7248649597168
2023-07-26,105.89,104.23,98.73,65.12,105.28,108.4,107.57,501.16,83.82,83.59,78.84,117.76,84.0753173828125
2023-07-27,107.77,106.11,100.61,66.45,107.91,111.37,110.54,504.12,83.835,84.0,80.09,117.8938,132.50270080566406
2023-07-28,108.12,106.44,100.82,67.92,108.61,112.7,111.75,510.08,83.995,84.23,80.67,117.788,130.33053588867188
2023-07-31,108.51,106.83,101.21,69.9,110.38,115.32,114.32,519.23,85.655,85.63,81.88,117.8241,154.3993377685547
2023-08-01,109.36,107.68,102.06,69.65,112.1,117.96,116.4,538.02,85.275,84.91,81.43,118.5738,116.9141616821289
2023-08-02,106.92,105.24,99.62,70.22,113.15,119.94,118.2,563.2,84.175,83.41,79.56,119.1268,132.7555694580078
2023-08-03,102.47,100.79,95.17,68.15,111.15,117.58,115.88,539.14,85.8,85.0,81.55,119.3963,88.7294921875
2023-08-04,105.05,103.37,97.75,69.75,114.65,120.18,118.54,555.48,86.86,86.0,82.82,118.821,119.37181091308594
2023-08-07,106.28,104.6,98.98,70.25,113.72,117.71,116.1,547.92,86.55,85.4,81.94,119.0809,117.56503295898438
2023-08-08,106.2,104.52,98.9,70.59,112.16,115.44,113.68,537.24,86.655,85.31,83.0,119.6407,108.29548645019531
2023-08-09,109.235,107.555,101.935,71.48,116.14,119.235,117.245,547.4,88.455,87.07,84.45,119.476,105.72024536132812
2023-08-10,112.27,110.59,104.97,72.37,120.12,123.03,120.81,557.56,88.27,87.22,82.89,119.1581,131.0054931640625
2023-08-11,110.88,109.2,103.58,70.72,117.93,120.82,118.61,552.06,88.425,87.17,83.19,119.6268,142.3582763671875
2023-08-14,111.86,110.18,104.56,70.61,117.07,119.74,117.35,547.28,87.815,86.55,82.51,120.0725,114.96981048583984
2023-08-15,110.79,109.11,103.49,69.58,116.24,118.63,116.69,545.79,86.195,84.96,81.08,120.2127,114.6426010131836
2023-08-16,109.69,108.01,102.39,68.71,114.58,116.7,115.1,538.22,86.11,84.93,79.47,120.3551,100.02424621582031
2023-08-17,108.96,107.28,101.66,68.5,115.47,116.79,115.19,536.51,86.03,84.84,80.48,120.5242,116.02689361572266
2023-08-18,108.2,106.52,100.9,68.89,117.88,119.05,117.39,546.04,85.76,84.52,81.33,120.4321,77.42227935791016
2023-08-21,109.11,107.43,101.81,70.39,119.62,120.94,119.28,554.47,86.4,85.26,80.82,120.4627,97.22421264648438
2023-08-22,109.43,107.66,101.6,69.94,115.99,117.89,115.97,551.08,85.32,84.3,80.45,120.3554,81.09864044189453
2023-08-23,111.0,109.25,103.29,69.88,117.2,119.18,117.0,538.14,84.14,83.36,79.77,120.0307,126.71024322509766
2023-08-24,111.04,109.29,103.33,70.65,117.18,118.47,116.29,520.83,83.975,83.18,79.75,120.2354,61.5718879699707
2023-08-25,113.34,111.48,104.98,71.09,120.02,120.65,118.47,526.89,85.235,84.24,80.53,120.5137,40.256900787353516
2023-08-28,112.48,110.73,104.77,71.29,123.21,123.98,121.46,528.54,85.55,84.6,80.18,120.3155,75.4415054321289
2023-08-29,111.02,109.27,103.31,71.13,120.14,121.25,118.16,524.95,85.865,84.96,81.26,120.2669,115.63378143310547
2023-08-30,110.29,108.6,102.94,71.33,119.86,121.78,118.57,523.99,86.095,85.41,81.63,119.7937,163.29559326171875
2023-08-31,109.52,107.85,102.29,71.11,116.72,118.28,115.18,518.65,87.36,86.7,83.64,120.225,117.42311096191406
2023-09-01,110.445,108.775,103.215,71.36500000000001,117.475,118.955,115.95,517.915,89.44,87.84,85.55,120.759,73.48699951171875
2023-09-04,111.37,109.7,104.14,71.62,118.23,119.63,116.72,517.18,90.605,89.01,86.12,120.759,100.61537170410156
2023-09-05,110.47,108.82,103.36,70.38,118.99,120.47,117.87,513.9,91.935,90.79,86.69,121.4345,121.78558349609375
2023-09-06,109.02,107.37,101.91,71.73,121.12,122.83,120.41,528.98,91.41,90.07,87.54,121.8671,76.62522888183594
2023-09-07,111.09,109.3,103.16,72.6,120.84,122.04,119.76,540.73,91.9,90.51,86.87,121.9528,80.34212493896484
2023-09-08,112.09,110.3,104.16,72.61,122.46,123.92,121.76,538.08,92.395,90.95,87.51,121.9475,80.14276123046875
2023-09-11,112.6,110.81,104.67,73.82,123.66,125.07,122.84,538.03,92.02,90.61,87.29,121.3386,93.49989318847656
2023-09-12,113.35,111.73,106.16,75.26,124.37,126.3,124.05,543.72,93.6,92.26,88.84,121.2913,164.96852111816406
2023-09-13,115.37,113.59,107.2,75.88,124.48,126.34,123.92,554.2,93.385,92.12,88.52,121.0549,134.78366088867188
2023-09-14,117.14,115.33,108.81,75.18,126.31,128.34,125.93,550.46,95.105,93.66,90.16,121.2395,119.93779754638672
2023-09-15,120.08,118.27,111.75,75.22,128.32,131.4,128.8,552.32,95.14,93.87,90.77,121.199,106.68494415283203
2023-09-18,118.75,116.94,110.42,75.04,124.51,127.22,124.11,536.41,96.24,94.79,91.48,121.1938,114.6917495727539
2023-09-19,115.76,114.16,108.68,75.65,122.19,124.35,121.18,523.51,96.865,95.39,91.2,121.1645,207.41676330566406
2023-09-20,112.99,111.39,105.91,74.45,122.72,124.81,121.64,519.86,95.725,94.41,90.28,120.9648,190.11257934570312
2023-09-21,110.56,109.0,103.74,74.27,123.85,125.85,122.68,513.91,94.5,94.11,90.43,121.5528,162.9131622314453
2023-09-22,110.84,109.24,103.78,75.92,124.55,127.87,124.7,524.43,94.225,93.78,91.13,121.5306,131.62521362304688
2023-09-25,109.15,107.55,102.09,75.38,122.94,127.11,123.94,527.57,93.4,93.0,90.68,122.1143,109.96076202392578
2023-09-26,107.09,105.49,100.03,73.81,119.09,122.53,119.36,522.27,94.135,93.7,90.39,122.4742,81.25166320800781
2023-09-27,108.04,106.44,100.98,75.23,121.74,125.61,122.45,545.19,97.915,97.01,93.68,122.9895,101.4660415649414
2023-09-28,108.57,106.97,101.51,75.0,124.01,128.33,125.3,549.87,97.77,96.22,91.71,122.5342,64.37852478027344
2023-09-29,104.61,103.14,98.33,74.0,123.52,128.21,125.12,529.92,96.325,94.8,90.79,122.3077,86.41481018066406
2023-10-02,101.72,100.25,95.44,74.25,122.57,128.71,125.12,508.55,94.555,91.02,88.82,123.0545,63.45914840698242
2023-10-03,100.57,99.1,94.29,72.96,119.0,124.51,120.85,488.66,94.68,91.25,89.23,123.7848,107.04885864257812
2023-10-04,97.72,96.25,91.44,71.76,116.24,120.79,117.04,490.98,91.675,88.15,84.22,123.5946,61.24074935913086
2023-10-05,95.56,94.03,88.92,69.22,110.43,114.36,110.5,464.94,88.48,84.81,82.31,123.8993,54.304386138916016
2023-10-06,95.57,94.04,88.93,67.99,107.09,110.9,106.6,465.81,88.2,84.5,82.79,123.3563,161.30764770507812
2023-10-09,99.42,97.89,92.78,69.63,111.22,115.75,111.1,487.28,91.335,87.95,86.38,123.3563,227.07118225097656
2023-10-10,99.12,97.59,92.48,69.78,110.88,114.92,110.01,487.13,90.71,87.62,85.97,122.9282,259.08349609375
2023-10-11,99.83,98.3,93.19,69.6,113.51,117.48,112.75,487.39,88.04,85.67,83.49,122.7697,265.9303894042969
2023-10-12,98.7,97.17,92.06,68.62,112.63,116.25,111.72,473.9,89.37,86.72,82.91,123.2101,218.0117645263672
2023-10-13,99.26,97.73,92.62,68.93,114.33,118.6,114.48,474.9,92.735,89.72,87.69,123.5954,287.3145446777344
2023-10-16,100.04,98.53,93.52,69.57,117.21,121.3,117.27,493.37,93.05,90.41,86.66,123.3185,290.3445739746094
2023-10-17,99.82,98.31,93.3,68.92,115.6,119.44,115.28,491.71,91.76,89.3,86.66,123.1202,274.5221862792969
2023-10-18,101.92,100.47,95.78,71.16,115.94,119.81,115.49,503.59,93.055,91.27,88.32,123.8148,333.0094299316406
2023-10-19,101.44,99.99,95.3,71.08,113.26,117.44,112.96,498.48,93.2,91.5,89.37,123.798,338.8517150878906
2023-10-20,102.53,101.08,96.39,72.84,116.24,120.22,115.96,507.21,95.0,93.41,88.75,123.612,298.6288146972656
2023-10-23,103.04,101.59,96.9,72.04,115.58,119.7,115.61,489.33,93.085,91.445,86.39,123.2846,312.774658203125
2023-10-24,102.35,100.67,94.84,70.7,112.33,116.26,112.17,482.4,88.46,87.87,84.44,123.6416,250.00511169433594
2023-10-25,101.99,100.31,94.48,70.02,110.05,113.09,109.0,473.62,89.04,88.45,86.09,123.7871,208.08998107910156
2023-10-26,103.22,101.54,95.71,70.4,112.06,114.96,110.73,480.08,89.695,88.74,83.21,124.0064,168.43563842773438
2023-10-27,104.2,102.52,96.69,69.84,112.85,115.95,111.57,477.77,89.23,88.41,85.54,123.62,251.86463928222656
2023-10-30,102.29,100.61,94.78,68.95,110.32,113.32,108.94,466.24,89.0,88.06,82.31,123.4076,205.43055725097656
2023-10-31,99.93,98.4,93.32,68.53,109.42,112.36,108.06,462.27,88.675,87.45,81.02,123.8364,172.08143615722656
2023-11-01,100.44,98.91,93.83,68.18,109.86,112.6,108.28,458.9,88.615,86.51,80.44,123.7922,251.7322540283203
2023-11-02,100.93,99.4,94.32,68.43,110.57,113.42,108.99,465.84,88.525,86.48,82.46,122.8818,219.58306884765625
2023-11-03,102.65,101.13,96.1,69.85,112.61,115.43,110.89,476.43,88.015,85.96,80.51,121.7564,174.9210662841797
2023-11-06,102.05,100.53,95.5,69.48,110.31,112.34,107.91,469.95,88.095,86.15,80.82,121.6484,182.9025115966797
2023-11-07,100.2,98.68,93.65,68.13,109.39,109.6,105.82,452.99,84.71,82.83,77.37,122.0777,140.21450805664062
2023-11-08,100.04,98.37,92.57,67.32,106.26,105.98,102.55,440.89,82.31,80.56,75.33,122.0926,132.50270080566406
2023-11-09,98.79,97.12,91.32,66.49,102.09,102.14,99.33,440.65,82.7,80.94,75.74,122.1281,201.47996520996094
2023-11-10,101.3,99.49,93.0,67.28,100.91,101.25,98.54,442.37,83.58,81.6,77.17,122.1281,180.9846649169922
2023-11-13,102.02,100.21,93.72,68.625,103.15,103.405,100.785,445.505,84.465,82.61,78.26,122.4264,131.046630859375
2023-11-14,102.74,100.93,94.44,69.97,105.39,105.56,103.03,448.64,85.185,83.7,78.26,121.35,148.2277374267578
2023-11-15,100.88,99.07,92.58,69.86,105.13,105.12,102.77,457.84,82.61,81.69,76.66,121.0749,130.60302734375
2023-11-16,99.22,97.41,90.92,69.39,105.91,105.77,103.42,460.24,78.145,77.9,72.9,121.1754,170.8645477294922
2023-11-17,94.48,92.67,86.18,67.47,101.31,101.05,98.59,453.04,80.08,79.68,75.89,120.8477,149.48410034179688
2023-11-20,97.53,95.93,90.2,69.41,104.29,104.19,101.48,464.55,83.33,82.95,77.6,120.2533,204.90109252929688
2023-11-21,98.63,97.03,91.3,69.66,106.06,105.73,103.03,463.67,82.2,81.89,77.46,120.2241,96.48255157470703
2023-11-22,99.4,97.8,92.07,70.77,107.98,107.67,104.97,472.21,79.48,79.435,76.79,120.6802,191.44436645507812
2023-11-23,99.06,97.46,91.73,70.63,106.24,105.19,102.49,462.0,80.95,81.18,76.14666666666668,120.6802,175.45379638671875
2023-11-24,98.81,97.3,92.04,70.66,106.47,105.38,102.76,463.05,81.91,82.17,75.50333333333333,120.2105,152.79371643066406
2023-11-27,97.38,95.87,90.61,69.48,105.2,103.57,100.86,453.82,80.135,80.49,74.86,120.173,166.35165405273438
2023-11-28,98.86,97.35,92.09,69.71,105.52,103.77,101.06,462.06,81.99,82.07,76.41,119.5904,184.384765625
2023-11-29,99.08,97.57,92.31,71.42,107.47,105.27,102.56,475.87,82.28,82.26,77.86,119.8159,88.7790298461914
2023-11-30,100.63,99.12,93.86,72.94,107.9,106.34,103.63,481.09,80.6,80.64,75.96,120.2434,178.9017333984375
2023-12-01,95.79,94.35,89.42,72.55,105.44,102.4,99.61,460.81,81.1,81.27,74.07,119.9424,94.81410217285156
2023-12-04,92.96,91.52,86.59,70.9,103.76,99.71,97.01,445.76,78.25,78.33,73.04,120.4727,194.85691833496094
2023-12-05,92.41,91.34,88.24,71.4,103.95,100.45,97.8,452.29,78.125,78.28,72.32,120.7913,89.69046020507812
2023-12-06,92.03,90.84,87.14,70.24,103.49,99.55,97.0,437.13,74.66,74.73,69.38,120.5334,131.24276733398438
2023-12-07,89.86,88.61,84.6,68.15,100.88,97.48,94.87,417.34,74.295,74.27,69.34,120.6013,194.16470336914062
2023-12-08,90.12,88.92,85.16,69.02,99.4,98.19,95.58,423.59,75.81,75.8,71.23,120.7607,153.5236358642578
2023-12-11,90.63,89.36,85.25,69.42,99.36,98.12,95.62,430.55,75.945,75.6,71.32,120.9279,153.77490234375
2023-12-12,90.76,89.49,85.38,70.03,100.06,98.85,96.16,429.04,73.555,73.57,68.61,120.6817,167.4221954345703
2023-12-13,87.59,86.34,82.33,68.73,96.45,94.66,91.89,414.32,74.09,73.9,69.47,121.1571,192.79495239257812
2023-12-14,90.84,89.61,85.72,71.69,100.34,98.43,95.66,428.18,77.275,76.84,71.58,119.5683,148.67898559570312
2023-12-15,93.63,92.4,88.51,73.98,101.12,99.84,96.89,431.23,77.085,76.74,71.43,119.7382,169.25527954101562
2023-12-18,93.34,92.11,88.22,75.24,101.03,99.92,96.97,430.16,79.18,78.54,72.47,119.9102,144.02468872070312
2023-12-19,94.24,92.98,88.92,74.5,103.25,100.92,97.98,430.54,80.165,79.39,73.44,119.4632,187.75686645507812
2023-12-20,95.91,94.65,90.59,76.01,105.21,103.28,100.9,443.53,81.87,80.23,74.0,119.5435,143.77462768554688
2023-12-21,93.45,92.19,88.13,73.97,103.17,101.66,99.42,446.76,80.58,79.36,73.64,119.3168,114.01953887939453
2023-12-22,93.33,92.07,88.01,73.42,102.87,101.65,99.67,449.48,80.775,79.8,73.26,119.0625,89.36782836914062
2023-12-26,92.72,91.46,87.4,72.45,100.61,100.67,98.69,443.34,80.81,80.0475,75.57,118.8875,139.57447814941406
2023-12-27,96.15,93.65,89.64,75.8,101.16,101.29,99.19,453.42,80.845,80.295,74.11,118.4729,180.18150329589844
2023-12-28,95.26,92.76,88.75,75.07,99.81,100.33,98.12,442.09,79.12,78.83,71.77,118.4104,122.68769073486328
2023-12-29,94.13,91.63,87.62,73.24,98.08,98.19,95.98,429.34,77.585,77.45,71.65,118.4208,221.28489685058594
2024-01-02,93.05,91.02,87.76,72.64,100.61,100.57,98.26,442.27,75.7,76.19,70.38,119.2686,131.12246704101562
2024-01-03,90.34,89.52,85.71,70.03,97.53,97.16,94.83,441.88,77.33,77.98,72.7,119.6958,149.3903045654297
2024-01-04,94.31,93.42,89.28,72.01,100.85,100.85,98.86,463.22,76.015,76.41,72.19,119.6208,180.68551635742188
2024-01-05,92.35,91.45,87.25,69.95,100.43,99.98,98.16,455.09,78.75,78.97,73.81,119.388,167.4893798828125
2024-01-08,91.81,90.91,86.69,69.95,100.87,100.14,98.43,443.82,75.825,75.77,70.77,119.2506,106.6277084350586
2024-01-09,90.22,89.32,85.1,69.76,100.27,99.07,97.63,437.58,78.905,77.9,72.24,119.6666,241.2696990966797
2024-01-10,92.6,91.68,87.36,70.51,101.32,100.67,99.35,437.02,78.74,77.56,71.37,119.7614,118.09510040283203
2024-01-11,92.4,91.48,87.16,70.23,100.34,100.14,98.77,434.22,80.575,79.09,72.02,119.8916,165.3104705810547
2024-01-12,96.52,95.45,90.36,71.84,103.55,104.42,103.01,433.6,80.105,78.69,72.68,119.534,210.59278869628906
2024-01-15,95.12,94.05,88.96,73.51,100.94,102.12,100.69,435.95,79.55,77.88,72.54,119.534,106.3993911743164
2024-01-16,95.97,94.9,89.81,74.35,101.99,103.0,101.74,433.46,79.885,78.3,72.4,120.5759,193.38906860351562
2024-01-17,94.16,93.09,88.0,72.43,100.34,101.48,100.01,431.39,79.47,77.54,72.56,121.0402,176.20040893554688
2024-01-18,96.69,95.56,90.17,72.75,101.21,102.51,101.01,427.98,80.94,78.71,74.08,120.8895,167.4893798828125
2024-01-19,98.89,97.74,92.24,72.0,101.97,103.82,102.11,437.13,81.19,79.05,73.41,120.6442,207.4058380126953
2024-01-22,98.26,97.16,91.91,70.92,99.79,101.78,100.1,427.16,82.165,79.92,75.19,120.6178,186.62353515625
2024-01-23,102.26,101.07,95.39,73.12,102.2,104.47,102.79,437.83,82.29,80.2,74.82,121.1001,169.07244873046875
2024-01-24,101.91,100.72,95.05,72.11,100.87,103.91,102.23,430.01,82.13,80.44,75.64,120.4916,159.14471435546875
2024-01-25,103.11,101.96,96.49,73.33,101.59,104.56,102.85,438.38,83.18,81.23,77.9,120.8311,202.29420471191406
2024-01-26,103.91,102.8,97.55,75.05,103.82,107.18,105.69,450.41,83.37,81.81,78.01,120.6173,141.32115173339844
2024-01-29,106.2,105.17,100.3,78.62,104.38,108.85,106.99,465.41,83.985,82.695,76.78,120.8538,140.53317260742188
2024-01-30,102.72,101.74,97.1,75.14,104.63,108.16,106.38,460.0,84.105,82.93,77.82,120.6025,206.27711486816406
2024-01-31,102.28,101.3,96.66,73.95,103.78,107.46,105.68,458.44,82.78,81.54,75.85,120.4331,205.60765075683594
2024-02-01,101.16,100.01,95.37,70.81,104.17,108.05,106.25,438.43,83.315,81.45,73.82,120.3335,147.4983673095703
2024-02-02,99.64,98.45,93.62,69.45,101.52,105.54,103.77,439.05,79.08,77.45,72.28,120.902,171.52455139160156
2024-02-05,98.19,97.0,92.17,68.51,100.66,104.12,102.41,438.21,79.23,77.35,72.78,121.349,125.87757110595703
2024-02-06,99.4,98.21,93.38,69.5,102.22,106.12,104.41,440.76,80.905,78.75,73.31,120.9588,118.75242614746094
2024-02-07,99.28,98.09,93.26,70.64,102.58,106.84,105.08,439.11,81.69,79.24,73.86,120.9049,100.38084411621094
2024-02-08,100.67,99.61,95.45,71.98,103.92,107.9,106.32,443.04,84.475,81.34,76.22,121.0798,116.2304458618164
2024-02-09,102.11,101.05,96.89,73.16,105.13,109.26,107.62,453.46,84.75,81.84,76.84,121.039,194.5299835205078
2024-02-12,103.045,101.98,97.79,74.035,106.33,110.415,108.735,452.43,84.615,82.06,76.92,120.9378,156.3873291015625
2024-02-13,103.98,102.91,98.69,74.91,107.53,111.57,109.85,451.4,86.0,83.02,77.87,121.5202,187.85829162597656
2024-02-14,104.73,103.66,99.44,74.89,107.02,110.49,108.84,452.06,85.045,82.4,76.64,121.4002,135.8093719482422
2024-02-15,101.02,99.92,95.56,72.58,104.19,107.27,105.61,440.0,85.535,82.78,78.03,121.2121,214.8081512451172
2024-02-16,101.86,100.76,96.4,73.82,104.07,107.23,105.57,454.91,86.12,83.18,79.19,121.1505,160.93446350097656
2024-02-19,101.39,100.24,95.65,72.09,104.01,106.49,104.97,452.62,86.51,83.47,78.685,121.1505,167.8173065185547
2024-02-20,100.19,99.02,94.35,71.7,104.54,107.11,105.66,449.67,84.89,82.45,78.18,121.0199,170.2109832763672
2024-02-21,99.77,98.6,93.93,70.88,101.54,104.78,103.36,447.43,85.445,83.04,78.91,121.0379,193.75396728515625
2024-02-22,101.95,100.78,96.11,71.96,102.37,105.43,104.09,453.22,85.52,83.55,79.71,121.102,219.58306884765625
2024-02-23,102.4,101.23,96.56,72.06,102.83,105.83,104.61,445.91,83.715,82.38,77.59,121.0369,167.06863403320312
2024-02-26,100.35,99.18,94.51,70.61,100.96,103.58,102.4,443.27,83.205,82.34,77.58,121.0592,200.9716796875
2024-02-27,102.82,101.65,96.98,72.06,103.45,105.84,104.49,450.56,84.14,83.39,78.87,120.9647,166.86441040039062
2024-02-28,103.21,102.04,97.37,72.38,102.18,104.3,102.97,446.11,83.685,83.3,78.54,121.128,177.458984375
2024-02-29,101.97,100.8,96.13,73.83,101.11,102.71,101.38,445.46,84.6,83.8,78.26,121.1824,153.25045776367188
2024-03-01,100.15,99.03,94.59,73.6,101.69,103.64,102.24,446.93,87.495,84.34,79.97,121.0111,155.183349609375
2024-03-04,99.38,98.26,93.82,74.81,102.38,104.74,103.56,459.6,86.265,83.37,78.74,120.872,170.75091552734375
2024-03-05,100.06,98.94,94.5,73.98,100.49,102.3,101.08,454.66,85.36,82.96,78.15,120.8846,83.45616912841797
2024-03-06,97.95,97.08,93.64,73.35,100.1,101.74,100.57,460.49,86.405,84.18,79.13,120.4649,108.01850891113281
2024-03-07,98.72,98.14,94.2,74.43,101.19,102.89,101.79,466.12,84.915,82.93,78.93,120.1909,122.2349624633789
2024-03-08,100.11,99.79,95.41,75.56,103.14,104.89,104.01,470.66,83.62,82.44,78.01,119.975,183.7222442626953
2024-03-11,98.52,98.19,93.78,75.38,101.01,102.43,101.74,456.83,83.795,82.7,77.93,120.0394,155.80584716796875
2024-03-12,99.54,99.19,94.68,75.71,102.45,103.48,102.89,463.2,83.23,82.6,77.56,120.1668,199.55227661132812
2024-03-13,98.83,98.51,94.13,75.7,101.1,101.83,100.94,465.92,84.265,83.68,79.72,119.9642,149.75440979003906
2024-03-14,100.02,99.8,95.93,77.29,103.54,104.44,103.47,481.53,85.55,85.29,81.26,120.241,187.1507110595703
2024-03-15,101.16,100.94,97.07,77.49,103.43,104.43,103.34,483.37,85.365,85.45,81.04,120.4003,138.02365112304688
2024-03-18,104.06,103.56,99.21,78.16,105.73,106.52,105.54,493.92,86.235,86.49,82.72,120.5752,147.65321350097656
2024-03-19,103.73,103.3,99.29,78.19,106.51,107.55,106.65,489.44,87.235,87.42,83.47,120.9332,183.30413818359375
2024-03-20,104.87,104.4,100.2,76.99,104.58,105.52,104.45,488.44,85.545,85.95,81.68,120.9289,116.02689361572266
2024-03-21,105.26,104.78,100.55,76.75,103.77,104.41,103.5,486.65,85.175,85.6,81.48,120.8086,130.513916015625
2024-03-22,106.11,105.55,100.94,75.78,103.12,104.19,103.24,486.94,84.895,85.51,81.08,121.1842,125.00255584716797
2024-03-25,106.23,105.67,101.06,76.36,101.97,103.42,102.4,487.79,86.365,86.89,82.85,121.0295,187.99307250976562
2024-03-26,105.75,105.19,100.58,76.62,102.37,103.98,102.94,490.01,86.0,86.72,81.62,121.0742,165.62838745117188
2024-03-27,104.46,103.9,99.29,75.37,100.23,102.06,101.24,489.22,85.09,85.83,81.35,121.0089,126.7417221069336
2024-03-28,105.14,104.58,99.97,75.71,100.83,102.72,101.9,493.56,86.885,87.56,83.17,121.0635,99.6260986328125
2024-04-01,106.99,106.58,103.25,76.4,102.09,104.13,103.21,493.6,88.4175,88.295,83.71,121.5151,123.22461700439453
2024-04-02,107.52,106.91,102.56,76.55,102.94,104.86,103.96,495.45,89.95,89.03,85.15,121.3035,197.96221923828125
2024-04-03,107.7,107.09,102.74,74.64,105.2,107.56,106.51,496.83,91.105,89.77,85.43,121.0198,181.86647033691406
2024-04-04,106.97,106.36,102.01,73.92,105.81,107.66,106.71,496.58,90.435,89.25,86.59,120.7613,160.98458862304688
2024-04-05,107.63,107.02,102.67,75.67,107.75,108.93,108.05,506.32,93.305,91.59,86.91,120.9646,142.04835510253906
2024-04-08,106.88,106.27,101.92,74.97,107.3,108.66,107.73,504.58,92.2,90.07,86.43,120.7359,126.32672882080078
2024-04-09,107.06,106.43,101.97,75.12,106.47,108.38,107.38,506.87,91.93,89.95,85.23,120.7048,171.76275634765625
2024-04-10,107.735,107.11,102.675,75.255,106.185,108.26,107.21,506.06,91.19,89.63,86.21,121.5727,208.5249481201172
2024-04-11,108.41,107.79,103.38,75.39,105.9,108.14,107.04,505.25,91.81,90.18,85.02,121.6081,123.34028625488281
2024-04-12,109.24,108.62,104.21,74.57,105.82,107.67,106.57,506.55,93.345,91.94,85.66,122.2885,161.3263397216797
2024-04-15,108.51,107.89,103.48,73.74,104.54,106.25,105.13,504.56,90.525,89.77,85.41,122.425,230.79364013671875
2024-04-16,109.08,108.46,104.05,75.34,104.8,106.3,105.18,516.43,91.29,90.36,85.36,123.1234,340.5443420410156
2024-04-17,109.03,108.41,104.0,75.37,104.15,105.88,104.48,516.92,89.66,88.95,82.69,123.0207,227.49627685546875
2024-04-18,105.94,105.32,100.91,73.39,100.23,101.86,100.25,511.99,88.09,87.06,82.73,123.0017,155.665771484375
2024-04-19,106.03,105.41,101.0,73.8,98.72,100.68,99.17,515.84,88.02,87.21,83.14,123.1075,208.1194305419922
2024-04-22,104.98,104.36,99.95,73.14,98.27,100.58,99.16,503.92,87.555,86.89,82.85,123.0609,162.9131622314453
2024-04-23,105.53,104.94,100.53,75.03,99.96,102.67,101.39,510.2,88.73,87.91,84.66,122.7227,148.3239288330078
2024-04-24,105.64,105.05,100.64,75.52,99.61,102.13,100.9,507.4,88.9,88.24,84.21,122.89,139.23226928710938
2024-04-25,106.15,105.56,101.15,75.41,99.74,102.19,100.9,516.03,88.35,87.6,85.12,122.8384,172.4012908935547
2024-04-26,106.69,106.1,101.69,76.0,99.61,101.78,100.49,517.49,89.935,89.56,83.85,122.9471,150.83494567871094
2024-04-29,106.64,106.05,101.64,75.94,99.2,101.28,99.91,518.91,88.86,88.37,82.63,122.5449,191.10968017578125
2024-04-30,105.89,105.3,100.89,75.95,98.9,101.21,99.84,528.59,87.97,87.47,81.93,122.9853,167.80361938476562
2024-05-01,103.495,102.905,98.495,74.905,97.095,99.5,98.13,524.5699999999999,84.92,84.32,79.0,123.0168,130.75924682617188
2024-05-02,101.1,100.51,96.1,73.86,95.29,97.79,96.42,520.55,83.93,83.75,78.95,122.4384,137.77406311035156
2024-05-03,99.24,98.84,95.37,72.77,94.31,97.12,95.75,509.06,83.3,83.58,78.11,122.1375,110.41893005371094
2024-05-06,98.69,98.2,94.3,72.4,94.1,97.2,95.83,513.9,82.705,83.36500000000001,78.48,121.8913,93.61604309082031
2024-05-07,99.13,98.51,93.98,72.05,95.01,97.76,96.6,519.93,82.11,83.15,78.38,122.093,176.26507568359375
2024-05-08,96.52,95.84,90.88,70.86,93.98,96.5,95.22,509.96,83.32,83.52,78.99,122.1926,163.58358764648438
2024-05-09,97.54,96.86,91.9,72.0,96.53,98.98,97.62,517.84,83.445,83.74,79.26,122.1634,145.39895629882812
2024-05-10,97.71,97.03,92.07,71.79,96.42,98.72,97.3,518.43,83.075,83.8,78.26,122.014,185.2792205810547
2024-05-13,97.08,96.4,91.44,70.67,95.05,97.09,95.67,506.58,82.115,83.24,79.12,122.0261,177.1075897216797
2024-05-14,96.17,95.49,90.53,70.31,95.18,97.22,94.86,505.26,80.56,82.28,78.02,121.9256,154.67242431640625
2024-05-15,95.61,94.93,89.97,69.13,95.0,96.97,94.65,507.67,81.45,82.52,78.63,121.3543,129.21363830566406
2024-05-16,97.06,96.38,91.42,70.41,94.74,96.84,94.73,505.62,81.825,83.03,79.23,121.2236,124.90009307861328
2024-05-17,98.03,97.35,92.39,71.56,95.83,97.96,96.15,509.17,82.44,83.67,80.06,121.2354,181.6569366455078
2024-05-20,97.91,97.43,93.46,72.4,96.25,98.57,96.87,519.88,82.33,83.97,79.8,121.2289,135.07557678222656
2024-05-21,95.88,95.4,91.42,71.31,95.97,97.51,95.87,525.52,81.5,83.21,79.26,121.3793,165.28404235839844
2024-05-22,95.01,94.575,90.82,71.055,95.175,96.74,95.05,516.5799999999999,80.725,82.18,78.12,121.5462,140.05340576171875
2024-05-23,94.14,93.75,90.22,70.8,94.38,95.97,94.23,507.64,79.72,81.5,77.62,121.7477,101.83300018310547
2024-05-24,92.89,92.47,88.81,70.19,93.93,95.17,93.59,505.85,80.005,81.56,78.47,121.6172,116.63970947265625
2024-05-27,92.88,92.46,88.8,71.18,94.94,95.92,94.47,512.8,81.26249999999999,82.68,79.15,121.6172,145.42979431152344
2024-05-28,92.84,92.45,88.92,72.74,97.17,97.93,96.5,523.46,82.52,83.8,79.83,121.43,143.45765686035156
2024-05-29,94.06,93.52,89.23,73.0,98.61,99.3,97.87,528.35,82.345,83.72,79.23,122.1641,135.4371795654297
2024-05-30,91.4,90.86,86.57,72.19,96.42,97.24,95.97,518.38,81.19,82.55,77.91,121.9601,93.57535552978516
2024-05-31,91.43,90.78,85.96,71.22,94.92,95.92,94.65,513.4,80.18,81.4,76.99,122.098,156.499267578125
2024-06-03,92.06,91.38,86.43,70.85,94.46,95.41,94.18,513.25,76.77,78.33,74.22,122.3509,111.1133804321289
2024-06-04,88.69,88.04,83.24,68.03,90.88,91.71,90.88,499.47,76.05,77.51,73.25,122.7256,110.2148208618164
2024-06-05,90.08,89.43,84.63,67.9,91.68,92.36,91.77,489.06,75.92,77.32,74.07,122.5339,119.32062530517578
2024-06-06,90.51,89.87,85.14,67.85,92.34,92.68,92.15,485.93,78.54,79.73,75.55,122.3713,122.00985717773438
2024-06-07,91.86,91.12,85.88,68.06,94.01,94.26,93.62,486.02,78.315,79.66,75.53,123.549,122.68769073486328
2024-06-10,92.41,91.67,86.43,68.67,95.01,94.38,93.97,486.21,80.005,81.1,77.74,123.9125,107.28964233398438
2024-06-11,93.36,92.62,87.38,70.1,97.51,96.65,96.22,501.2,80.74,81.79,77.9,124.0349,121.78558349609375
2024-06-12,92.88,92.14,86.9,71.1,98.34,98.31,97.88,504.17,81.245,82.15,78.5,123.8295,117.67557525634766
2024-06-13,91.89,91.15,85.91,71.37,97.53,97.71,97.36,499.94,81.64,82.55,78.62,124.0235,133.4734344482422
2024-06-14,92.52,91.78,86.54,71.02,97.48,98.48,98.33,498.54,81.73,82.61,78.45,124.1694,90.13789367675781
2024-06-17,93.26,92.52,87.28,71.38,97.795,98.81,98.65,501.185,83.36,83.69,80.33,124.239,120.9456787109375
2024-06-18,94.0,93.26,88.02,71.74,98.11,99.14,98.97,503.83,85.28,85.02,81.57,123.9776,142.94383239746094
2024-06-19,95.26,94.52,89.28,73.27,99.97,101.06,100.81,515.69,86.185,85.49,81.87,123.9776,114.8867416381836
2024-06-20,95.59,94.85,89.61,74.05,100.61,101.81,101.39,516.9,86.115,85.27,82.17,124.192,177.00743103027344
2024-06-21,96.69,95.95,90.71,74.35,99.54,100.93,100.51,512.3,87.015,85.97,81.88,124.1086,128.30368041992188
2024-06-24,96.26,95.52,90.28,74.17,98.79,100.54,100.0,512.47,87.115,86.06,82.78,123.7125,212.60784912109375
2024-06-25,96.31,95.57,90.33,74.83,99.86,101.15,100.82,512.91,86.775,85.74,81.98,123.9417,109.98760223388672
2024-06-26,96.39,95.65,90.41,75.05,99.92,101.21,100.96,507.37,85.27,84.63,80.9,124.26,128.58396911621094
2024-06-27,97.25,96.51,91.27,76.0,101.31,102.61,102.36,510.11,87.255,86.47,81.74,124.3379,120.6764144897461
2024-06-28,98.16,97.45,92.37,76.44,101.94,103.22,103.02,513.07,86.83,85.83,81.54,124.2103,121.46080780029297
2024-07-01,98.58,97.87,93.14,76.81,100.5,101.78,101.58,509.7,88.01,86.26,83.38,124.4667,71.44754028320312
2024-07-02,100.32,99.67,95.23,77.65,102.72,103.9,103.58,515.91,88.59,87.13,82.81,124.2917,79.59959411621094
2024-07-03,99.95,99.3,94.88,76.79,102.27,103.17,102.75,515.02,87.68,86.58,83.88,123.7768,107.82317352294922
2024-07-04,99.66,99.01,94.59,76.41,102.09,102.49,102.05,521.03,88.96,87.72,83.36333333333333,123.7768,90.27962493896484
2024-07-05,99.66,99.01,94.59,76.94,102.59,103.55,103.22,528.12,89.095,88.01,82.84666666666666,123.4762,73.11270141601562
2024-07-08,98.82,98.17,93.75,76.07,100.52,101.58,101.29,520.37,87.73,86.3,82.33,123.3576,89.18451690673828
2024-07-09,97.68,97.03,92.61,75.38,100.0,100.78,100.42,518.77,86.095,85.0,81.41,123.4071,90.05038452148438
2024-07-10,96.25,95.6,91.18,73.61,98.67,99.47,99.09,515.43,87.075,85.66,82.1,123.1895,124.6665267944336
2024-07-11,97.13,96.48,92.06,74.42,99.57,100.41,100.1,519.22,87.315,85.52,82.62,122.769,127.8534927368164
2024-07-12,99.15,98.5,94.08,74.78,99.74,100.72,100.45,520.39,87.715,86.01,82.21,122.4404,86.32097625732422
2024-07-15,98.5,97.85,93.43,74.54,98.79,99.66,99.36,512.82,86.67,85.21,81.91,122.6347,67.88048553466797
2024-07-16,97.2,96.55,92.13,74.12,98.0,99.13,98.77,510.47,85.63,84.28,80.76,122.7264,68.23641204833984
2024-07-17,97.02,96.37,91.95,74.25,96.93,98.14,97.86,509.59,86.2,84.85,82.85,122.518,105.25916290283203
2024-07-18,98.29,97.64,93.22,75.58,98.59,99.76,99.55,509.48,86.49,85.1,82.82,122.7909,133.52000427246094
2024-07-19,97.49,96.84,92.42,75.12,97.63,98.79,98.55,509.84,85.275,84.17,80.13,123.147,143.77462768554688
2024-07-22,95.69,95.04,90.62,73.5,95.52,96.71,96.49,489.6,83.065,82.2,79.78,123.2172,130.038818359375
2024-07-23,95.64,94.99,90.57,73.83,96.02,97.01,96.83,493.99,82.09,80.91,78.11,123.3843,36.46863555908203
2024-07-24,94.16,93.51,89.09,72.76,95.44,96.31,96.13,491.72,82.995,81.99,78.74,123.5575,78.87065887451172
2024-07-25,94.8,94.15,89.73,72.7,95.82,96.57,96.38,489.64,82.655,81.7,79.73,123.5286,91.53900146484375
2024-07-26,96.01,95.36,90.94,73.27,96.98,97.8,97.35,496.36,81.245,80.39,77.16,123.672,95.77151489257812
2024-07-29,95.76,95.11,90.69,72.02,95.72,96.53,96.1,491.13,80.865,80.09,75.81,124.1392,124.38494873046875
2024-07-30,93.6,93.01,88.91,70.02,93.85,94.57,94.2,484.39,79.14,78.36,74.73,124.2855,107.0728988647461
2024-07-31,93.98,93.39,89.28,70.95,94.49,95.13,94.76,482.65,81.45,80.59,77.91,123.6373,112.86431121826172
2024-08-01,94.1,93.51,89.4,72.62,95.92,96.76,96.2,482.64,81.825,80.46,76.31,123.8693,133.19764709472656
2024-08-02,93.66,92.86,87.7,72.34,94.06,95.25,94.28,470.17,78.265,77.06,73.52,123.4681,191.2178192138672
2024-08-05,88.26,87.55,82.85,70.63,89.46,90.96,89.79,445.81,76.7,76.45,72.94,123.5787,186.99978637695312
2024-08-06,87.79,87.23,83.27,71.52,89.82,91.32,89.93,448.83,76.275,76.66,73.2,123.6532,131.50079345703125
2024-08-07,87.98,87.3,82.76,71.05,89.89,91.37,89.44,453.3,79.91,78.84,75.23,123.5698,172.7223358154297
2024-08-08,90.31,89.62,85.03,72.42,91.44,92.84,91.32,463.57,81.1,78.945,76.19,123.4466,174.67401123046875
2024-08-09,91.175,90.495,85.96000000000001,72.64,91.85,93.245,91.6,467.36,81.615,79.55,76.84,122.9276,151.33558654785156
2024-08-12,92.04,91.37,86.89,72.86,92.26,93.65,91.88,471.15,83.31,80.98,80.06,123.2204,118.30599212646484
2024-08-13,92.65,91.98,87.5,74.05,94.47,95.84,94.14,473.72,83.295,80.92,78.35,123.0146,151.6049346923828
2024-08-14,91.27,90.6,86.12,73.46,93.91,95.36,93.48,468.53,82.895,80.41,76.98,122.4297,175.76889038085938
2024-08-15,89.4,88.66,83.84,72.26,92.95,94.48,92.65,463.47,84.17,81.51,78.16,122.5844,139.61013793945312
2024-08-16,90.76,90.15,85.99,72.26,93.23,94.49,92.64,465.23,82.245,79.9,76.65,122.3972,118.94318389892578
2024-08-19,89.4,88.79,84.63,71.45,90.91,92.19,90.53,454.18,81.755,79.45,74.37,121.8788,136.52664184570312
2024-08-20,87.63,87.02,82.86,70.75,88.32,89.37,87.73,441.1,79.495,77.21,74.04,121.7728,151.46929931640625
2024-08-21,88.27,87.66,83.5,71.98,89.48,90.43,88.9,444.61,79.665,77.28,72.68,121.8535,140.68820190429688
2024-08-22,86.28,85.72,81.82,71.65,88.39,88.73,87.26,438.57,79.625,77.29,73.76,122.3626,184.3729705810547
2024-08-23,87.9,87.27,83.04,72.46,90.31,90.15,88.58,444.9,81.065,78.91,75.72,121.4597,143.7642364501953
2024-08-26,89.54,89.06,85.58,73.58,92.48,92.15,90.62,454.45,81.7075,79.555,77.42,121.6943,176.03016662597656
2024-08-27,90.06,89.58,86.1,74.43,93.17,92.83,91.33,458.78,82.35,80.2,75.53,121.8672,174.34567260742188
2024-08-28,87.16,86.67,83.14,72.39,89.68,89.04,87.54,444.72,81.065,78.9,74.52,121.8943,156.19180297851562
2024-08-29,86.69,86.07,81.88,71.77,89.05,88.29,86.79,440.89,82.425,80.48,75.91,122.2333,132.50270080566406
2024-08-30,89.65,89.03,84.84,73.65,91.84,90.99,89.5,447.92,79.985,77.81,73.55,122.3262,166.55368041992188
2024-09-02,87.21,86.59,82.4,71.48,88.8,88.31,86.86,434.13,79.62,77.17,71.945,122.3262,145.5133056640625
2024-09-03,88.52,87.9,83.71,72.19,89.23,89.01,87.61,431.56,75.83,74.12,70.34,122.7811,171.22616577148438
2024-09-04,82.6,81.98,77.79,70.13,85.88,85.52,84.07,416.61,75.225,73.45,69.2,122.5144,180.32122802734375
2024-09-05,81.47,80.92,77.08,69.9,85.77,85.16,83.81,411.48,75.04,73.47,69.15,122.4533,141.96719360351562
2024-09-06,81.45,80.78,76.35,69.01,85.47,84.77,83.44,409.56,73.025,71.71,67.67,122.4991,100.38084411621094
2024-09-09,82.26,81.59,77.16,68.19,84.62,84.01,82.66,411.34,72.125,71.35,68.71,122.7156,146.7593231201172
2024-09-10,80.77,80.21,76.35,67.81,83.37,82.8,81.43,413.2,70.56,69.63,65.75,123.0071,97.6078872680664
2024-09-11,80.03,79.47,75.61,67.35,81.75,81.22,79.91,417.84,71.075,69.82,67.31,122.7754,212.9060516357422
2024-09-12,80.91,80.35,76.49,68.63,82.81,82.68,81.37,422.33,74.55,72.88,68.97,122.4423,103.11494445800781
2024-09-13,80.98,80.31,75.89,69.85,83.2,82.93,81.89,426.06,73.995,72.71,68.65,121.6551,185.6430206298828
2024-09-16,81.13,80.46,76.04,70.14,82.26,81.84,81.1,422.83,73.865,72.63,70.09,121.4976,88.97392272949219
2024-09-17,83.35,82.54,77.43,70.55,82.79,82.16,81.45,430.5,74.715,73.51,71.19,121.6031,100.7880630493164
2024-09-18,84.57,83.86,79.24,70.56,83.88,83.47,82.86,432.72,75.08,73.69,70.91,121.5618,122.00985717773438
2024-09-19,87.04,86.33,81.71,71.46,85.13,84.96,84.46,442.26,76.58,74.95,71.95,121.3059,93.75191497802734
2024-09-20,86.57,85.86,81.24,70.7,84.35,84.32,83.81,451.54,76.01,74.81,71.92,121.4052,175.53778076171875
2024-09-23,86.54,85.82,81.16,70.45,84.28,84.39,83.88,449.63,75.17,74.3,71.17,121.4303,158.09982299804688
2024-09-24,85.86,85.14,80.48,71.15,84.91,84.98,84.47,446.34,75.82,75.04,72.31,121.1291,161.11709594726562
2024-09-25,85.5,84.78,80.12,70.94,85.69,86.23,85.61,441.7,75.265,74.74,70.44,121.4447,175.30010986328125
2024-09-26,82.58,81.86,77.2,69.15,82.65,83.26,82.6,426.22,72.5,72.23,67.67,121.0785,240.47679138183594
2024-09-27,82.39,81.67,77.01,69.38,83.28,84.23,83.41,429.33,71.975,71.66,68.18,121.1111,134.84788513183594
2024-09-30,82.32,81.6,76.94,70.68,83.67,84.66,83.82,435.63,72.895,72.4,68.17,121.2864,160.4926300048828
2024-10-01,80.72,79.71,73.6,69.21,81.66,83.05,82.4,425.22,75.38,74.64,69.83,121.6881,135.86703491210938
2024-10-02,85.2,84.21,78.2,72.8,86.26,87.45,86.86,448.72,74.775,73.99,70.1,121.5724,178.71270751953125
2024-10-03,85.85,84.86,78.85,73.2,85.51,86.45,85.92,432.85,77.945,76.9,73.71,122.1197,237.0575714111328
2024-10-04,90.04,88.97,82.55,76.33,90.41,90.98,90.45,461.97,79.39,78.23,74.38,122.2197,144.27560424804688
2024-10-07,89.95,88.88,82.46,76.32,91.16,91.76,91.25,461.37,81.2,80.34,77.14,122.4241,80.63045501708984
2024-10-08,91.22,90.15,83.73,75.79,91.61,92.38,91.89,461.98,77.845,77.25,73.57,122.6625,98.58832550048828
2024-10-09,89.57,88.5,82.08,74.45,89.7,90.87,90.36,459.92,77.665,76.81,73.24,122.8821,137.03067016601562
2024-10-10,89.44,88.37,81.95,74.66,89.31,90.38,89.86,463.9,79.335,78.08,75.85,123.0951,119.58728790283203
2024-10-11,90.95,89.88,83.46,75.66,90.87,91.86,91.29,470.86,80.145,79.09,75.56,122.9805,157.45294189453125
2024-10-14,90.24,89.17,82.75,75.32,90.17,90.97,90.35,469.46,77.81,77.57,73.83,122.9805,151.46929931640625
2024-10-15,85.96,84.88,78.39,72.25,86.11,86.8,86.22,447.88,73.525,73.74,70.58,123.5124,125.71414947509766
2024-10-16,86.03,84.95,78.46,71.86,85.73,86.0,85.48,450.96,73.94,74.02,70.39,123.9235,117.64259338378906
2024-10-17,87.06,85.98,79.49,71.92,86.32,86.14,85.51,453.32,74.075,74.23,70.67,124.1122,104.24164581298828
2024-10-18,88.55,87.47,80.98,71.47,86.88,86.42,85.79,457.43,72.55,72.75,69.22,123.9185,124.89034271240234
2024-10-21,86.88,85.8,79.31,71.13,86.51,85.74,85.24,451.5,73.57,73.81,70.56,124.4757,119.05634307861328
2024-10-22,85.65,84.73,79.06,71.05,86.15,85.81,85.35,460.74,75.77,76.05,72.09,124.4107,214.1457977294922
2024-10-23,86.74,85.75,79.75,72.8,88.76,88.12,87.78,473.96,74.74,74.96,71.17,124.6931,215.39117431640625
2024-10-24,86.96,85.97,79.98,73.69,89.83,88.64,88.3,476.05,74.515,74.58,70.59,124.5127,136.4728240966797
2024-10-25,85.57,84.63,78.9,72.49,88.78,87.02,86.62,472.71,75.835,75.86,72.18,124.6105,170.02560424804688
2024-10-28,83.63,82.69,76.96,70.81,88.58,85.69,85.37,462.54,72.2,72.11,67.38,124.8076,145.1722869873047
2024-10-29,83.1,82.16,76.43,70.61,87.05,85.33,85.08,460.85,71.4,71.07,67.21,124.8612,160.8042449951172
2024-10-30,83.69,82.79,77.26,71.05,86.99,86.28,86.0,461.41,73.185,72.89,68.61,124.8153,133.96414184570312
2024-10-31,84.75,83.85,78.32,72.205,89.035,88.575,88.3,465.44000000000005,73.355,72.99,69.26,124.7988,133.89991760253906
2024-11-01,85.81,84.91,79.38,73.36,91.08,90.87,90.6,469.47,74.165,73.52,69.49,124.8076,131.0728302001953
2024-11-04,86.74,85.84,80.31,73.14,90.67,91.02,90.75,460.07,75.57,74.76,71.47,124.5903,114.6917495727539
2024-11-05,87.63,86.73,81.2,73.06,91.42,91.47,91.13,466.48,76.94,76.07,71.99,124.5532,57.4433708190918
2024-11-06,85.42,84.52,78.99,72.05,90.47,90.57,90.29,461.4,76.115,75.55,71.69,125.7035,120.14494323730469
2024-11-07,86.09,85.19,79.66,72.36,90.13,90.13,89.92,456.46,75.64,75.18,72.36,124.775,98.7958755493164
2024-11-08,86.8,85.81,79.85,71.75,90.38,90.21,89.97,454.91,74.065,73.72,70.38,125.5811,108.89063262939453
2024-11-11,85.44,84.45,78.49,70.97,89.56,89.16,89.0,451.4,72.37,72.07,68.04,125.5811,154.22886657714844
2024-11-12,83.86,82.87,76.91,68.97,87.65,87.15,87.0,440.65,72.915,72.16,68.12,126.7762,106.85701751708984
2024-11-13,83.31,82.32,76.36,68.55,87.62,87.42,87.3,447.6,73.555,72.38,68.43,126.9572,116.55330657958984
2024-11-14,83.47,82.48,76.52,67.72,88.3,87.85,87.75,456.68,73.67,72.47,68.7,127.0015,58.6295166015625
2024-11-15,83.18,82.19,76.23,66.47,87.38,86.5,86.46,448.4,73.49,72.2,67.02,126.8848,97.5879135131836
2024-11-18,84.47,83.44,77.28,66.4,87.51,87.24,87.2,442.69,74.535,73.14,69.16,126.6045,253.14381408691406
2024-11-19,85.71,84.69,78.56,68.02,90.0,89.91,89.88,449.14,74.05,72.87,69.39,126.3994,197.47999572753906
2024-11-20,86.45,85.43,79.3,69.15,89.87,89.75,89.72,453.33,74.52,73.21,68.87,126.88,195.1946258544922
2024-11-21,86.07,85.13,79.38,69.59,90.13,89.94,89.91,448.17,75.21,73.88,70.22,127.1047,193.78823852539062
2024-11-22,87.01,86.07,80.32,70.28,91.36,91.23,91.2,459.31,76.115,74.89,71.64,127.4712,102.09968566894531
2024-11-25,86.82,86.12,81.55,69.51,89.96,90.01,89.94,453.52,74.29,73.12,69.24,126.9948,123.70584869384766
2024-11-26,85.46,84.78,80.31,68.4,89.44,89.31,89.28,452.18,74.585,73.52,68.77,127.4301,169.25527954101562
2024-11-27,85.39,84.71,80.24,67.84,88.5,88.4,88.33,456.54,73.93,72.865,68.72,126.8205,199.62742614746094
2024-11-28,83.6,83.13,79.73,67.67,87.76,87.58,87.45,455.5,73.865,72.73,68.51333333333334,126.8205,176.27854919433594
2024-11-29,84.57,83.87,80.27,68.34,88.41,88.1,87.97,460.15,74.31,73.31,68.30666666666666,126.5798,226.97222900390625
2024-12-02,84.29,83.6,80.44,67.93,88.33,87.71,87.58,459.02,73.05,71.87,68.1,127.1272,197.0029296875
2024-12-03,84.32,83.69,80.83,67.35,87.71,87.2,87.08,449.12,75.02,73.64,69.94,126.9565,164.99378967285156
2024-12-04,86.02,85.39,82.53,68.19,88.49,88.1,87.92,449.37,74.94,73.42,68.54,126.7574,136.60072326660156
2024-12-05,84.89,84.16,80.81,67.25,86.99,86.86,86.68,438.29,73.885,72.32,68.3,126.4286,127.66488647460938
2024-12-06,84.01,83.27,79.85,67.06,86.32,86.46,86.35,436.92,72.74,71.35,67.2,126.688,150.84552001953125
2024-12-09,84.14,83.41,80.06,67.51,86.3,86.98,86.86,435.34,73.76,72.51,68.37,126.5981,170.9712371826172
2024-12-10,85.04,84.31,80.96,68.01,86.76,87.18,87.06,433.64,73.895,72.63,68.59,126.957,194.4993896484375
2024-12-11,86.15,85.42,82.07,68.53,87.13,87.54,87.42,430.72,74.32,73.09,70.29,126.8483,153.94032287597656
2024-12-12,87.52,86.79,83.44,69.98,88.85,89.7,89.53,442.3,73.61,72.59,70.02,126.9556,233.8283233642578
2024-12-13,87.6,86.87,83.52,69.65,89.15,90.03,89.67,440.89,75.085,74.17,71.29,127.3096,191.3634796142578
2024-12-16,87.21,86.48,83.13,70.11,89.72,90.75,90.19,451.23,74.74,73.78,70.71,127.2687,194.0416259765625
2024-12-17,86.27,85.54,82.19,69.41,88.63,89.99,89.32,446.52,73.68,72.86,70.08,127.5043,133.30252075195312
2024-12-18,86.13,85.4,82.05,69.52,88.47,89.79,89.12,451.52,74.995,74.03,70.58,127.6418,182.28550720214844
2024-12-19,84.73,84.0,80.65,69.33,88.08,89.87,89.2,449.98,73.715,72.895,69.91,128.6366,152.5942840576172
2024-12-20,83.79,83.06,79.71,68.8,86.97,89.1,88.43,447.08,73.54,72.87,70.06,127.893,128.64340209960938
2024-12-23,84.59,83.86,80.51,69.85,87.64,89.97,89.3,447.71,71.92,72.17,69.84,128.3021,146.57379150390625
2024-12-24,84.5,83.77,80.42,69.79,86.55,89.01,88.32,447.5,73.165,73.3,70.7,128.3377,143.3685302734375
2024-12-26,85.19,84.46,81.11,70.16,86.93,89.2,88.48,450.41,73.6275,73.64,69.62,128.3329,132.85699462890625
2024-12-27,84.75,84.02,80.67,69.69,86.83,89.02,88.31,450.94,74.09,73.98,70.6,128.45,168.5598602294922
2024-12-30,85.25,84.54,81.29,70.24,88.69,90.69,89.98,452.28,74.08,74.41,70.99,128.8205,108.1994400024414
2024-12-31,86.11,85.4,82.15,71.58,89.54,91.85,91.14,456.25,74.645,74.89,71.72,129.2775,63.39842224121094
2025-01-02,86.42,85.92,82.95,71.97,89.18,92.29,91.58,454.9,76.53,76.33,73.13,129.4598,198.4803009033203
2025-01-03,86.62,86.22,83.74,73.47,90.49,93.47,92.76,461.62,76.76,76.42,73.96,129.4535,137.5028076171875
2025-01-06,86.49,86.09,83.61,72.12,90.38,92.73,92.07,455.62,77.57,76.78,73.56,128.538,98.31822204589844
2025-01-07,86.28,85.84,83.15,71.68,90.14,92.39,91.74,448.0,77.89,76.99,74.25,128.613,117.64259338378906
2025-01-08,86.3,85.89,83.35,72.42,91.35,93.58,92.94,455.89,77.235,76.27,73.32,129.0785,70.20856475830078
2025-01-09,84.4,84.21,82.78,71.75,90.5,92.36,91.75,456.54,78.05,77.2,73.92,129.2827,123.1437759399414
2025-01-10,86.13,85.86,84.01,72.09,92.05,94.09,93.54,461.83,80.375,79.02,76.57,129.8664,65.53641510009766
2025-01-13,89.38,89.09,87.14,74.09,96.14,99.13,98.56,489.91,82.975,81.36,78.82,130.0413,106.85701751708984
2025-01-14,88.77,88.44,86.3,73.82,94.87,96.7,96.18,479.79,81.895,80.53,77.5,129.3812,147.36761474609375
2025-01-15,88.35,88.1,86.34,73.6,95.5,97.61,97.09,478.98,83.06,81.57,80.04,129.2092,147.094482421875
2025-01-16,89.25,88.92,86.78,74.07,97.45,99.56,99.01,495.63,82.18,80.75,78.68,129.436,92.8215103149414
2025-01-17,88.05,87.72,85.58,73.8,97.69,100.19,99.55,496.35,82.255,80.99,77.88,129.4859,88.33514404296875
2025-01-20,87.31,86.93,84.54,73.21,96.87,99.77,99.02,497.82,80.75,79.89,76.88499999999999,129.4859,151.88629150390625
2025-01-21,86.2,85.82,83.43,73.21,95.57,97.7,96.95,496.58,80.32,79.52,75.89,128.4151,50.095542907714844
2025-01-22,86.15,85.75,83.26,72.59,94.8,96.85,96.1,491.11,79.815,79.32,75.79,128.3402,157.46360778808594
2025-01-23,86.69,86.31,83.9,72.66,93.95,95.61,94.86,492.24,78.78,78.38,74.92,128.2162,126.4798583984375
2025-01-24,86.69,86.31,83.9,72.89,93.85,95.03,94.25,492.87,78.75,78.41,74.96,127.4611,148.64085388183594
2025-01-27,87.87,87.49,85.08,73.13,92.93,93.29,92.63,487.95,77.91,77.34,73.17,128.0912,209.143798828125
2025-01-28,87.34,87.02,84.91,72.36,92.69,93.0,92.41,486.56,77.705,77.16,73.77,128.2817,163.21046447753906
2025-01-29,87.35666666666667,87.03333333333333,84.89999999999999,72.21,92.66666666666669,92.96333333333334,92.37333333333332,487.33,77.825,77.41,72.62,128.3418,105.25916290283203
2025-01-30,87.37333333333333,87.04666666666667,84.89,72.06,92.64333333333332,92.92666666666666,92.33666666666666,488.1,77.475,77.36,72.73,128.1004,120.6764144897461
2025-01-31,87.39,87.06,84.88,71.91,92.62,92.89,92.3,488.87,77.05,76.89,72.53,128.4828,109.84081268310547
2025-02-03,88.06,87.84,86.41,71.2,93.91,93.44,93.07,485.8,76.08,75.77,73.16,129.109,146.04507446289062
2025-02-04,85.07,84.87,83.3,70.43,91.94,91.37,90.89,474.65,76.365,76.12,72.7,128.1083,141.4619598388672
2025-02-05,86.23,85.97,84.06,71.88,92.29,92.1,91.55,487.16,74.83,74.67,71.03,127.9751,135.56771850585938
2025-02-06,84.98,84.77,83.21,71.64,91.2,90.63,89.93,482.19,75.025,74.76,70.61,128.2017,162.32183837890625
2025-02-07,85.89,85.49,83.86,72.49,91.77,91.48,90.71,490.58,74.53,74.44,71.0,128.4292,124.4435043334961
2025-02-10,86.83,86.48,85.04,72.73,91.88,91.81,90.82,494.43,76.125,75.76,72.32,128.6382,121.00703430175781
2025-02-11,87.79,87.44,86.0,73.2,93.35,93.28,92.29,503.94,77.025,76.85,73.32,128.4322,119.80353546142578
2025-02-12,87.92,87.69,86.17,73.31,93.71,93.87,92.66,499.6,75.845,75.95,71.37,128.3288,95.37142944335938
2025-02-13,86.24,86.03,84.59,71.87,91.62,91.99,90.8,486.51,75.12,75.16,71.29,127.8931,167.4221954345703
2025-02-14,87.65,86.95,85.55,73.29,92.34,92.42,91.18,488.66,74.865,74.75,70.74,127.1491,119.525634765625
2025-02-17,88.38,87.68,86.29,72.85,91.89,91.92,90.65,481.61,75.25,75.04,71.29499999999999,127.1491,156.25318908691406
2025-02-18,88.72,87.99,86.6,72.27,92.65,92.16,90.84,485.13,75.71,75.67,71.85,127.2906,217.6139373779297
2025-02-19,89.16,88.43,87.04,72.3,93.25,92.75,91.38,489.56,76.54,76.44,72.25,127.7317,166.24411010742188
2025-02-20,88.84,88.11,86.72,72.38,93.25,93.2,91.89,493.6,76.98,76.83,72.57,127.1126,265.48809814453125
2025-02-21,87.64,86.91,85.52,72.24,92.89,93.22,91.92,494.55,75.015,74.94,70.55,127.1408,181.8218994140625
2025-02-24,86.55,85.82,84.43,71.33,90.3,90.82,89.51,484.3,74.565,74.74,70.88,127.1921,144.02468872070312
2025-02-25,86.74,86.01,84.62,72.22,90.82,91.2,89.99,485.1,72.9,72.82,69.28,127.3752,165.32223510742188
2025-02-26,84.42,83.78,82.55,71.6,88.74,89.16,87.84,473.62,72.86,72.79,68.62,127.2822,162.06300354003906
2025-02-27,83.48,83.41,81.94,71.34,87.77,88.2,86.84,484.52,73.995,73.74,70.35,127.9704,143.77462768554688
2025-02-28,84.42,84.34,82.75,71.61,88.28,89.1,87.74,479.79,73.475,73.22,69.76,128.2805,122.68769073486328
2025-03-03,83.87,83.79,82.2,70.61,87.2,88.65,87.29,481.84,73.92,72.67,68.37,127.75,154.22886657714844
2025-03-04,80.11,80.03,78.44,68.64,85.24,86.88,85.44,450.91,71.785,70.5,68.26,127.9966,253.4526824951172
2025-03-05,80.03,79.94,78.3,68.33,85.06,86.92,85.41,448.11,69.83,68.54,66.31,126.504,180.47381591796875
2025-03-06,78.92,78.59,77.03,67.5,84.57,86.06,84.55,459.15,70.305,68.96,66.36,126.1099,229.87570190429688
2025-03-07,79.41,78.69,76.98,67.1,84.41,86.13,84.64,469.22,72.065,70.65,67.04,125.9814,179.5272674560547
2025-03-10,79.18,78.55,77.31,68.07,84.46,86.32,84.73,472.99,71.035,69.69,66.03,126.268,238.45330810546875
2025-03-11,78.63,77.98,76.64,68.38,83.48,85.24,83.65,461.85,71.145,69.9,66.25,126.0457,221.6365509033203
2025-03-12,79.92,79.15,77.74,68.84,83.99,85.54,83.95,460.75,72.23,71.02,67.68,125.8664,218.22657775878906
2025-03-13,81.22,80.46,79.08,69.52,84.7,85.81,84.48,466.69,71.39,70.21,66.55,126.0031,254.8129119873047
2025-03-14,80.82,80.05,78.62,69.7,83.84,84.93,83.65,463.73,71.66,70.44,67.18,125.6942,223.67819213867188
2025-03-17,81.81,81.04,79.61,70.51,84.1,85.55,84.27,465.71,72.255,71.16,67.58,125.3688,155.95892333984375
2025-03-18,82.72,81.95,80.52,70.79,84.73,86.01,84.73,463.26,71.73,70.8,66.9,125.488,201.12017822265625
2025-03-19,81.04,80.27,78.84,69.45,83.66,84.83,83.55,453.67,71.515,70.87,67.16,125.8006,275.0921325683594
2025-03-20,81.74,80.97,79.54,69.69,85.4,86.18,84.93,458.2,72.54,71.87,68.26,125.985,246.20436096191406
2025-03-21,82.65,81.9,80.56,69.64,86.09,86.73,85.57,458.15,72.55,72.1,68.47,126.2679,158.8217315673828
2025-03-24,82.82,82.07,80.73,69.63,86.34,86.77,85.61,457.92,73.925,73.04,69.51,126.1956,141.50775146484375
2025-03-25,83.88,83.15,81.91,69.78,86.5,87.09,85.95,462.89,73.62,72.81,69.4,126.0535,139.72164916992188
2025-03-26,84.15,83.45,82.34,69.87,87.19,87.88,86.74,460.85,74.875,73.99,69.65,126.2364,155.46347045898438
2025-03-27,84.66,83.88,82.36,70.35,87.07,87.83,86.58,460.01,74.485,73.87,69.92,126.3626,155.94879150390625
2025-03-28,84.91,84.1,82.41,70.65,87.3,88.19,86.85,461.47,74.49,73.35,69.36,126.4187,156.456787109375
2025-03-31,85.66499999999999,84.835,83.05,70.95500000000001,87.535,88.69,87.36,464.585,77.27,75.52,71.48,126.7075,188.3616943359375
2025-04-01,86.42,85.57,83.69,71.26,87.77,89.19,87.87,467.7,77.68,75.0,71.2,126.4338,90.91094970703125
2025-04-02,86.76,85.91,84.03,69.54,87.7,88.8,87.49,452.13,77.39,74.64,71.71,126.3811,115.74695587158203
2025-04-03,83.9,83.12,81.61,66.67,86.1,87.2,85.92,445.63,72.49,70.04,66.95,124.7316,97.93678283691406
2025-04-04,78.23,77.52,76.34,62.8,81.72,82.67,81.53,429.41,67.895,65.67,61.99,125.8129,176.9652099609375
2025-04-07,72.93,72.28,71.39,56.31,77.46,78.22,76.97,405.78,66.68,64.21,60.7,126.8282,125.71414947509766
2025-04-08,74.02,73.41,72.72,57.59,78.43,79.52,78.31,411.69,66.185,63.96,59.58,126.8668,128.1103515625
2025-04-09,71.11,70.34,68.86,55.42,74.89,75.9,74.69,392.45,62.685,60.47,62.35,126.628,189.45361328125
2025-04-10,73.21,72.44,70.96,58.73,77.74,78.98,77.7,408.36,65.435,63.22,60.07,125.089,166.2014923095703
2025-04-11,72.72,71.93,70.37,58.54,77.17,78.55,77.27,414.33,65.97,63.72,61.5,124.0163,134.74850463867188
2025-04-14,75.05,74.29,72.8,60.85,78.7,79.97,78.69,427.16,66.845,64.98,61.53,123.6598,168.11903381347656
2025-04-15,75.41,74.65,73.16,60.64,79.74,80.72,79.43,430.89,66.415,64.47,61.33,123.776,141.4619598388672
2025-04-16,75.38,75.04,73.79,59.87,79.74,80.93,79.51,432.0,67.635,65.95,62.47,123.2724,156.30990600585938
2025-04-17,77.22,76.74,74.96,61.44,80.74,81.93,80.56,436.98,68.45,66.7,64.68,123.1298,122.4609146118164
2025-04-21,77.22,76.84,75.54,61.84,80.73,81.89,80.41,435.13,68.72,67.08,63.08,122.3145,158.39720153808594
2025-04-22,77.53,77.15,75.85,62.34,81.0,82.08,80.59,438.51,68.99,67.46,63.67,122.4175,133.2294158935547
2025-04-23,79.12,78.76,77.55,63.79,82.58,83.43,82.05,451.0,66.94,65.7,62.27,123.0252,146.83367919921875
2025-04-24,78.02,77.62,76.19,63.11,81.19,81.85,80.45,437.83,67.235,66.12,62.79,122.9251,179.21395874023438
2025-04-25,79.45,78.45,76.62,63.12,81.8,82.61,81.23,439.02,67.495,66.64,63.02,122.8858,190.11257934570312
2025-04-25,79.45,78.45,76.62,63.12,81.8,82.61,81.23,439.02,67.495,66.64,63.02,122.8858,190.11257934570312
2025-04-28,79.18,78.17,76.29,62.71,81.75,82.54,81.26,434.53,65.675,65.5,62.06,122.7176,113.79048919677734
2025-04-29,77.77,76.83,75.3,62.18,80.53,81.26,80.28,428.1,64.35,64.73,60.42,122.5944,127.8748550415039
2025-04-30,75.7,74.78,73.34,61.24,78.41,79.02,77.86,417.33,63.275,63.38,58.21,122.5921,140.21450805664062
2025-05-01,75.935,75.00999999999999,73.535,61.150000000000006,77.81,78.685,77.55,413.15,61.535,61.49,59.24,123.1405,105.3466796875
2025-05-02,76.17,75.24,73.73,61.06,77.21,78.35,77.24,408.97,61.405,61.19,58.3,122.4962,181.0728302001953
2025-05-05,74.03,73.1,71.59,59.42,75.49,76.5,75.37,395.45,60.405,60.19,57.13,122.2613,213.92315673828125
2025-05-06,75.9,74.97,73.46,60.22,76.98,77.7,76.98,405.7,62.74,62.56,59.09,122.0417,214.70346069335938
2025-05-07,77.49,76.52,74.79,61.06,77.87,78.59,77.96,414.32,61.09,61.33,58.07,122.117,250.21035766601562
2025-05-08,75.8,74.88,73.38,60.22,76.07,77.13,76.33,411.49,62.315,62.68,59.91,122.7568,246.38934326171875
2025-05-09,77.64,76.72,75.22,61.76,77.47,78.92,78.13,420.23,63.59,63.56,61.02,122.5191,150.08396911621094
2025-05-12,78.125,77.205,75.705,62.04,78.34,79.89500000000001,79.13499999999999,427.65,65.065,65.13,61.96,123.4863,200.17465209960938
2025-05-13,78.61,77.69,76.19,62.32,79.21,80.87,80.14,435.07,66.08,66.21,63.67,122.9583,150.0257110595703
2025-05-14,79.6,78.68,77.18,63.93,80.77,82.49,81.85,441.14,65.935,66.03,63.15,122.6746,145.07595825195312
2025-05-15,77.49,76.57,75.07,61.82,79.23,80.85,80.21,433.58,64.04,64.31,61.62,122.8174,213.5278778076172
2025-05-16,77.52,76.6,75.1,61.57,78.73,80.48,80.01,438.7,65.095,65.02,62.49,123.0737,206.7042236328125
2025-05-19,77.51,76.59,75.09,61.55,78.67,80.33,79.99,437.32,66.0,65.56,62.7,122.4186,231.87974548339844
2025-05-20,77.26,76.33,74.8,61.46,78.73,80.35,80.01,439.67,65.61,65.09,62.56,122.3199,167.23641967773438
2025-05-21,78.46,77.54,76.05,62.11,79.22,80.86,80.52,448.11,65.365,65.14,61.57,121.7496,222.44102478027344
2025-05-22,77.99,77.12,75.87,60.84,77.66,78.91,78.62,435.13,64.735,64.18,61.2,122.0429,205.25376892089844
2025-05-23,77.62,76.75,75.5,60.44,77.42,78.34,78.09,434.09,65.58,64.96,61.53,121.3837,103.51773834228516
2025-05-26,78.13,77.26,76.01,61.11,78.14,79.19,78.96,431.14,64.91749999999999,64.36,61.21,121.3837,180.8349609375
2025-05-27,77.73,76.86,75.61,61.3,77.86,79.08,78.83,422.46,64.255,63.76,60.89,121.6099,203.34573364257812
2025-05-28,77.39,76.5,75.17,60.75,77.75,78.91,78.75,431.6,65.51,65.13,61.84,121.9888,228.03907775878906
2025-05-29,78.29,77.4,76.07,61.39,79.38,80.62,80.46,436.8,64.7,64.2,60.94,121.5617,169.4258575439453
2025-05-30,76.91,76.02,74.69,60.17,77.34,78.82,78.57,422.53,63.83,63.25,60.79,121.7674,185.31846618652344
2025-06-02,78.3,77.31,75.47,60.83,78.16,80.02,79.74,415.42,66.83,64.82,62.52,121.1881,247.20652770996094
2025-06-03,78.69,77.7,75.86,60.82,78.3,80.23,79.96,423.33,67.92,65.95,63.41,121.4592,205.0933074951172
2025-06-04,79.09,78.1,76.26,60.82,79.17,81.26,81.01,433.61,66.52,64.78,62.85,121.0539,197.03004455566406
2025-06-05,78.05,77.06,75.22,60.1,78.29,80.43,80.17,434.83,67.235,65.695,63.37,120.9596,245.16421508789062
2025-06-06,78.43,77.44,75.6,60.32,78.97,81.04,80.73,431.23,68.11,66.315,64.58,121.161,137.7939910888672
2025-06-09,79.68,78.69,76.85,61.26,80.44,82.35,82.01,435.22,68.845,67.06,65.3,120.9103,145.3411865234375
2025-06-10,81.06,80.06,78.18,61.91,80.68,82.73,82.43,442.79,69.6,68.07,64.98,121.0485,188.4736785888672
2025-06-11,81.13,80.07,77.89,61.66,80.32,82.51,82.19,436.69,69.67,68.29,68.15,120.587,177.35682678222656
2025-06-12,82.8,81.75,79.62,63.11,82.39,84.64,84.32,451.09,70.85,69.49,68.04,120.1723,168.150634765625
2025-06-13,86.49,85.44,83.31,67.11,85.98,88.37,88.02,474.91,75.19,73.65,72.98,120.3245,166.77857971191406
2025-06-16,86.19,85.14,83.01,67.9,88.31,90.66,90.28,484.48,73.63,71.85,71.77,120.1565,273.92388916015625
2025-06-17,86.83,85.82,83.91,67.97,89.25,91.64,91.18,486.25,77.47,75.53,74.84,120.5048,293.2027893066406
2025-06-18,88.5,87.49,85.59,68.66,91.96,94.52,93.98,487.5,77.045,75.23,75.14,120.7305,320.7700500488281
2025-06-19,89.71,88.68,86.69,69.52,95.12,98.07,97.51,489.33,80.435,78.91,74.49000000000001,120.7305,205.7495574951172
2025-06-20,90.8,89.81,88.0,69.71,94.91,97.82,97.26,484.88,78.205,76.62,73.84,121.0408,284.8919982910156
2025-06-23,90.26,89.27,87.46,69.08,92.05,94.73,94.04,479.28,77.655,76.25,68.51,121.1694,540.163330078125
2025-06-24,83.54,82.55,80.74,62.91,83.9,86.85,86.16,434.02,69.12,68.13,64.37,120.3645,351.72052001953125
2025-06-25,82.09,81.1,79.29,62.29,84.7,87.73,87.11,426.87,69.23,68.35,64.92,120.3336,328.4731140136719
2025-06-26,80.85,79.86,78.05,61.22,84.38,86.99,86.37,430.21,69.85,69.08,65.24,119.6451,233.9731903076172
2025-06-27,80.58,79.59,77.78,61.34,85.43,87.98,87.36,421.48,69.165,68.38,65.52,119.659,231.2438201904297
2025-06-30,80.19,79.2,77.39,61.72,84.47,87.11,86.49,423.85,68.16,67.49,65.11,119.4088,147.65321350097656
2025-07-01,80.33,79.36,77.65,61.98,83.88,87.06,86.44,412.74,68.71,66.97,65.45,119.3436,189.46420288085938
2025-07-02,80.68,80.1,78.26,62.02,84.73,88.6,88.0,415.54,69.85,67.72,67.45,119.3037,95.84282684326172
2025-07-03,80.62,80.19,78.83,62.56,85.6,89.65,88.78,412.71,71.14,68.74,67.0,119.2382,96.75885009765625
2025-07-04,81.11,80.68,79.32,62.53,85.17,89.1,88.31,413.65,70.73,68.37,67.465,119.2382,156.76760864257812
2025-07-07,80.61,80.11,78.42,62.1,86.12,90.21,89.4,414.05,71.3,69.08,67.93,119.6201,115.55469512939453
2025-07-08,80.49,79.99,78.3,63.15,86.07,89.76,88.96,423.16,72.045,69.975,68.33,119.8371,151.7206573486328
2025-07-09,81.89,81.39,79.7,64.5,88.03,91.84,91.04,431.03,72.54,70.38,68.38,119.7311,136.29527282714844
2025-07-10,80.8,80.3,78.61,63.67,86.74,90.43,89.46,429.44,70.585,68.85,66.57,119.8343,146.05677795410156
2025-07-11,79.79,79.29,77.6,62.92,85.71,89.68,88.33,415.88,72.63,70.52,68.45,119.9214,134.5205078125
2025-07-14,81.34,80.84,79.15,64.36,88.42,92.57,91.08,414.53,71.455,69.47,66.98,120.2209,107.62855529785156
2025-07-15,79.37,78.87,77.18,62.88,86.03,89.76,88.35,410.37,71.1,69.12,66.52,120.5105,166.55368041992188
2025-07-16,79.7,79.2,77.51,62.75,86.2,89.99,88.68,411.73,70.01,68.09,66.38,120.4175,177.89715576171875
2025-07-17,79.58,79.08,77.39,61.67,86.19,90.44,89.22,407.34,70.955,69.14,67.54,120.6384,155.00750732421875
2025-07-18,79.92,79.42,77.73,61.63,89.25,93.88,92.7,415.95,71.28,69.55,67.34,120.356,140.04351806640625
2025-07-21,79.19,78.69,77.0,61.13,87.31,91.89,91.0,415.78,70.525,68.93,67.2,119.9961,144.323486328125
2025-07-22,78.58,78.08,76.39,60.4,88.17,92.47,91.75,412.31,69.79,68.35,66.21,119.681,118.55506134033203
2025-07-23,77.76,77.26,75.57,60.51,87.36,90.89,90.09,410.95,69.7,68.23,65.25,119.5697,142.94383239746094
2025-07-24,78.64,78.14,76.45,61.43,88.11,91.63,90.71,414.49,70.795,69.53,66.03,119.5664,199.4794464111328
2025-07-25,78.72,78.22,76.53,62.01,87.54,91.61,90.56,416.49,69.56,68.74,66.11,119.9857,122.90444946289062
2025-07-28,78.42,77.92,76.23,61.78,86.93,90.89,89.58,411.79,70.305,69.62,66.71,120.6149,142.25750732421875
2025-07-29,79.99,79.49,77.8,63.06,88.16,91.75,90.35,417.54,71.48,70.84,69.21,120.9674,126.91829681396484
2025-07-30,82.22,81.72,80.03,65.18,89.47,92.84,91.3,426.68,73.555,72.97,70.0,121.4042,219.11924743652344
2025-07-31,82.9,82.4,80.71,65.54,90.01,93.5,91.74,425.22,72.7,71.9,69.26,121.721,176.5133819580078
2025-08-01,81.96,81.46,79.77,64.88,89.0,92.68,90.88,427.22,71.39,69.75,67.33,121.2122,179.05772399902344
2025-08-04,79.68,79.18,77.49,62.75,86.38,89.41,87.68,415.7,70.84,69.27,66.29,120.9859,127.92436218261719
2025-08-05,79.52,79.02,77.33,62.64,86.73,89.41,87.77,417.29,69.48,68.0,65.16,120.9082,163.98849487304688
2025-08-06,79.43,78.93,77.24,62.36,85.96,87.91,86.27,418.58,69.475,68.29,64.35,120.5082,133.52000427246094
2025-08-07,78.42,77.92,76.23,61.22,84.77,86.27,84.83,413.77,67.73,66.75,63.88,120.5043,149.1587677001953
2025-08-08,79.19,78.6,76.45,61.16,84.1,86.64,85.2,412.87,67.86,66.7,63.88,120.3329,175.30010986328125
2025-08-11,79.82,79.23,77.08,60.91,83.27,85.45,84.21,401.78,68.07,66.81,63.96,120.6892,176.85165405273438
2025-08-12,81.12,80.53,78.38,61.08,84.67,86.89,85.61,407.49,67.58,66.34,63.17,120.2736,140.1470947265625
2025-08-13,80.07,79.43,77.01,60.31,82.81,84.95,83.73,400.06,66.91,65.45,62.65,120.13,159.25807189941406
2025-08-14,80.48,79.84,77.42,61.27,82.76,84.66,83.62,401.01,68.285,66.76,63.96,120.6446,173.33203125
2025-08-15,81.24,80.6,78.18,61.58,82.39,83.61,83.03,401.69,67.905,66.46,62.8,120.3377,139.0772705078125
2025-08-18,80.12,79.42,76.71,61.61,81.89,83.09,82.78,402.26,67.345,66.06,63.42,120.5622,224.327392578125
2025-08-19,80.35,79.65,76.94,61.75,82.35,83.85,83.43,398.99,67.32,66.16,62.35,120.7224,135.60218811035156
2025-08-20,81.45,80.77,78.16,61.8,83.57,85.35,85.02,401.39,67.555,66.74,63.21,120.7757,155.58047485351562
2025-08-21,82.48,81.77,79.01,62.71,83.93,85.66,85.36,400.98,68.125,67.33,63.52,121.0843,122.21123504638672
2025-08-22,83.4,82.69,79.93,63.03,85.07,86.78,86.49,403.05,68.23,67.7,64.06,120.2774,104.53862762451172
2025-08-25,82.09,81.54,79.6,63.75,85.39,86.89,86.6,409.89,67.83500000000001,67.59,64.8,120.4214,131.91641235351562
2025-08-26,81.67,81.12,79.18,64.48,85.38,86.72,86.31,408.95,67.44,67.48,63.25,120.5274,108.72760772705078
2025-08-27,79.9,79.35,77.41,63.31,84.03,85.53,85.08,403.94,67.27,67.61,64.15,120.7274,186.89584350585938
2025-08-28,80.79,80.24,78.3,63.75,84.13,85.75,85.25,405.55,67.45,67.79,64.6,120.2595,170.36062622070312
2025-08-29,81.92,81.37,79.43,64.19,84.59,86.33,85.83,414.4,67.85,67.97,64.01,120.2082,175.66647338867188
2025-09-01,81.8,81.25,79.31,64.47,84.44,86.22,85.62,409.0,68.91,68.12,64.80000000000001,120.2082,144.02468872070312
2025-09-02,83.27,82.72,80.78,64.94,85.9,88.12,87.42,411.35,69.43,68.78,65.59,120.6837,122.68769073486328
2025-09-03,83.56,82.95,80.73,65.3,87.41,89.85,89.15,407.62,67.71,67.51,63.97,120.5052,187.5038299560547
2025-09-04,82.05,81.45,79.28,63.82,85.64,88.45,87.73,396.92,67.32,67.09,63.48,120.7629,114.8867416381836
2025-09-05,82.24,81.6,79.24,64.14,85.53,88.49,87.51,396.98,65.36,65.17,61.87,120.1282,142.67613220214844
2025-09-08,81.87,81.23,78.87,63.92,85.21,88.18,87.13,397.04,66.42,66.25,62.26,120.0971,115.21974182128906
2025-09-09,82.22,81.58,79.22,64.23,85.97,88.86,87.97,404.28,66.695,66.91,62.63,120.1569,95.37142944335938
2025-09-10,82.48,81.84,79.48,64.89,85.8,88.82,87.88,403.62,67.135,67.34,63.67,120.1223,236.6119842529297
2025-09-11,82.69,82.05,79.69,64.99,86.52,89.18,88.2,401.3,66.295,66.4,62.37,119.9534,179.05772399902344
2025-09-12,82.02,81.4,79.14,64.43,85.4,88.0,86.87,394.2,67.74,67.56,62.69,120.0611,103.72032165527344
2025-09-15,83.94,83.32,81.06,65.57,86.31,88.78,87.64,402.44,67.6,67.49,63.3,119.5644,100.58403778076172
2025-09-16,84.02,83.4,81.14,65.44,86.71,88.98,87.93,403.55,68.555,68.26,64.52,119.1348,102.5166015625
2025-09-17,83.67,83.21,81.74,65.88,88.62,90.61,89.75,406.44,68.31,68.06,64.05,119.1582,142.6154327392578
2025-09-18,82.72,82.22,80.53,64.8,87.62,89.43,88.57,405.28,67.76,67.56,63.57,119.6616,96.48255157470703
2025-09-19,81.39,80.89,79.2,64.51,87.09,88.75,87.96,399.7,66.95,66.7,62.68,119.7858,140.83004760742188
2025-09-22,80.36,79.8,77.81,64.23,86.67,88.16,87.44,401.96,66.75,66.59,62.28,119.8152,131.45111083984375
2025-09-23,79.79,79.23,77.24,64.7,86.48,87.56,86.85,403.37,68.41,68.05,63.41,119.6202,115.3311767578125
2025-09-24,80.79,80.23,78.24,65.64,88.51,89.37,88.69,413.29,69.78,68.91,64.99,120.1707,117.20443725585938
2025-09-25,81.93,81.05,79.25,65.93,89.6,90.75,89.96,414.26,70.54,69.11,64.98,120.5419,148.87945556640625
2025-09-26,82.88,81.84,80.15,65.91,91.58,92.58,91.7,420.12,71.925,70.675,65.72,120.4349,159.19918823242188
2025-09-29,82.86,81.78,79.91,65.83,90.63,91.87,90.96,417.97,68.85,67.78,63.45,120.115,119.8833999633789
2025-09-30,80.28,79.2,77.33,64.1,87.18,88.78,87.96,407.18,67.94,66.74,62.37,120.1368,161.74647521972656
2025-10-01,80.8,79.57,76.94,63.97,87.94,90.2,89.26,399.45,67.425,65.65,61.78,120.1502,169.25527954101562
2025-10-02,79.21,78.13,76.23,63.11,87.17,89.5,88.59,392.52,66.005,64.39,60.48,120.4296,184.73934936523438
2025-10-03,78.11,77.05,75.25,63.18,85.6,88.01,87.16,384.65,66.485,64.82,60.88,120.0881,293.1475830078125
2025-10-06,79.21,78.05,75.75,63.42,85.94,87.83,87.3,390.85,67.295,65.58,61.69,120.2722,190.01344299316406
2025-10-07,80.12,78.93,76.47,63.57,86.03,87.7,87.17,395.83,67.09,65.35,61.73,120.4884,163.92086791992188
2025-10-08,80.64,79.45,76.99,63.41,86.75,88.55,88.08,399.63,68.33,66.36,62.55,120.7766,83.78089141845703
2025-10-09,81.47,80.3,77.55,63.46,87.54,89.56,89.0,395.18,67.655,65.88,61.51,121.0902,194.47560119628906
2025-10-10,80.65,79.46,76.59,62.58,86.67,88.23,87.78,383.73,64.74,63.22,58.9,121.1163,184.0315399169922
2025-10-13,79.85,78.69,75.95,61.47,85.76,86.89,86.25,375.19,64.255,63.39,59.49,121.1163,198.07106018066406
2025-10-14,79.52,78.36,75.62,59.85,84.97,85.63,84.85,364.66,62.58,61.93,58.7,121.1822,202.95819091796875
2025-10-15,79.66,78.5,75.76,59.41,84.78,85.23,84.43,370.6,62.61,62.09,58.27,120.8642,184.0315399169922
2025-10-16,80.14,78.98,76.24,59.32,84.4,84.7,83.7,373.53,61.78,61.82,57.46,120.6698,149.9516143798828
2025-10-17,78.76,77.59,74.81,58.33,83.37,83.37,82.32,365.27,60.905,61.01,57.54,120.7028,133.89991760253906
2025-10-20,78.78999999999999,77.62,74.84,58.27,83.7,83.905,82.685,365.56,60.57,60.82,57.52,120.6209,161.07623291015625
2025-10-21,78.82,77.65,74.87,58.21,84.03,84.44,83.05,365.85,61.085,61.2,57.24,120.8895,177.1075897216797
2025-10-22,79.81,78.59,75.58,59.42,85.62,86.13,84.86,369.58,62.205,62.39,58.5,120.8958,122.92731475830078
2025-10-23,82.32,81.1,78.09,61.94,89.44,90.52,89.1,388.09,65.53,65.7,61.79,120.9531,193.3405303955078
2025-10-24,84.02,82.82,79.91,62.82,91.47,92.91,91.45,397.88,66.645,66.68,61.5,120.9345,158.6478729248047
2025-10-27,83.65,82.51,79.91,62.6,91.64,93.42,92.01,389.06,66.0,66.04,61.31,120.7988,163.14573669433594
2025-10-28,83.26,82.08,79.26,61.6,92.16,93.7,91.89,386.49,64.195,64.23,60.15,120.6361,129.3971710205078
2025-10-29,83.46,82.28,79.46,61.91,89.93,92.15,90.26,376.69,65.37,65.18,60.48,120.5312,100.992919921875
2025-10-30,83.8,82.62,79.8,61.96,90.72,92.83,90.86,376.13,65.245,64.96,60.57,121.2832,132.0226287841797
2025-10-31,82.96,81.78,78.96,62.85,91.51,94.09,92.02,378.04,65.27,64.96,60.98,121.3859,158.78424072265625
2025-11-03,83.81,82.63,79.81,63.34,92.06,94.24,91.95,379.94,66.015,65.09,61.05,121.4512,236.6119842529297
2025-11-04,82.29,81.13,78.41,62.59,91.22,93.03,90.87,376.14,65.26,64.55,60.56,121.8271,107.0601806640625
2025-11-05,81.96,80.8,78.08,62.57,92.66,94.43,92.43,372.16,64.56,64.38,59.6,121.8482,140.9603271484375
2025-11-06,82.41,81.25,78.53,62.3,92.8,94.8,92.85,369.1,63.66,63.33,59.43,121.6948,82.0813217163086
2025-11-07,83.04,81.88,79.16,62.77,94.85,97.15,95.19,368.24,63.61,63.57,59.75,121.388,99.21167755126953
2025-11-10,83.96,82.8,80.08,62.83,94.06,95.83,94.06,366.8,62.5,63.46,60.13,121.2984,105.160888671875
2025-11-11,84.38,83.15,80.06,62.26,94.48,96.48,94.51,365.56,64.315,65.2,61.04,121.2984,104.4241943359375
2025-11-12,84.86,83.79,81.48,63.09,96.95,98.45,96.48,368.16,62.0,62.89,58.49,121.0458,77.42227935791016
2025-11-13,82.6,81.53,79.22,61.4,94.0,94.69,92.97,355.12,62.195,63.14,58.69,120.7725,71.02971649169922
2025-11-14,84.46,83.15,80.31,62.27,95.29,95.02,93.35,359.76,63.685,64.41,60.09,120.9666,81.59033203125
2025-11-17,84.63,83.32,80.48,61.96,95.72,95.43,93.64,358.84,63.66,64.33,59.91,121.1146,111.8166275024414
2025-11-18,84.04,82.73,79.89,61.53,97.34,96.81,94.7,352.26,63.545,64.12,60.74,121.2127,81.25166320800781
2025-11-19,82.34,81.03,78.17,61.9,100.5,99.49,97.07,352.06,63.35,63.38,59.44,121.4978,59.47159194946289
2025-11-20,80.73,79.42,76.56,61.92,99.1,97.33,95.01,349.56,63.535,63.52,59.14,121.6889,84.79268646240234
2025-11-21,80.32,79.01,76.15,60.57,92.54,91.44,88.71,346.94,62.38,62.34,58.06,121.8653,163.00860595703125
2025-11-24,80.24,78.93,76.07,60.43,90.17,88.52,86.68,347.97,63.665,62.8,58.84,121.9171,173.25144958496094
2025-11-25,80.57,79.26,76.4,60.16,89.79,88.12,86.84,346.9,62.835,62.1,57.95,121.6335,188.14927673339844
2025-11-26,82.47,81.16,78.3,59.69,87.93,86.41,85.33,341.53,63.55,62.49,58.65,121.2437,118.30599212646484
2025-11-27,82.76,81.44,78.52,60.24,87.55,86.49,85.41,344.55,64.28,63.23,58.873333333333335,121.2437,181.4025115966797
2025-11-28,83.16,81.86,79.04,60.85,89.1,87.81,87.06,349.54,64.435,63.57,59.09666666666666,121.0527,151.36514282226562
2025-12-01,83.79,82.51,79.78,60.85,89.56,87.8,86.97,343.69,64.22,63.05,59.32,120.9862,149.9516143798828
2025-12-02,83.65,82.55,80.7,60.53,88.86,86.96,86.13,344.75,64.18,62.97,58.64,121.1467,110.011474609375
2025-12-03,81.79,80.8,79.51,59.96,87.84,85.67,84.92,340.35,64.41,63.21,58.95,120.7336,106.47539520263672
2025-12-04,81.05,80.04,78.67,59.65,87.65,85.69,85.06,340.43,64.355,63.24,59.67,120.6766,154.6261444091797
2025-12-05,80.95,79.94,78.57,60.05,87.76,85.89,85.33,346.91,64.635,63.82,60.08,120.6863,150.29798889160156
2025-12-08,81.58,80.6,79.38,60.91,88.27,86.63,86.2,350.71,63.77,62.92,58.88,120.776,110.63585662841797
2025-12-09,80.55,79.45,77.63,59.97,86.45,84.5,84.18,340.03,62.815,62.05,58.25,120.6832,104.47801208496094
2025-12-10,80.52,79.42,77.59,59.58,85.67,83.64,83.37,337.27,62.58,61.56,58.46,120.6752,95.6698226928711
2025-12-11,80.77,79.63,77.61,58.91,84.42,82.58,82.31,334.42,61.985,61.01,57.6,119.98,142.22116088867188
2025-12-12,80.31,79.25,77.61,58.26,84.82,82.8,82.54,334.61,62.085,60.93,57.44,120.1442,175.30010986328125
2025-12-15,80.28,78.52,77.43,57.97,83.65,81.6,81.34,335.67,61.395,60.42,56.82,119.9561,202.24098205566406
2025-12-16,77.48,75.72,74.64,57.29,81.94,80.08,79.85,332.14,60.2,59.09,55.27,119.8902,145.1220245361328
2025-12-17,76.13,74.53,74.27,56.95,81.15,79.39,79.1,338.08,60.87,60.01,55.94,120.155,125.1149673461914
2025-12-18,76.13,74.63,74.15,57.12,82.14,80.23,80.07,343.31,60.925,60.26,56.15,120.0528,209.34442138671875
2025-12-19,74.83,73.56,73.15,56.67,80.88,78.92,78.76,336.98,61.165,60.3,56.66,120.1652,100.20222473144531
2025-12-22,76.05,74.61,73.33,57.51,81.31,79.3,79.26,341.97,62.455,61.88,58.01,119.9912,106.6277084350586
2025-12-23,76.0,74.56,73.28,57.75,81.94,79.87,79.83,346.14,63.07,62.155,58.38,119.7057,97.63357543945312
2025-12-24,75.93,74.49,73.21,57.48,83.27,81.09,81.05,345.47,63.515,62.85,58.5,119.4372,134.29327392578125
2025-12-25,76.025,74.515,72.895,57.59,82.91,80.825,80.785,345.28,63.178333333333335,62.553333333333335,58.36,119.4372,147.22523498535156
2025-12-26,76.12,74.54,72.58,57.7,82.55,80.56,80.52,345.09,62.84166666666667,62.25666666666667,58.22,119.4723,144.02468872070312
2025-12-29,75.2,73.6,71.54,56.7,81.35,79.38,79.34,338.81,62.505,61.96,58.08,119.5899,62.946659088134766
2025-12-30,75.4,73.8,71.74,57.21,81.78,79.74,79.7,341.39,62.51,61.95,57.95,119.4939,218.8921356201172
2025-12-31,75.41,73.81,71.75,56.96,82.07,80.28,80.24,342.35,62.555,61.9,57.42,119.7456,161.7602081298828
2026-01-01,74.69,73.195,71.66,56.66,81.6,79.84,79.775,341.47,61.765,60.98,57.370000000000005,119.7456,164.1797332763672
2026-01-02,73.97,72.58,71.57,56.36,81.13,79.4,79.31,340.59,60.975,60.06,57.32,119.6059,175.08287048339844
2026-01-05,72.78,71.36,70.2,55.3,80.26,78.1,77.95,334.7,62.955,61.55,58.32,119.6192,263.894287109375
2026-01-06,73.28,72.57,71.21,56.74,81.9,79.56,79.49,344.02,62.915,61.59,57.13,119.7807,255.32977294921875
2026-01-07,71.22,70.58,69.56,56.51,80.36,77.33,77.26,345.06,61.89,60.4,55.99,119.8719,242.22332763671875
2026-01-08,71.85,71.16,69.91,57.42,79.76,77.11,77.01,338.22,62.93,61.22,57.76,120.0904,267.4366760253906
2026-01-09,73.69,73.03,71.94,58.57,81.71,79.58,79.53,343.11,65.475,63.73,59.12,120.2215,131.62521362304688
2026-01-12,73.56,72.9,71.81,59.32,81.74,79.98,79.93,339.72,65.42,63.6,59.5,119.9958,186.33192443847656
2026-01-13,74.11,73.45,72.36,59.63,82.75,81.31,81.26,348.22,68.565,65.89,61.15,120.1401,167.4221954345703
2026-01-14,74.18,73.42,71.84,59.48,83.84,82.47,82.42,361.26,68.79,66.0,62.02,119.9537,119.8833999633789
2026-01-15,73.22,72.55,71.4,58.81,83.29,81.77,81.72,361.92,66.31,63.7,59.19,119.9951,152.97825622558594
2026-01-16,72.61,71.76,70.44,58.19,82.86,81.69,81.64,361.48,67.76,64.65,59.44,120.0838,194.85691833496094
2026-01-19,72.28,71.95,70.6,58.13,83.28,82.11,82.06,363.32,67.305,64.25,59.89,120.0838,191.91197204589844
2026-01-20,72.69,72.36,70.99,58.21,83.22,82.53,82.48,359.68,68.0,64.81,60.34,119.4455,251.4282989501953
2026-01-21,73.55,73.22,71.85,59.35,84.29,83.93,83.88,366.17,67.43,65.11,60.62,119.3431,180.3575897216797
2026-01-22,73.97,73.64,72.27,60.26,85.12,85.38,85.33,377.86,65.78,64.4,59.36,119.1962,133.7183380126953
2026-01-23,74.1,73.5,70.76,60.27,84.19,84.16,84.12,385.65,68.265,65.75,61.07,118.8976,193.18576049804688
2026-01-26,74.38,73.88,71.64,61.19,85.37,85.79,85.75,400.29,67.815,65.63,60.63,118.0525,80.7943344116211
2026-01-27,72.83,72.35,70.21,60.66,83.65,84.04,84.0,384.89,69.085,67.08,62.39,117.4523,206.27711486816406
2026-01-28,75.01,74.54,72.46,62.48,85.69,86.7,86.57,399.64,70.0,68.13,63.21,117.5117,134.1356658935547
2026-01-29,76.22,75.75,73.67,63.79,87.57,88.6,88.46,413.95,72.355,71.07,65.42,117.4396,177.5683135986328
2026-01-30,75.9,75.44,73.43,63.85,87.65,88.81,88.63,413.89,72.705,71.42,65.21,117.8996,161.4616241455078
2026-02-02,72.92,72.54,70.93,62.5,85.86,87.39,86.69,400.03,68.77,66.32,62.14,118.3609,109.20553588867188
2026-02-03,73.21,72.82,71.15,63.03,85.16,86.72,85.73,405.92,69.69,66.97,63.21,117.9764,141.4619598388672
2026-02-04,75.24,74.68,72.95,64.56,86.69,88.3,87.06,418.43,69.815,67.43,65.14,118.2602,239.60707092285156
2026-02-05,75.62,75.06,73.33,65.22,87.07,88.56,87.32,427.16,69.7,67.52,63.29,118.5034,139.28529357910156
2026-02-06,75.8,75.24,73.51,64.98,87.74,89.53,88.0,424.36,71.4,68.56,63.55,118.2407,114.82037353515625
2026-02-09,77.12,76.56,74.83,64.45,86.49,88.18,86.64,416.67,72.105,69.09,64.36,117.6392,114.00806427001953
2026-02-10,78.97,78.41,76.68,66.08,87.46,88.82,87.4,427.46,72.04,68.86,63.96,117.5216,59.25881576538086
2026-02-11,78.31,77.63,75.55,66.97,88.46,89.72,88.3,434.16,73.12,70.08,64.63,117.4601,107.04885864257812
2026-02-12,77.89,77.16,74.83,66.42,88.58,89.69,88.37,437.55,70.875,68.03,62.84,117.5376,125.64912414550781
2026-02-13,74.57,73.85,71.58,64.47,86.4,87.47,86.18,430.98,70.33,67.66,62.89,117.5258,116.78925323486328
2026-02-16,74.47,73.8,71.79,64.58,85.77,87.04,85.76,429.07,71.235,68.54,62.61,117.5258,72.96404266357422
2026-02-17,75.9,75.23,73.22,65.05666666666667,87.47,88.65,87.41,434.3833333333333,69.74,67.21,62.33,117.7375,76.59115600585938
2026-02-18,77.33,76.66,74.65,65.53333333333333,89.17,90.26,89.06,439.69666666666666,71.465,69.56,65.19,117.8426,122.04196166992188
2026-02-19,78.76,78.09,76.08,66.01,90.87,91.87,90.71,445.01,72.755,71.63,66.43,118.2354,113.25018310546875
2026-02-20,80.68,79.95,77.63,66.5,92.54,93.14,92.09,439.28,72.155,71.28,66.39,117.9917,153.67581176757812
2026-02-23,80.48,79.75,77.43,66.55,91.84,91.86,91.02,425.95,72.77,72.45,66.26,117.9395,139.28529357910156
2026-02-24,82.11,81.35,78.89,66.42,92.69,92.6,91.88,418.91,71.33,71.18,65.45,117.9463,197.6758270263672
2026-02-25,82.22,81.46,79.0,66.7,92.55,92.41,91.7,427.3,70.785,70.74,65.22,117.769,138.26370239257812
2026-02-26,82.5,81.74,79.28,68.35,92.72,92.61,91.9,430.57,72.04,72.42,65.21,117.9042,167.0202178955078
2026-02-27,82.85,82.09,79.63,68.89,93.57,92.88,92.26,430.7,70.94,72.39,67.02,117.8223,197.11146545410156
2026-03-02,93.54,92.78,90.32,79.36,116.46,115.15,114.53,501.21,77.815,78.03,71.23,118.667,579.2467651367188
2026-03-03,99.54,98.65,95.56,82.26,130.23,125.87,125.25,525.62,84.87,83.65,74.56,119.4341,384.1571044921875
2026-03-04,105.56,104.35,99.68,86.59,231.42,145.14,140.6,566.79,81.155,80.69,74.66,119.0705,483.8581848144531
2026-03-05,112.18,110.97,106.3,86.91,201.19,153.21,152.21,596.68,87.705,84.7,81.01,119.5683,458.6632385253906
2026-03-06,123.28,121.36,113.16,88.12,160.57,155.76,154.76,652.09,94.195,90.92,90.9,119.491,334.13726806640625
2026-03-09,149.42,147.5,139.3,112.9,188.2,185.43,184.43,882.38,102.84,99.8,94.77,119.5151,413.25103759765625
2026-03-10,129.34,127.42,119.22,96.24,142.99,161.4,160.4,682.71,87.935,88.69,83.45,118.7255,492.9416198730469
2026-03-11,131.93,129.17,116.76,101.63,157.27,164.56,163.56,670.93,91.46,92.41,87.25,119.2885,385.18231201171875
2026-03-12,146.38,143.44,130.12,113.33,209.52,194.5,193.5,782.41,100.655,99.24,95.73,119.8227,296.0642395019531
2026-03-13,152.7,149.76,136.44,122.47,199.5,192.48,191.48,741.63,103.47,102.02,98.71,120.5518,335.8101501464844
2026-03-16,156.42,153.48,140.16,127.97,201.42,190.93,189.93,770.5,103.695,102.92,93.5,120.097,229.9396209716797
2026-03-17,155.1,152.16,138.84,124.55,201.27,198.2,197.2,753.14,103.31,101.44,96.21,119.8328,399.67584228515625
2026-03-18,156.06,153.12,139.8,124.46,201.07,198.88,197.88,747.93,112.53,108.27,96.32,119.9276,353.0267639160156
2026-03-19,168.19,165.25,151.93,137.73,227.42,224.5,223.5,785.91,117.435,111.05,96.14,120.1802,388.6252746582031
2026-03-20,166.87,163.93,150.61,133.98,222.52,223.02,222.02,740.71,116.935,109.46,98.32,120.2757,309.2522888183594
2026-03-23,173.46,170.52,157.2,138.75,234.34,242.91,241.91,793.26,110.045,104.11,88.13,119.9371,315.4826354980469
2026-03-24,147.55,146.36,141.81,127.51,204.64,219.93,218.93,689.96,111.14,104.13,92.35,120.1295,334.602783203125
2026-03-25,136.79,135.6,131.05,117.62,182.19,205.62,204.62,637.83,109.58,101.35,92.32,120.1282,330.0565490722656
2026-03-26,133.22,132.03,127.48,129.12,200.54,216.56,215.56,662.85,117.485,109.05,94.48,120.389,278.6863708496094
